/*
Navicat MySQL Data Transfer

Source Server         : homestead
Source Server Version : 50725
Source Host           : 192.168.10.10:3306
Source Database       : laravel-shop

Target Server Type    : MYSQL
Target Server Version : 50725
File Encoding         : 65001

Date: 2019-07-09 18:27:04
*/

SET FOREIGN_KEY_CHECKS=0;

-- ----------------------------
-- Table structure for admin_menu
-- ----------------------------
DROP TABLE IF EXISTS `admin_menu`;
CREATE TABLE `admin_menu` (
  `id` int(10) unsigned NOT NULL AUTO_INCREMENT,
  `parent_id` int(11) NOT NULL DEFAULT '0',
  `order` int(11) NOT NULL DEFAULT '0',
  `title` varchar(50) COLLATE utf8mb4_unicode_ci NOT NULL,
  `icon` varchar(50) COLLATE utf8mb4_unicode_ci NOT NULL,
  `uri` varchar(50) COLLATE utf8mb4_unicode_ci DEFAULT NULL,
  `permission` varchar(255) COLLATE utf8mb4_unicode_ci DEFAULT NULL,
  `created_at` timestamp NULL DEFAULT NULL,
  `updated_at` timestamp NULL DEFAULT NULL,
  PRIMARY KEY (`id`)
) ENGINE=InnoDB AUTO_INCREMENT=16 DEFAULT CHARSET=utf8mb4 COLLATE=utf8mb4_unicode_ci;

-- ----------------------------
-- Records of admin_menu
-- ----------------------------
INSERT INTO `admin_menu` VALUES ('1', '0', '1', '首页', 'fa-bar-chart', '/', null, null, '2019-05-09 04:15:30');
INSERT INTO `admin_menu` VALUES ('2', '0', '9', '系统管理', 'fa-tasks', null, null, null, '2019-06-18 10:01:41');
INSERT INTO `admin_menu` VALUES ('3', '2', '10', '管理员', 'fa-users', 'auth/users', null, null, '2019-06-18 10:01:41');
INSERT INTO `admin_menu` VALUES ('4', '2', '11', '角色', 'fa-user', 'auth/roles', null, null, '2019-06-18 10:01:41');
INSERT INTO `admin_menu` VALUES ('5', '2', '12', '权限', 'fa-ban', 'auth/permissions', null, null, '2019-06-18 10:01:41');
INSERT INTO `admin_menu` VALUES ('6', '2', '13', '菜单', 'fa-bars', 'auth/menu', null, null, '2019-06-18 10:01:41');
INSERT INTO `admin_menu` VALUES ('7', '2', '14', '操作日志', 'fa-history', 'auth/logs', null, null, '2019-06-18 10:01:41');
INSERT INTO `admin_menu` VALUES ('8', '0', '2', '用户管理', 'fa-users', '/users', null, '2019-05-09 04:37:22', '2019-05-09 05:01:12');
INSERT INTO `admin_menu` VALUES ('9', '0', '3', '商品管理', 'fa-cubes', '/products', null, '2019-05-09 10:48:01', '2019-05-09 10:49:38');
INSERT INTO `admin_menu` VALUES ('10', '0', '6', '订单管理', 'fa-rmb', '/orders', null, '2019-05-17 02:58:14', '2019-06-18 10:01:40');
INSERT INTO `admin_menu` VALUES ('11', '0', '7', '优惠券管理', 'fa-tags', '/coupon_codes', null, '2019-06-12 08:19:36', '2019-06-18 10:01:40');
INSERT INTO `admin_menu` VALUES ('12', '0', '8', '类目管理', 'fa-bars', '/categories', null, '2019-06-17 04:14:29', '2019-06-18 10:01:40');
INSERT INTO `admin_menu` VALUES ('13', '9', '5', '众筹商品', 'fa-flag-checkered', '/crowdfunding_products', null, '2019-06-18 09:44:39', '2019-06-18 10:01:40');
INSERT INTO `admin_menu` VALUES ('14', '9', '4', '普通商品', 'fa-cubes', '/products', null, '2019-06-18 10:00:29', '2019-06-18 10:01:40');
INSERT INTO `admin_menu` VALUES ('15', '9', '0', '秒杀商品', 'fa-bars', '/seckill_products', null, '2019-07-05 10:11:43', '2019-07-05 10:11:43');

-- ----------------------------
-- Table structure for admin_operation_log
-- ----------------------------
DROP TABLE IF EXISTS `admin_operation_log`;
CREATE TABLE `admin_operation_log` (
  `id` int(10) unsigned NOT NULL AUTO_INCREMENT,
  `user_id` int(11) NOT NULL,
  `path` varchar(255) COLLATE utf8mb4_unicode_ci NOT NULL,
  `method` varchar(10) COLLATE utf8mb4_unicode_ci NOT NULL,
  `ip` varchar(255) COLLATE utf8mb4_unicode_ci NOT NULL,
  `input` text COLLATE utf8mb4_unicode_ci NOT NULL,
  `created_at` timestamp NULL DEFAULT NULL,
  `updated_at` timestamp NULL DEFAULT NULL,
  PRIMARY KEY (`id`),
  KEY `admin_operation_log_user_id_index` (`user_id`)
) ENGINE=InnoDB AUTO_INCREMENT=356 DEFAULT CHARSET=utf8mb4 COLLATE=utf8mb4_unicode_ci;

-- ----------------------------
-- Records of admin_operation_log
-- ----------------------------
INSERT INTO `admin_operation_log` VALUES ('1', '1', 'admin', 'GET', '192.168.10.1', '[]', '2019-06-17 03:59:11', '2019-06-17 03:59:11');
INSERT INTO `admin_operation_log` VALUES ('2', '1', 'admin', 'GET', '192.168.10.1', '[]', '2019-06-17 04:01:24', '2019-06-17 04:01:24');
INSERT INTO `admin_operation_log` VALUES ('3', '1', 'admin', 'GET', '192.168.10.1', '[]', '2019-06-17 04:03:37', '2019-06-17 04:03:37');
INSERT INTO `admin_operation_log` VALUES ('4', '1', 'admin', 'GET', '192.168.10.1', '[]', '2019-06-17 04:10:44', '2019-06-17 04:10:44');
INSERT INTO `admin_operation_log` VALUES ('5', '1', 'admin', 'GET', '192.168.10.1', '[]', '2019-06-17 04:10:48', '2019-06-17 04:10:48');
INSERT INTO `admin_operation_log` VALUES ('6', '1', 'admin/coupon_codes', 'GET', '192.168.10.1', '{\"_pjax\":\"#pjax-container\"}', '2019-06-17 04:10:56', '2019-06-17 04:10:56');
INSERT INTO `admin_operation_log` VALUES ('7', '1', 'admin/auth/logout', 'GET', '192.168.10.1', '{\"_pjax\":\"#pjax-container\"}', '2019-06-17 04:11:03', '2019-06-17 04:11:03');
INSERT INTO `admin_operation_log` VALUES ('8', '1', 'admin', 'GET', '192.168.10.1', '[]', '2019-06-17 04:11:18', '2019-06-17 04:11:18');
INSERT INTO `admin_operation_log` VALUES ('9', '1', 'admin', 'GET', '192.168.10.1', '{\"_pjax\":\"#pjax-container\"}', '2019-06-17 04:11:22', '2019-06-17 04:11:22');
INSERT INTO `admin_operation_log` VALUES ('10', '1', 'admin/users', 'GET', '192.168.10.1', '{\"_pjax\":\"#pjax-container\"}', '2019-06-17 04:11:27', '2019-06-17 04:11:27');
INSERT INTO `admin_operation_log` VALUES ('11', '1', 'admin/products', 'GET', '192.168.10.1', '{\"_pjax\":\"#pjax-container\"}', '2019-06-17 04:11:30', '2019-06-17 04:11:30');
INSERT INTO `admin_operation_log` VALUES ('12', '1', 'admin/products', 'GET', '192.168.10.1', '[]', '2019-06-17 04:12:07', '2019-06-17 04:12:07');
INSERT INTO `admin_operation_log` VALUES ('13', '1', 'admin/coupon_codes', 'GET', '192.168.10.1', '{\"_pjax\":\"#pjax-container\"}', '2019-06-17 04:12:16', '2019-06-17 04:12:16');
INSERT INTO `admin_operation_log` VALUES ('14', '1', 'admin/products', 'GET', '192.168.10.1', '{\"_pjax\":\"#pjax-container\"}', '2019-06-17 04:12:24', '2019-06-17 04:12:24');
INSERT INTO `admin_operation_log` VALUES ('15', '1', 'admin/auth/permissions', 'GET', '192.168.10.1', '{\"_pjax\":\"#pjax-container\"}', '2019-06-17 04:12:31', '2019-06-17 04:12:31');
INSERT INTO `admin_operation_log` VALUES ('16', '1', 'admin/products', 'GET', '192.168.10.1', '{\"_pjax\":\"#pjax-container\"}', '2019-06-17 04:12:34', '2019-06-17 04:12:34');
INSERT INTO `admin_operation_log` VALUES ('17', '1', 'admin/auth/menu', 'GET', '192.168.10.1', '{\"_pjax\":\"#pjax-container\"}', '2019-06-17 04:12:36', '2019-06-17 04:12:36');
INSERT INTO `admin_operation_log` VALUES ('18', '1', 'admin/auth/menu', 'POST', '192.168.10.1', '{\"parent_id\":\"0\",\"title\":\"\\u7c7b\\u76ee\\u7ba1\\u7406\",\"icon\":\"fa-bars\",\"uri\":\"\\/categories\",\"roles\":[null],\"permission\":null,\"_token\":\"gmPFfR3tqGB22Zcc2wCC0LBQRzZ1ScmcMuVsTLbJ\"}', '2019-06-17 04:14:28', '2019-06-17 04:14:28');
INSERT INTO `admin_operation_log` VALUES ('19', '1', 'admin/auth/menu', 'GET', '192.168.10.1', '[]', '2019-06-17 04:14:30', '2019-06-17 04:14:30');
INSERT INTO `admin_operation_log` VALUES ('20', '1', 'admin/auth/menu', 'POST', '192.168.10.1', '{\"_token\":\"gmPFfR3tqGB22Zcc2wCC0LBQRzZ1ScmcMuVsTLbJ\",\"_order\":\"[{\\\"id\\\":1},{\\\"id\\\":8},{\\\"id\\\":9},{\\\"id\\\":10},{\\\"id\\\":11},{\\\"id\\\":12},{\\\"id\\\":2,\\\"children\\\":[{\\\"id\\\":3},{\\\"id\\\":4},{\\\"id\\\":5},{\\\"id\\\":6},{\\\"id\\\":7}]}]\"}', '2019-06-17 04:14:38', '2019-06-17 04:14:38');
INSERT INTO `admin_operation_log` VALUES ('21', '1', 'admin/auth/menu', 'GET', '192.168.10.1', '{\"_pjax\":\"#pjax-container\"}', '2019-06-17 04:14:40', '2019-06-17 04:14:40');
INSERT INTO `admin_operation_log` VALUES ('22', '1', 'admin/auth/menu', 'GET', '192.168.10.1', '{\"_pjax\":\"#pjax-container\"}', '2019-06-17 04:14:58', '2019-06-17 04:14:58');
INSERT INTO `admin_operation_log` VALUES ('23', '1', 'admin/auth/menu', 'GET', '192.168.10.1', '[]', '2019-06-17 04:15:02', '2019-06-17 04:15:02');
INSERT INTO `admin_operation_log` VALUES ('24', '1', 'admin/categories', 'GET', '192.168.10.1', '{\"_pjax\":\"#pjax-container\"}', '2019-06-17 04:15:06', '2019-06-17 04:15:06');
INSERT INTO `admin_operation_log` VALUES ('25', '1', 'admin/categories/3', 'GET', '192.168.10.1', '{\"_pjax\":\"#pjax-container\"}', '2019-06-17 04:15:17', '2019-06-17 04:15:17');
INSERT INTO `admin_operation_log` VALUES ('26', '1', 'admin/categories/3', 'GET', '192.168.10.1', '[]', '2019-06-17 04:15:54', '2019-06-17 04:15:54');
INSERT INTO `admin_operation_log` VALUES ('27', '1', 'admin/categories/3/edit', 'GET', '192.168.10.1', '{\"_pjax\":\"#pjax-container\"}', '2019-06-17 04:16:00', '2019-06-17 04:16:00');
INSERT INTO `admin_operation_log` VALUES ('28', '1', 'admin/categories', 'GET', '192.168.10.1', '{\"_pjax\":\"#pjax-container\"}', '2019-06-17 04:16:33', '2019-06-17 04:16:33');
INSERT INTO `admin_operation_log` VALUES ('29', '1', 'admin/categories/create', 'GET', '192.168.10.1', '{\"_pjax\":\"#pjax-container\"}', '2019-06-17 04:16:37', '2019-06-17 04:16:37');
INSERT INTO `admin_operation_log` VALUES ('30', '1', 'admin/categories/create', 'GET', '192.168.10.1', '[]', '2019-06-17 04:17:29', '2019-06-17 04:17:29');
INSERT INTO `admin_operation_log` VALUES ('31', '1', 'admin/categories/create', 'GET', '192.168.10.1', '[]', '2019-06-17 04:18:39', '2019-06-17 04:18:39');
INSERT INTO `admin_operation_log` VALUES ('32', '1', 'admin/categories/create', 'GET', '192.168.10.1', '[]', '2019-06-17 04:19:38', '2019-06-17 04:19:38');
INSERT INTO `admin_operation_log` VALUES ('33', '1', 'admin/api/categories', 'GET', '192.168.10.1', '{\"q\":\"1\"}', '2019-06-17 04:19:54', '2019-06-17 04:19:54');
INSERT INTO `admin_operation_log` VALUES ('34', '1', 'admin/api/categories', 'GET', '192.168.10.1', '{\"q\":\"2\"}', '2019-06-17 04:19:57', '2019-06-17 04:19:57');
INSERT INTO `admin_operation_log` VALUES ('35', '1', 'admin/api/categories', 'GET', '192.168.10.1', '{\"q\":\"3\"}', '2019-06-17 04:20:00', '2019-06-17 04:20:00');
INSERT INTO `admin_operation_log` VALUES ('36', '1', 'admin/api/categories', 'GET', '192.168.10.1', '{\"q\":\"0\"}', '2019-06-17 04:20:19', '2019-06-17 04:20:19');
INSERT INTO `admin_operation_log` VALUES ('37', '1', 'admin/api/categories', 'GET', '192.168.10.1', '{\"q\":\"e\"}', '2019-06-17 04:20:46', '2019-06-17 04:20:46');
INSERT INTO `admin_operation_log` VALUES ('38', '1', 'admin/api/categories', 'GET', '192.168.10.1', '{\"q\":\"er\"}', '2019-06-17 04:20:46', '2019-06-17 04:20:46');
INSERT INTO `admin_operation_log` VALUES ('39', '1', 'admin/api/categories', 'GET', '192.168.10.1', '{\"q\":\"\\u8033\\u673a\"}', '2019-06-17 04:20:47', '2019-06-17 04:20:47');
INSERT INTO `admin_operation_log` VALUES ('40', '1', 'admin/categories/create', 'GET', '192.168.10.1', '[]', '2019-06-17 04:22:58', '2019-06-17 04:22:58');
INSERT INTO `admin_operation_log` VALUES ('41', '1', 'admin/api/categories', 'GET', '192.168.10.1', '{\"q\":\"\\u8033\\u673a\"}', '2019-06-17 04:23:05', '2019-06-17 04:23:05');
INSERT INTO `admin_operation_log` VALUES ('42', '1', 'admin/categories', 'GET', '192.168.10.1', '{\"_pjax\":\"#pjax-container\"}', '2019-06-18 03:08:59', '2019-06-18 03:08:59');
INSERT INTO `admin_operation_log` VALUES ('43', '1', 'admin/categories/3/edit', 'GET', '192.168.10.1', '{\"_pjax\":\"#pjax-container\"}', '2019-06-18 03:09:10', '2019-06-18 03:09:10');
INSERT INTO `admin_operation_log` VALUES ('44', '1', 'admin/categories', 'GET', '192.168.10.1', '{\"_pjax\":\"#pjax-container\"}', '2019-06-18 03:14:35', '2019-06-18 03:14:35');
INSERT INTO `admin_operation_log` VALUES ('45', '1', 'admin/categories/10/edit', 'GET', '192.168.10.1', '{\"_pjax\":\"#pjax-container\"}', '2019-06-18 03:23:02', '2019-06-18 03:23:02');
INSERT INTO `admin_operation_log` VALUES ('46', '1', 'admin/categories', 'GET', '192.168.10.1', '{\"_pjax\":\"#pjax-container\"}', '2019-06-18 03:23:14', '2019-06-18 03:23:14');
INSERT INTO `admin_operation_log` VALUES ('47', '1', 'admin/products', 'GET', '192.168.10.1', '{\"_pjax\":\"#pjax-container\"}', '2019-06-18 03:29:09', '2019-06-18 03:29:09');
INSERT INTO `admin_operation_log` VALUES ('48', '1', 'admin/products/create', 'GET', '192.168.10.1', '{\"_pjax\":\"#pjax-container\"}', '2019-06-18 03:35:04', '2019-06-18 03:35:04');
INSERT INTO `admin_operation_log` VALUES ('49', '1', 'admin/api/categories', 'GET', '192.168.10.1', '{\"is_directory\":\"0\",\"q\":\"erji\"}', '2019-06-18 03:35:27', '2019-06-18 03:35:27');
INSERT INTO `admin_operation_log` VALUES ('50', '1', 'admin/api/categories', 'GET', '192.168.10.1', '{\"is_directory\":\"0\",\"q\":\"e\"}', '2019-06-18 03:35:29', '2019-06-18 03:35:29');
INSERT INTO `admin_operation_log` VALUES ('51', '1', 'admin/api/categories', 'GET', '192.168.10.1', '{\"is_directory\":\"0\",\"q\":\"\\u8033\\u673a\"}', '2019-06-18 03:35:29', '2019-06-18 03:35:29');
INSERT INTO `admin_operation_log` VALUES ('52', '1', 'admin/auth/menu', 'GET', '192.168.10.1', '{\"_pjax\":\"#pjax-container\"}', '2019-06-18 09:42:23', '2019-06-18 09:42:23');
INSERT INTO `admin_operation_log` VALUES ('53', '1', 'admin/auth/menu', 'POST', '192.168.10.1', '{\"parent_id\":\"0\",\"title\":\"\\u4f17\\u7b79\\u5546\\u54c1\\u7ba1\\u7406\",\"icon\":\"fa-flag-checkered\",\"uri\":\"\\/crowdfunding_products\",\"roles\":[null],\"permission\":null,\"_token\":\"WOx5uBBcYYLlU5R0HIvkEWFmwFu9hG4K4Q3izfAk\"}', '2019-06-18 09:44:38', '2019-06-18 09:44:38');
INSERT INTO `admin_operation_log` VALUES ('54', '1', 'admin/auth/menu', 'GET', '192.168.10.1', '[]', '2019-06-18 09:44:41', '2019-06-18 09:44:41');
INSERT INTO `admin_operation_log` VALUES ('55', '1', 'admin/auth/menu', 'GET', '192.168.10.1', '{\"_pjax\":\"#pjax-container\"}', '2019-06-18 09:45:04', '2019-06-18 09:45:04');
INSERT INTO `admin_operation_log` VALUES ('56', '1', 'admin/auth/menu', 'GET', '192.168.10.1', '[]', '2019-06-18 09:45:24', '2019-06-18 09:45:24');
INSERT INTO `admin_operation_log` VALUES ('57', '1', 'admin/auth/menu', 'POST', '192.168.10.1', '{\"_token\":\"WOx5uBBcYYLlU5R0HIvkEWFmwFu9hG4K4Q3izfAk\",\"_order\":\"[{\\\"id\\\":1},{\\\"id\\\":8},{\\\"id\\\":9},{\\\"id\\\":10},{\\\"id\\\":11},{\\\"id\\\":12},{\\\"id\\\":13},{\\\"id\\\":2,\\\"children\\\":[{\\\"id\\\":3},{\\\"id\\\":4},{\\\"id\\\":5},{\\\"id\\\":6},{\\\"id\\\":7}]}]\"}', '2019-06-18 09:45:32', '2019-06-18 09:45:32');
INSERT INTO `admin_operation_log` VALUES ('58', '1', 'admin/auth/menu', 'GET', '192.168.10.1', '{\"_pjax\":\"#pjax-container\"}', '2019-06-18 09:45:34', '2019-06-18 09:45:34');
INSERT INTO `admin_operation_log` VALUES ('59', '1', 'admin/auth/menu', 'GET', '192.168.10.1', '[]', '2019-06-18 09:45:46', '2019-06-18 09:45:46');
INSERT INTO `admin_operation_log` VALUES ('60', '1', 'admin/crowdfunding_products', 'GET', '192.168.10.1', '{\"_pjax\":\"#pjax-container\"}', '2019-06-18 09:45:52', '2019-06-18 09:45:52');
INSERT INTO `admin_operation_log` VALUES ('61', '1', 'admin/crowdfunding_products', 'GET', '192.168.10.1', '[]', '2019-06-18 09:46:42', '2019-06-18 09:46:42');
INSERT INTO `admin_operation_log` VALUES ('62', '1', 'admin/auth/menu', 'GET', '192.168.10.1', '{\"_pjax\":\"#pjax-container\"}', '2019-06-18 09:55:36', '2019-06-18 09:55:36');
INSERT INTO `admin_operation_log` VALUES ('63', '1', 'admin/auth/menu/9/edit', 'GET', '192.168.10.1', '{\"_pjax\":\"#pjax-container\"}', '2019-06-18 09:55:45', '2019-06-18 09:55:45');
INSERT INTO `admin_operation_log` VALUES ('64', '1', 'admin/crowdfunding_products', 'GET', '192.168.10.1', '{\"_pjax\":\"#pjax-container\"}', '2019-06-18 09:56:29', '2019-06-18 09:56:29');
INSERT INTO `admin_operation_log` VALUES ('65', '1', 'admin/auth/menu', 'GET', '192.168.10.1', '{\"_pjax\":\"#pjax-container\"}', '2019-06-18 09:56:32', '2019-06-18 09:56:32');
INSERT INTO `admin_operation_log` VALUES ('66', '1', 'admin/auth/menu/13/edit', 'GET', '192.168.10.1', '{\"_pjax\":\"#pjax-container\"}', '2019-06-18 09:56:37', '2019-06-18 09:56:37');
INSERT INTO `admin_operation_log` VALUES ('67', '1', 'admin/auth/menu/13', 'PUT', '192.168.10.1', '{\"parent_id\":\"9\",\"title\":\"\\u4f17\\u7b79\\u5546\\u54c1\\u7ba1\\u7406\",\"icon\":\"fa-flag-checkered\",\"uri\":\"\\/crowdfunding_products\",\"roles\":[null],\"permission\":null,\"_token\":\"WOx5uBBcYYLlU5R0HIvkEWFmwFu9hG4K4Q3izfAk\",\"_method\":\"PUT\",\"_previous_\":\"http:\\/\\/shop.test\\/admin\\/auth\\/menu\"}', '2019-06-18 09:56:55', '2019-06-18 09:56:55');
INSERT INTO `admin_operation_log` VALUES ('68', '1', 'admin/auth/menu', 'GET', '192.168.10.1', '[]', '2019-06-18 09:56:57', '2019-06-18 09:56:57');
INSERT INTO `admin_operation_log` VALUES ('69', '1', 'admin/auth/menu/9/edit', 'GET', '192.168.10.1', '{\"_pjax\":\"#pjax-container\"}', '2019-06-18 09:57:19', '2019-06-18 09:57:19');
INSERT INTO `admin_operation_log` VALUES ('70', '1', 'admin/auth/menu/9', 'PUT', '192.168.10.1', '{\"parent_id\":\"9\",\"title\":\"\\u5546\\u54c1\\u7ba1\\u7406\",\"icon\":\"fa-cubes\",\"uri\":\"\\/products\",\"roles\":[null],\"permission\":null,\"_token\":\"WOx5uBBcYYLlU5R0HIvkEWFmwFu9hG4K4Q3izfAk\",\"_method\":\"PUT\",\"_previous_\":\"http:\\/\\/shop.test\\/admin\\/auth\\/menu\"}', '2019-06-18 09:57:28', '2019-06-18 09:57:28');
INSERT INTO `admin_operation_log` VALUES ('71', '1', 'admin/auth/menu', 'GET', '192.168.10.1', '{\"_pjax\":\"#pjax-container\"}', '2019-06-18 09:57:56', '2019-06-18 09:57:56');
INSERT INTO `admin_operation_log` VALUES ('72', '1', 'admin/auth/menu/9/edit', 'GET', '192.168.10.1', '{\"_pjax\":\"#pjax-container\"}', '2019-06-18 09:58:11', '2019-06-18 09:58:11');
INSERT INTO `admin_operation_log` VALUES ('73', '1', 'admin/auth/menu/9', 'PUT', '192.168.10.1', '{\"parent_id\":\"9\",\"title\":\"\\u666e\\u901a\\u5546\\u54c1\",\"icon\":\"fa-cubes\",\"uri\":\"\\/products\",\"roles\":[null],\"permission\":null,\"_token\":\"7Jq4YxiRIB0Qyo0Eoy9Cen5Bzv8dTD7Q6TIL4E54\",\"_method\":\"PUT\",\"_previous_\":\"http:\\/\\/shop.test\\/admin\\/auth\\/menu\"}', '2019-06-18 09:58:49', '2019-06-18 09:58:49');
INSERT INTO `admin_operation_log` VALUES ('74', '1', 'admin/auth/menu/9/edit', 'GET', '192.168.10.1', '[]', '2019-06-18 09:58:55', '2019-06-18 09:58:55');
INSERT INTO `admin_operation_log` VALUES ('75', '1', 'admin/auth/menu/9', 'PUT', '192.168.10.1', '{\"parent_id\":\"0\",\"title\":\"\\u5546\\u54c1\\u7ba1\\u7406\",\"icon\":\"fa-cubes\",\"uri\":\"\\/products\",\"roles\":[null],\"permission\":null,\"_token\":\"7Jq4YxiRIB0Qyo0Eoy9Cen5Bzv8dTD7Q6TIL4E54\",\"_method\":\"PUT\"}', '2019-06-18 09:59:07', '2019-06-18 09:59:07');
INSERT INTO `admin_operation_log` VALUES ('76', '1', 'admin/auth/menu', 'GET', '192.168.10.1', '[]', '2019-06-18 09:59:10', '2019-06-18 09:59:10');
INSERT INTO `admin_operation_log` VALUES ('77', '1', 'admin/auth/menu/13/edit', 'GET', '192.168.10.1', '{\"_pjax\":\"#pjax-container\"}', '2019-06-18 09:59:16', '2019-06-18 09:59:16');
INSERT INTO `admin_operation_log` VALUES ('78', '1', 'admin/auth/menu/13', 'PUT', '192.168.10.1', '{\"parent_id\":\"9\",\"title\":\"\\u4f17\\u7b79\\u5546\\u54c1\",\"icon\":\"fa-flag-checkered\",\"uri\":\"\\/crowdfunding_products\",\"roles\":[null],\"permission\":null,\"_token\":\"7Jq4YxiRIB0Qyo0Eoy9Cen5Bzv8dTD7Q6TIL4E54\",\"_method\":\"PUT\",\"_previous_\":\"http:\\/\\/shop.test\\/admin\\/auth\\/menu\"}', '2019-06-18 09:59:23', '2019-06-18 09:59:23');
INSERT INTO `admin_operation_log` VALUES ('79', '1', 'admin/auth/menu', 'GET', '192.168.10.1', '[]', '2019-06-18 09:59:25', '2019-06-18 09:59:25');
INSERT INTO `admin_operation_log` VALUES ('80', '1', 'admin/auth/menu', 'POST', '192.168.10.1', '{\"parent_id\":\"9\",\"title\":\"\\u666e\\u901a\\u5546\\u54c1\",\"icon\":\"fa-bars\",\"uri\":null,\"roles\":[null],\"permission\":null,\"_token\":\"7Jq4YxiRIB0Qyo0Eoy9Cen5Bzv8dTD7Q6TIL4E54\"}', '2019-06-18 10:00:28', '2019-06-18 10:00:28');
INSERT INTO `admin_operation_log` VALUES ('81', '1', 'admin/auth/menu', 'GET', '192.168.10.1', '[]', '2019-06-18 10:00:30', '2019-06-18 10:00:30');
INSERT INTO `admin_operation_log` VALUES ('82', '1', 'admin/auth/menu/10/edit', 'GET', '192.168.10.1', '{\"_pjax\":\"#pjax-container\"}', '2019-06-18 10:00:44', '2019-06-18 10:00:44');
INSERT INTO `admin_operation_log` VALUES ('83', '1', 'admin/auth/menu', 'GET', '192.168.10.1', '{\"_pjax\":\"#pjax-container\"}', '2019-06-18 10:00:58', '2019-06-18 10:00:58');
INSERT INTO `admin_operation_log` VALUES ('84', '1', 'admin/auth/menu/14/edit', 'GET', '192.168.10.1', '{\"_pjax\":\"#pjax-container\"}', '2019-06-18 10:01:05', '2019-06-18 10:01:05');
INSERT INTO `admin_operation_log` VALUES ('85', '1', 'admin/auth/menu/14', 'PUT', '192.168.10.1', '{\"parent_id\":\"9\",\"title\":\"\\u666e\\u901a\\u5546\\u54c1\",\"icon\":\"fa-cubes\",\"uri\":\"\\/products\",\"roles\":[null],\"permission\":null,\"_token\":\"7Jq4YxiRIB0Qyo0Eoy9Cen5Bzv8dTD7Q6TIL4E54\",\"_method\":\"PUT\",\"_previous_\":\"http:\\/\\/shop.test\\/admin\\/auth\\/menu\"}', '2019-06-18 10:01:21', '2019-06-18 10:01:21');
INSERT INTO `admin_operation_log` VALUES ('86', '1', 'admin/auth/menu', 'GET', '192.168.10.1', '[]', '2019-06-18 10:01:23', '2019-06-18 10:01:23');
INSERT INTO `admin_operation_log` VALUES ('87', '1', 'admin/auth/menu', 'GET', '192.168.10.1', '[]', '2019-06-18 10:01:28', '2019-06-18 10:01:28');
INSERT INTO `admin_operation_log` VALUES ('88', '1', 'admin/auth/menu', 'POST', '192.168.10.1', '{\"_token\":\"7Jq4YxiRIB0Qyo0Eoy9Cen5Bzv8dTD7Q6TIL4E54\",\"_order\":\"[{\\\"id\\\":1},{\\\"id\\\":8},{\\\"id\\\":9,\\\"children\\\":[{\\\"id\\\":14},{\\\"id\\\":13}]},{\\\"id\\\":10},{\\\"id\\\":11},{\\\"id\\\":12},{\\\"id\\\":2,\\\"children\\\":[{\\\"id\\\":3},{\\\"id\\\":4},{\\\"id\\\":5},{\\\"id\\\":6},{\\\"id\\\":7}]}]\"}', '2019-06-18 10:01:40', '2019-06-18 10:01:40');
INSERT INTO `admin_operation_log` VALUES ('89', '1', 'admin/auth/menu', 'GET', '192.168.10.1', '{\"_pjax\":\"#pjax-container\"}', '2019-06-18 10:01:42', '2019-06-18 10:01:42');
INSERT INTO `admin_operation_log` VALUES ('90', '1', 'admin/auth/menu', 'GET', '192.168.10.1', '[]', '2019-06-18 10:01:47', '2019-06-18 10:01:47');
INSERT INTO `admin_operation_log` VALUES ('91', '1', 'admin/products', 'GET', '192.168.10.1', '{\"_pjax\":\"#pjax-container\"}', '2019-06-18 10:01:54', '2019-06-18 10:01:54');
INSERT INTO `admin_operation_log` VALUES ('92', '1', 'admin/orders', 'GET', '192.168.10.1', '{\"_pjax\":\"#pjax-container\"}', '2019-06-18 10:02:00', '2019-06-18 10:02:00');
INSERT INTO `admin_operation_log` VALUES ('93', '1', 'admin/crowdfunding_products', 'GET', '192.168.10.1', '{\"_pjax\":\"#pjax-container\"}', '2019-06-18 10:02:03', '2019-06-18 10:02:03');
INSERT INTO `admin_operation_log` VALUES ('94', '1', 'admin/crowdfunding_products/create', 'GET', '192.168.10.1', '{\"_pjax\":\"#pjax-container\"}', '2019-06-18 10:02:30', '2019-06-18 10:02:30');
INSERT INTO `admin_operation_log` VALUES ('95', '1', 'admin/api/categories', 'GET', '192.168.10.1', '{\"is_directory\":\"0\",\"q\":\"jiankang\"}', '2019-06-18 10:04:13', '2019-06-18 10:04:13');
INSERT INTO `admin_operation_log` VALUES ('96', '1', 'admin/api/categories', 'GET', '192.168.10.1', '{\"is_directory\":\"0\",\"q\":\"\\u5065\\u5eb7\"}', '2019-06-18 10:04:14', '2019-06-18 10:04:14');
INSERT INTO `admin_operation_log` VALUES ('97', '1', 'admin/api/categories', 'GET', '192.168.10.1', '{\"is_directory\":\"0\",\"q\":\"\\u5065\"}', '2019-06-18 10:04:17', '2019-06-18 10:04:17');
INSERT INTO `admin_operation_log` VALUES ('98', '1', 'admin/api/categories', 'GET', '192.168.10.1', '{\"is_directory\":\"0\",\"q\":\"bao\"}', '2019-06-18 10:04:18', '2019-06-18 10:04:18');
INSERT INTO `admin_operation_log` VALUES ('99', '1', 'admin/api/categories', 'GET', '192.168.10.1', '{\"is_directory\":\"0\",\"q\":\"baojian\"}', '2019-06-18 10:04:19', '2019-06-18 10:04:19');
INSERT INTO `admin_operation_log` VALUES ('100', '1', 'admin/api/categories', 'GET', '192.168.10.1', '{\"is_directory\":\"0\",\"q\":\"\\u4fdd\\u5065\"}', '2019-06-18 10:04:21', '2019-06-18 10:04:21');
INSERT INTO `admin_operation_log` VALUES ('101', '1', 'admin/api/categories', 'GET', '192.168.10.1', '{\"is_directory\":\"0\",\"q\":\"\\u4fdd\"}', '2019-06-18 10:04:23', '2019-06-18 10:04:23');
INSERT INTO `admin_operation_log` VALUES ('102', '1', 'admin/api/categories', 'GET', '192.168.10.1', '{\"is_directory\":\"0\",\"q\":\"\\u517b\\u751f\"}', '2019-06-18 10:04:34', '2019-06-18 10:04:34');
INSERT INTO `admin_operation_log` VALUES ('103', '1', 'admin/api/categories', 'GET', '192.168.10.1', '{\"is_directory\":\"0\",\"q\":\"\\u517b\"}', '2019-06-18 10:04:37', '2019-06-18 10:04:37');
INSERT INTO `admin_operation_log` VALUES ('104', '1', 'admin/api/categories', 'GET', '192.168.10.1', '{\"is_directory\":\"0\",\"q\":\"biji\"}', '2019-06-18 10:08:31', '2019-06-18 10:08:31');
INSERT INTO `admin_operation_log` VALUES ('105', '1', 'admin/api/categories', 'GET', '192.168.10.1', '{\"is_directory\":\"0\",\"q\":\"\\u7b14\\u8bb0\\u672c\"}', '2019-06-18 10:08:32', '2019-06-18 10:08:32');
INSERT INTO `admin_operation_log` VALUES ('106', '1', 'admin/crowdfunding_products', 'POST', '192.168.10.1', '{\"type\":\"crowdfunding\",\"title\":\"\\uff08\\u8d601\\u5e74\\u5f71\\u89c6\\u4f1a\\u5458\\uff09honor\\/\\u8363\\u8000 \\u7545\\u73a98C\\u5168\\u7f51\\u901a4G\\u624b\\u673a\\u7545\\u73a97C\\u7545\\u73a98X7A \\u4ef7\\u683c \\u00a5789.00 - 1149.00 3 \\u7d2f\\u8ba1\\u8bc4\\u8bba - \\u4ea4\\u6613\\u6210\\u529f \\u673a\\u8eab\\u989c\\u8272 8C\\uff084+32G\\uff09\\u94c2\\u5149\\u91d1\\u5047\\u4e00\\u8d54\\u4e09 8C\\uff084+32G\\uff09\\u5e7b\\u591c\\u9ed1\\u5047\\u4e00\\u8d54\\u4e09 8C\\uff084+32G\\uff09\\u6781\\u5149\\u84dd\\u5047\\u4e00\\u8d54\\u4e09 8C\\uff084+32G\\uff09\\u661f\\u4e91\\u7d2b\\u5047\\u4e00\\u8d54\\u4e09 8X\\uff084+64G\\uff09\\u68a6\\u5e7b\\u7d2b\\u5047\\u4e00\\u8d54\\u4e09 8X\\uff084+64G\\uff09\\u5e7b\\u591c\\u9ed1\\u5047\\u4e00\\u8d54\\u4e09 8X\\uff084+64G\\uff09\\u9b45\\u6d77\\u84dd\\u5047\\u4e00\\u8d54\\u4e09 8X\\uff084+64G\\uff09\\u9b45\\u7130\\u7ea2\\u5047\\u4e00\\u8d54\\u4e09 \\u5957\\u9910\\u7c7b\\u578b \\u5b98\\u65b9\\u6807\\u914d \\u5b58\\u50a8\\u5bb9\\u91cf 16GB 32GB 64GB \\u7248\\u672c\\u7c7b\\u578b \\u4e2d\\u56fd\\u5927\\u9646 \\u6570\\u91cf 1 \\u4ef6 (\\u5e93\\u5b582\\u4ef6) \\u670d\\u52a1 \\u53ef\\u9009\\u8d2d \\u788e\\u5c4f\\u4e00\\u5e74\\u4fdd\\u00a524.98\\u8be6\\u60c5 \\u7acb\\u5373\\u8d2d\\u4e70 \\u52a0\\u5165\\u8d2d\\u7269\\u8f66 \\u652f\\u6301 \\u6298\\u65e7\\u53d8\\u73b0\\uff0c\\u4e70\\u65b0\\u66f4\\u7701\\u94b1\\u3002\\u8be6\\u60c5  \\u4e09\\u7f51\\u901a\\u8baf\\u79d1\\u6280 \\u4fe1\\u8a89\\uff1a \\u638c\\u67dc\\uff1a skhh811000 \\u8054\\u7cfb\\uff1a \\u8d44\\u8d28\\uff1a 50000\\u5143 \\u63cf\\u8ff0 4.7 \\u670d\\u52a1 4.7 \\u7269\\u6d41 4.8 \\u8fdb\\u5165\\u5e97\\u94fa\\u6536\\u85cf\\u5e97\\u94fa \\u770b\\u4e86\\u53c8\\u770b \\u73b0\\u8d27\\u79d2\\u53d1Xiaomi\\/\\u5c0f\\u7c73 Redmi K20 \\u9a81\\u9f99 855\\u624b\\u673a\\u5b98\\u65b9\\u6b63\\u54c1K20Pro\\u65b0\\u54c1 \\u00a52099.00  \\u79d2\\u53d1 \\u4e09\\u661fa60 Samsung\\/\\u4e09\\u661f Galaxy A60 SM-A6060\\u5143\\u6c14\\u7248 \\u4e09\\u661fa60 \\u00a51458.00  \\u79d2\\u53d1 realme X\\u9752\\u6625\\u7248\\u5b98\\u65b9\\u6b63\\u54c1\\u65d7\\u8230\\u62cd\\u7167\\u667a\\u80fd\\u624b\\u673aOPPO\\u65b0\\u54c1realmex \\u00a51108.00  \\u8054\\u60f3Z5progt- Lenovo\\/\\u8054\\u60f3 Z5 Pro GT \\u9a81\\u9f99855\\u6ed1\\u76d6\\u624b\\u673a\\u8054\\u60f3Z6pro \\u00a51068.00    \\u641c\\u672c\\u5e97 \\u5b9d\\u8d1d\\u8be6\\u60c5 \\u7d2f\\u8ba1\\u8bc4\\u8bba 3 \\u4e13\\u4eab\\u670d\\u52a1 CCC\\u8bc1\\u4e66\\u7f16\\u53f7: 2018011606105291\\u4ea7\\u54c1\\u540d\\u79f0: honor\\/\\u8363\\u8000 \\u7545\\u73a98C\\u7f51\\u7edc\\u7c7b\\u578b: 4G\\u5168\\u7f51\\u901a 4G+\\u5168\\u7f51\\u901a\\u54c1\\u724c: honor\\/\\u8363\\u8000\\u578b\\u53f7: \\u7545\\u73a98C\\u5b9d\\u8d1d\\u6210\\u8272: \\u5168\\u65b0\\u552e\\u540e\\u670d\\u52a1: \\u5168\\u56fd\\u8054\\u4fdd\\u7535\\u6c60\\u7c7b\\u578b: \\u4e0d\\u7965\\u5206\\u8fa8\\u7387: 1520x720\\u6838\\u5fc3\\u6570: \\u4e0d\\u7965\\u673a\\u8eab\\u989c\\u8272: 8C\\uff084+32G\\uff09\\u94c2\\u5149\\u91d1\\u5047\\u4e00\\u8d54\\u4e09 8C\\uff084+32G\\uff09\\u5e7b\\u591c\\u9ed1\\u5047\\u4e00\\u8d54\\u4e09 8C\\uff084+32G\\uff09\\u6781\\u5149\\u84dd\\u5047\\u4e00\\u8d54\\u4e09 8C\\uff084+32G\\uff09\\u661f\\u4e91\\u7d2b\\u5047\\u4e00\\u8d54\\u4e09 8X\\uff084+64G\\uff09\\u68a6\\u5e7b\\u7d2b\\u5047\\u4e00\\u8d54\\u4e09 8X\\uff084+64G\\uff09\\u5e7b\\u591c\\u9ed1\\u5047\\u4e00\\u8d54\\u4e09 8X\\uff084+64G\\uff09\\u9b45\\u6d77\\u84dd\\u5047\\u4e00\\u8d54\\u4e09 8X\\uff084+64G\\uff09\\u9b45\\u7130\\u7ea2\\u5047\\u4e00\\u8d54\\u4e09\\u5957\\u9910\\u7c7b\\u578b: \\u5b98\\u65b9\\u6807\\u914d\\u89e6\\u6478\\u5c4f\\u7c7b\\u578b: \\u4e0d\\u7965\\u952e\\u76d8\\u7c7b\\u578b: \\u865a\\u62df\\u5bfc\\u822a\\u952e\\u540e\\u7f6e\\u6444\\u50cf\\u5934: 1300\\u4e07\\u50cf\\u7d20\\uff08\\u5f69\\u8272\\uff0cf\\/1.8\\u5149\\u5708\\uff09+200\\u4e07\\u50cf\\u7d20\\uff08\\u9ed1\\u767d\\uff0c\\u8fd0\\u884c\\u5185\\u5b58RAM: 4GB\\u5b58\\u50a8\\u5bb9\\u91cf: 16GB 32GB 64GB\\u624b\\u673a\\u7c7b\\u578b: \\u4e0d\\u7965\\u6444\\u50cf\\u5934\\u7c7b\\u578b: \\u4e0d\\u7965\\u7f51\\u7edc\\u6a21\\u5f0f: \\u53cc\\u5361\\u53cc\\u5f85\\u7535\\u4fe1\\u8bbe\\u5907\\u8fdb\\u7f51\\u8bb8\\u53ef\\u8bc1\\u7f16\\u53f7: 02-5043-183016\\u9644\\u52a0\\u529f\\u80fd: \\u4e0d\\u7965\\u7248\\u672c\\u7c7b\\u578b: \\u4e2d\\u56fd\\u5927\\u9646\\u64cd\\u4f5c\\u7cfb\\u7edf: Android 8.1\\u6b3e\\u5f0f: \\u76f4\\u677f\\u89c6\\u9891\\u663e\\u793a\\u683c\\u5f0f: \\u4e0d\\u7965CPU\\u54c1\\u724c: \\u4e0d\\u7965\\u4e0a\\u5e02\\u65f6\\u95f4: 2018-10\\u5c4f\\u5e55\\u5c3a\\u5bf8: 6.26\\u82f1\\u5bf8\\u4ea7\\u54c1\\u540d\\u79f0: \\u7545\\u73a98C\\u7535\\u6c60\\u5bb9\\u91cf: 4000mAh\\u673a\\u8eab\\u539a\\u5ea6: 0mm \\u672c\\u5e97\\u6240\\u6709\\u624b\\u673a\\u5168\\u90e8\\u6765\\u81ea\\u5b98\\u65b9\\u6b63\\u54c1\\uff0c\\u539f\\u88c5\\u5168\\u65b0\\u672a\\u62c6\\uff0c\\u5168\\u56fd\\u8054\\u4fdd\\uff0c\\u5230\\u8d27\\u652f\\u6301\\u552e\\u540e\\u70b9\\u68c0\\u6d4b\\u771f\\u5047\\uff01\\u5047\\u4e00\\u8d54\\u4e09\\uff0c\\u6b22\\u8fce\\u4eb2\\u4eec\\u9009\\u8d2d\\uff01      \\u4ef7\\u683c\\u8bf4\\u660e \\u5212\\u7ebf\\u4ef7\\u683c  \\u6307\\u5546\\u54c1\\u7684\\u4e13\\u67dc\\u4ef7\\u3001\\u540a\\u724c\\u4ef7\\u3001\\u6b63\\u54c1\\u96f6\\u552e\\u4ef7\\u3001\\u5382\\u5546\\u6307\\u5bfc\\u4ef7\\u6216\\u8be5\\u5546\\u54c1\\u7684\\u66fe\\u7ecf\\u5c55\\u793a\\u8fc7\\u7684\\u9500\\u552e\\u4ef7\\u7b49\\uff0c\\u5e76\\u975e\\u539f\\u4ef7\\uff0c\\u4ec5\\u4f9b\\u53c2\\u8003\\u3002  \\u672a\\u5212\\u7ebf\\u4ef7\\u683c  \\u6307\\u5546\\u54c1\\u7684\\u5b9e\\u65f6\\u6807\\u4ef7\\uff0c\\u4e0d\\u56e0\\u8868\\u8ff0\\u7684\\u5dee\\u5f02\\u6539\\u53d8\\u6027\\u8d28\\u3002\\u5177\\u4f53\\u6210\\u4ea4\\u4ef7\\u683c\\u6839\\u636e\\u5546\\u54c1\\u53c2\\u52a0\\u6d3b\\u52a8\\uff0c\\u6216\\u4f1a\\u5458\\u4f7f\\u7528\\u4f18\\u60e0\\u5238\\u3001\\u79ef\\u5206\\u7b49\\u53d1\\u751f\\u53d8\\u5316\\uff0c\\u6700\\u7ec8\\u4ee5\\u8ba2\\u5355\\u7ed3\\u7b97\\u9875\\u4ef7\\u683c\\u4e3a\\u51c6\\u3002  \\u5546\\u5bb6\\u8be6\\u60c5\\u9875\\uff08\\u542b\\u4e3b\\u56fe\\uff09\\u4ee5\\u56fe\\u7247\\u6216\\u6587\\u5b57\\u5f62\\u5f0f\\u6807\\u6ce8\\u7684\\u4e00\\u53e3\\u4ef7\\u3001\\u4fc3\\u9500\\u4ef7\\u3001\\u4f18\\u60e0\\u4ef7\\u7b49\\u4ef7\\u683c\\u53ef\\u80fd\\u662f\\u5728\\u4f7f\\u7528\\u4f18\\u60e0\\u5238\\u3001\\u6ee1\\u51cf\\u6216\\u7279\\u5b9a\\u4f18\\u60e0\\u6d3b\\u52a8\\u548c\\u65f6\\u6bb5\\u7b49\\u60c5\\u5f62\\u4e0b\\u7684\\u4ef7\\u683c\\uff0c\\u5177\\u4f53\\u8bf7\\u4ee5\\u7ed3\\u7b97\\u9875\\u9762\\u7684\\u6807\\u4ef7\\u3001\\u4f18\\u60e0\\u6761\\u4ef6\\u6216\\u6d3b\\u52a8\\u89c4\\u5219\\u4e3a\\u51c6\\u3002  \\u6b64\\u8bf4\\u660e\\u4ec5\\u5f53\\u51fa\\u73b0\\u4ef7\\u683c\\u6bd4\\u8f83\\u65f6\\u6709\\u6548\\uff0c\\u5177\\u4f53\\u8bf7\\u53c2\\u89c1\\u300a\\u6dd8\\u5b9d\\u4ef7\\u683c\\u53d1\\u5e03\\u89c4\\u8303\\u300b\\u3002\\u82e5\\u5546\\u5bb6\\u5355\\u72ec\\u5bf9\\u5212\\u7ebf\\u4ef7\\u683c\\u8fdb\\u884c\\u8bf4\\u660e\\u7684\\uff0c\\u4ee5\\u5546\\u5bb6\\u7684\\u8868\\u8ff0\\u4e3a\\u51c6\\u3002  \\u5b89\\u5168\\u63d0\\u793a\\uff1a \\u4ea4\\u6613\\u4e2d\\u8bf7\\u52ff\\u4f7f\\u7528\\u963f\\u91cc\\u65fa\\u65fa\\u4ee5\\u5916\\u7684\\u804a\\u5929\\u5de5\\u5177\\u6c9f\\u901a\\uff0c\\u4e0d\\u8981\\u63a5\\u6536\\u53ef\\u7591\\u6587\\u4ef6\\u548c\\u4e0d\\u8981\\u70b9\\u51fb\\u4e0d\\u660e\\u6765\\u6e90\\u7684\\u94fe\\u63a5\\uff0c\\u652f\\u4ed8\\u524d\\u6838\\u5b9e\\u597d\\u57df\\u540d\\u548c\\u652f\\u4ed8\\u8be6\\u60c5\\u3002 \\u6dd8\\u5b9d\\u4e0d\\u4f1a\\u4ee5\\u8ba2\\u5355\\u6709\\u95ee\\u9898\\uff0c\\u8ba9\\u60a8\\u63d0\\u4f9b\\u4efb\\u4f55\\u94f6\\u884c\\u5361\\u3001\\u5bc6\\u7801\\u3001\\u624b\\u673a\\u9a8c\\u8bc1\\u7801\\uff01\\u9047\\u5230\\u53ef\\u7591\\u60c5\\u51b5\\u53ef\\u5728\\u94b1\\u76fe\\u201c\\u8bc8\\u9a97\\u4e3e\\u62a5\\u201d\\u4e2d\\u8fdb\\u884c\\u4e3e\\u62a5, \\u5b89\\u5168\\u63a8\\u8350  \\u63a8\\u8350\\u5b89\\u5168\\u8f6f\\u4ef6\\uff1a  \\u94b1\\u76fe\\u94b1\\u76fe  UC\\u6d4f\\u89c8\\u5668UC\\u6d4f\\u89c8\\u5668  \\u5185\\u5bb9\\u7533\\u660e\\uff1a \\u6dd8\\u5b9d\\u4e3a\\u7b2c\\u4e09\\u65b9\\u4ea4\\u6613\\u5e73\\u53f0\\u53ca\\u4e92\\u8054\\u7f51\\u4fe1\\u606f\\u670d\\u52a1\\u63d0\\u4f9b\\u8005\\uff0c\\u6dd8\\u5b9d\\uff08\\u542b\\u7f51\\u7ad9\\u3001\\u5ba2\\u6237\\u7aef\\u7b49\\uff09\\u6240\\u5c55\\u793a\\u7684\\u5546\\u54c1\\/\\u670d\\u52a1\\u7684\\u6807\\u9898\\u3001\\u4ef7\\u683c\\u3001\\u8be6\\u60c5\\u7b49\\u4fe1\\u606f\\u5185\\u5bb9\\u7cfb\\u7531\\u5e97\\u94fa\\u7ecf\\u8425\\u8005\\u53d1\\u5e03\\uff0c\\u5176\\u771f\\u5b9e\\u6027\\u3001\\u51c6\\u786e\\u6027\\u548c\\u5408\\u6cd5\\u6027\\u5747\\u7531\\u5e97\\u94fa\\u7ecf\\u8425\\u8005\\u8d1f\\u8d23\\u3002\\u6dd8\\u5b9d\\u63d0\\u9192\\u7528\\u6237\\u8d2d\\u4e70\\u5546\\u54c1\\/\\u670d\\u52a1\\u524d\\u6ce8\\u610f\\u8c28\\u614e\\u6838\\u5b9e\\u3002\\u5982\\u7528\\u6237\\u5bf9\\u5546\\u54c1\\/\\u670d\\u52a1\\u7684\\u6807\\u9898\\u3001\\u4ef7\\u683c\\u3001\\u8be6\\u60c5\\u7b49\\u4efb\\u4f55\\u4fe1\\u606f\\u6709\\u4efb\\u4f55\\u7591\\u95ee\\u7684\\uff0c\\u8bf7\\u5728\\u8d2d\\u4e70\\u524d\\u901a\\u8fc7\\u963f\\u91cc\\u65fa\\u65fa\\u4e0e\\u5e97\\u94fa\\u7ecf\\u8425\\u8005\\u6c9f\\u901a\\u786e\\u8ba4\\uff1b\\u6dd8\\u5b9d\\u5b58\\u5728\\u6d77\\u91cf\\u5e97\\u94fa\\uff0c\\u5982\\u7528\\u6237\\u53d1\\u73b0\\u5e97\\u94fa\\u5185\\u6709\\u4efb\\u4f55\\u8fdd\\u6cd5\\/\\u4fb5\\u6743\\u4fe1\\u606f\\uff0c\\u8bf7\\u7acb\\u5373\\u5411\\u6dd8\\u5b9d\\u4e3e\\u62a5\\u5e76\\u63d0\\u4f9b\\u6709\\u6548\\u7ebf\\u7d22\\u3002 \\u963f\\u91cc\\u5df4\\u5df4\\u96c6\\u56e2|\\u6dd8\\u5b9d\\u7f51|\\u5929\\u732b|\\u805a\\u5212\\u7b97|\\u5168\\u7403\\u901f\\u5356\\u901a|\\u963f\\u91cc\\u5df4\\u5df4\\u56fd\\u9645\\u4ea4\\u6613\\u5e02\\u573a|1688|\\u963f\\u91cc\\u5988\\u5988|\\u98de\\u732a|\\u963f\\u91cc\\u4e91\\u8ba1\\u7b97|AliOS|\\u963f\\u91cc\\u901a\\u4fe1|\\u4e00\\u6dd8|\\u4e07\\u7f51|\\u9ad8\\u5fb7|UC|\\u53cb\\u76df \\u867e\\u7c73|\\u5927\\u9ea6\\u7f51|\\u9489\\u9489|\\u652f\\u4ed8\\u5b9d|\\u4f18\\u9177|\\u571f\\u8c46|\\u963f\\u91cc\\u5065\\u5eb7|\\u963f\\u91cc\\u5f71\\u4e1a|\\u963f\\u91cc\\u4f53\\u80b2|\\u7f51\\u5546\\u94f6\\u884c  \\u5173\\u4e8e\\u6dd8\\u5b9d\\u5408\\u4f5c\\u4f19\\u4f34\\u8425\\u9500\\u4e2d\\u5fc3\\u5ec9\\u6b63\\u4e3e\\u62a5\\u8054\\u7cfb\\u5ba2\\u670d\\u5f00\\u653e\\u5e73\\u53f0\\u8bda\\u5f81\\u82f1\\u624d\\u8054\\u7cfb\\u6211\\u4eec\\u7f51\\u7ad9\\u5730\\u56fe\\u9690\\u79c1\\u6743\\u653f\\u7b56\\u6cd5\\u5f8b\\u58f0\\u660e\\u77e5\\u8bc6\\u4ea7\\u6743 | \\u00a9 2003-\\u73b0\\u5728 Taobao.com \\u7248\\u6743\\u6240\\u6709  \\u589e\\u503c\\u7535\\u4fe1\\u4e1a\\u52a1\\u7ecf\\u8425\\u8bb8\\u53ef\\u8bc1\\uff1a\\u6d59B2-20080224|\\u589e\\u503c\\u7535\\u4fe1\\u4e1a\\u52a1\\u7ecf\\u8425\\u8bb8\\u53ef\\u8bc1\\uff08\\u8de8\\u5730\\u533a\\uff09\\uff1a B2-20150210|\\u7f51\\u7edc\\u6587\\u5316\\u7ecf\\u8425\\u8bb8\\u53ef\\u8bc1\\uff1a\\u6d59\\u7f51\\u6587[2016]0268-027\\u53f7|\\u6d59\\u6c5f\\u7701\\u7f51\\u7edc\\u98df\\u54c1\\u9500\\u552e\\u7b2c\\u4e09\\u65b9\\u5e73\\u53f0\\u63d0\\u4f9b\\u8005\\u5907\\u6848\\uff1a\\u6d59\\u7f51\\u98dfA33010001  \\u4e92\\u8054\\u7f51\\u836f\\u54c1\\u4fe1\\u606f\\u670d\\u52a1\\u8d44\\u683c\\u8bc1\\u4e66\\uff08\\u6d59\\uff09-\\u7ecf\\u8425\\u6027-2018-0010|\\u77ed\\u6d88\\u606f\\u7c7b\\u670d\\u52a1\\u63a5\\u5165\\u4ee3\\u7801\\u4f7f\\u7528\\u8bc1\\u4e66\\uff1a\\u53f7\\u30102016\\u301100154-A01|\\u4fe1\\u606f\\u7f51\\u7edc\\u4f20\\u64ad\\u89c6\\u542c\\u8bb8\\u53ef\\u8bc1\\uff1a1109364\\u53f7|\\u51fa\\u7248\\u7269\\u7f51\\u7edc\\u4ea4\\u6613\\u5e73\\u53f0\\u670d\\u52a1\\u7ecf\\u8425\\u5907\\u6848\\u53f7\\uff1a\\u65b0\\u51fa\\u53d1\\u6d59\\u5907\\u5b57\\u7b2c002\\u53f7   \\u6d59\\u516c\\u7f51\\u5b89\\u5907 33010002000078\\u53f7 |\\u5e7f\\u64ad\\u7535\\u89c6\\u8282\\u76ee\\u5236\\u4f5c\\u7ecf\\u8425\\u8bb8\\u53ef\\u8bc1\\uff08\\u6d59\\uff09\\u5b57\\u7b2c01012\\u53f7|\\u5e02\\u573a\\u540d\\u79f0\\u767b\\u8bb0\\u8bc1\\uff1a\\u5de5\\u5546\\u7f51\\u5e02\\u5b573301004120\\u53f7|\\u533b\\u7597\\u5668\\u68b0\\u7f51\\u7edc\\u4ea4\\u6613\\u670d\\u52a1\\u7b2c\\u4e09\\u65b9\\u5e73\\u53f0\\u5907\\u6848\\uff1a\\uff08\\u6d59\\uff09\\u7f51\\u68b0\\u5e73\\u53f0\\u5907\\u5b57[2018]\\u7b2c00004\\u53f7\",\"category_id\":\"18\",\"description\":\"<ul>\\r\\n\\t<li>CCC\\u8bc1\\u4e66\\u7f16\\u53f7:&nbsp;<a href=\\\"https:\\/\\/baike.taobao.com\\/view.htm?wd=2018011606105291&amp;ac=29\\\" onclick=\\\"javascript:goldlog.record(\'\\/egatekeeper.333\',\'\',\'\',\'H46896570\')\\\" target=\\\"blank\\\">2018011606105291<\\/a><\\/li>\\r\\n\\t<li>\\u4ea7\\u54c1\\u540d\\u79f0:&nbsp;honor\\/\\u8363\\u8000 \\u7545\\u73a98C<\\/li>\\r\\n\\t<li>\\u7f51\\u7edc\\u7c7b\\u578b:&nbsp;4G\\u5168\\u7f51\\u901a 4G+\\u5168\\u7f51\\u901a<\\/li>\\r\\n\\t<li>\\u54c1\\u724c:&nbsp;honor\\/\\u8363\\u8000<\\/li>\\r\\n\\t<li>\\u578b\\u53f7:&nbsp;\\u7545\\u73a98C<\\/li>\\r\\n\\t<li>\\u5b9d\\u8d1d\\u6210\\u8272:&nbsp;\\u5168\\u65b0<\\/li>\\r\\n\\t<li>\\u552e\\u540e\\u670d\\u52a1:&nbsp;\\u5168\\u56fd\\u8054\\u4fdd<\\/li>\\r\\n\\t<li>\\u7535\\u6c60\\u7c7b\\u578b:&nbsp;\\u4e0d\\u7965<\\/li>\\r\\n\\t<li>\\u5206\\u8fa8\\u7387:&nbsp;1520x720<\\/li>\\r\\n\\t<li>\\u6838\\u5fc3\\u6570:&nbsp;\\u4e0d\\u7965<\\/li>\\r\\n\\t<li>\\u673a\\u8eab\\u989c\\u8272:&nbsp;8C\\uff084+32G\\uff09\\u94c2\\u5149\\u91d1\\u5047\\u4e00\\u8d54\\u4e09 8C\\uff084+32G\\uff09\\u5e7b\\u591c\\u9ed1\\u5047\\u4e00\\u8d54\\u4e09 8C\\uff084+32G\\uff09\\u6781\\u5149\\u84dd\\u5047\\u4e00\\u8d54\\u4e09 8C\\uff084+32G\\uff09\\u661f\\u4e91\\u7d2b\\u5047\\u4e00\\u8d54\\u4e09 8X\\uff084+64G\\uff09\\u68a6\\u5e7b\\u7d2b\\u5047\\u4e00\\u8d54\\u4e09 8X\\uff084+64G\\uff09\\u5e7b\\u591c\\u9ed1\\u5047\\u4e00\\u8d54\\u4e09 8X\\uff084+64G\\uff09\\u9b45\\u6d77\\u84dd\\u5047\\u4e00\\u8d54\\u4e09 8X\\uff084+64G\\uff09\\u9b45\\u7130\\u7ea2\\u5047\\u4e00\\u8d54\\u4e09<\\/li>\\r\\n\\t<li>\\u5957\\u9910\\u7c7b\\u578b:&nbsp;\\u5b98\\u65b9\\u6807\\u914d<\\/li>\\r\\n\\t<li>\\u89e6\\u6478\\u5c4f\\u7c7b\\u578b:&nbsp;\\u4e0d\\u7965<\\/li>\\r\\n\\t<li>\\u952e\\u76d8\\u7c7b\\u578b:&nbsp;\\u865a\\u62df\\u5bfc\\u822a\\u952e<\\/li>\\r\\n\\t<li>\\u540e\\u7f6e\\u6444\\u50cf\\u5934:&nbsp;1300\\u4e07\\u50cf\\u7d20\\uff08\\u5f69\\u8272\\uff0cf\\/1.8\\u5149\\u5708\\uff09+200\\u4e07\\u50cf\\u7d20\\uff08\\u9ed1\\u767d\\uff0c<\\/li>\\r\\n\\t<li>\\u8fd0\\u884c\\u5185\\u5b58RAM:&nbsp;4GB<\\/li>\\r\\n\\t<li>\\u5b58\\u50a8\\u5bb9\\u91cf:&nbsp;16GB 32GB 64GB<\\/li>\\r\\n\\t<li>\\u624b\\u673a\\u7c7b\\u578b:&nbsp;\\u4e0d\\u7965<\\/li>\\r\\n\\t<li>\\u6444\\u50cf\\u5934\\u7c7b\\u578b:&nbsp;\\u4e0d\\u7965<\\/li>\\r\\n\\t<li>\\u7f51\\u7edc\\u6a21\\u5f0f:&nbsp;\\u53cc\\u5361\\u53cc\\u5f85<\\/li>\\r\\n\\t<li>\\u7535\\u4fe1\\u8bbe\\u5907\\u8fdb\\u7f51\\u8bb8\\u53ef\\u8bc1\\u7f16\\u53f7:&nbsp;02-5043-183016<\\/li>\\r\\n\\t<li>\\u9644\\u52a0\\u529f\\u80fd:&nbsp;\\u4e0d\\u7965<\\/li>\\r\\n\\t<li>\\u7248\\u672c\\u7c7b\\u578b:&nbsp;\\u4e2d\\u56fd\\u5927\\u9646<\\/li>\\r\\n\\t<li>\\u64cd\\u4f5c\\u7cfb\\u7edf:&nbsp;Android 8.1<\\/li>\\r\\n\\t<li>\\u6b3e\\u5f0f:&nbsp;\\u76f4\\u677f<\\/li>\\r\\n\\t<li>\\u89c6\\u9891\\u663e\\u793a\\u683c\\u5f0f:&nbsp;\\u4e0d\\u7965<\\/li>\\r\\n\\t<li>CPU\\u54c1\\u724c:&nbsp;\\u4e0d\\u7965<\\/li>\\r\\n\\t<li>\\u4e0a\\u5e02\\u65f6\\u95f4:&nbsp;2018-10<\\/li>\\r\\n\\t<li>\\u5c4f\\u5e55\\u5c3a\\u5bf8:&nbsp;6.26\\u82f1\\u5bf8<\\/li>\\r\\n\\t<li>\\u4ea7\\u54c1\\u540d\\u79f0:&nbsp;\\u7545\\u73a98C<\\/li>\\r\\n\\t<li>\\u7535\\u6c60\\u5bb9\\u91cf:&nbsp;4000mAh<\\/li>\\r\\n\\t<li>\\u673a\\u8eab\\u539a\\u5ea6:&nbsp;0mm<\\/li>\\r\\n<\\/ul>\",\"on_sale\":\"1\",\"crowdfunding\":{\"target_amount\":\"500\",\"end_at\":\"2019-06-30 00:00:00\"},\"skus\":{\"new_1\":{\"title\":\"honor\\/\\u8363\\u8000 \\u7545\\u73a98C\\u5168\\u7f51\\u901a4G\\u624b\\u673a\\u7545\\u73a97C\\u7545\\u73a98X7A\",\"description\":\"8c(4+32G)\\u94c2\\u5149\\u91d1 \\u5047\\u4e00\\u8d54\\u4e09\",\"price\":\"800\",\"stock\":\"150\",\"id\":null,\"_remove_\":\"0\"}},\"_token\":\"7Jq4YxiRIB0Qyo0Eoy9Cen5Bzv8dTD7Q6TIL4E54\",\"_previous_\":\"http:\\/\\/shop.test\\/admin\\/crowdfunding_products\"}', '2019-06-18 10:12:54', '2019-06-18 10:12:54');
INSERT INTO `admin_operation_log` VALUES ('107', '1', 'admin/crowdfunding_products/create', 'GET', '192.168.10.1', '[]', '2019-06-18 10:12:57', '2019-06-18 10:12:57');
INSERT INTO `admin_operation_log` VALUES ('108', '1', 'admin/crowdfunding_products', 'POST', '192.168.10.1', '{\"type\":\"crowdfunding\",\"title\":\"\\uff08\\u8d601\\u5e74\\u5f71\\u89c6\\u4f1a\\u5458\\uff09honor\\/\\u8363\\u8000 \\u7545\\u73a98C\\u5168\\u7f51\\u901a4G\\u624b\\u673a\\u7545\\u73a97C\\u7545\\u73a98X7A \\u4ef7\\u683c \\u00a5789.00 - 1149.00 3 \\u7d2f\\u8ba1\\u8bc4\\u8bba - \\u4ea4\\u6613\\u6210\\u529f \\u673a\\u8eab\\u989c\\u8272 8C\\uff084+32G\\uff09\\u94c2\\u5149\\u91d1\\u5047\\u4e00\\u8d54\\u4e09 8C\\uff084+32G\\uff09\\u5e7b\\u591c\\u9ed1\\u5047\\u4e00\\u8d54\\u4e09 8C\\uff084+32G\\uff09\\u6781\\u5149\\u84dd\\u5047\\u4e00\\u8d54\\u4e09 8C\\uff084+32G\\uff09\\u661f\\u4e91\\u7d2b\\u5047\\u4e00\\u8d54\\u4e09 8X\\uff084+64G\\uff09\\u68a6\\u5e7b\\u7d2b\\u5047\\u4e00\\u8d54\\u4e09 8X\\uff084+64G\\uff09\\u5e7b\\u591c\\u9ed1\\u5047\\u4e00\\u8d54\\u4e09 8X\\uff084+64G\\uff09\\u9b45\\u6d77\\u84dd\\u5047\\u4e00\\u8d54\\u4e09 8X\\uff084+64G\\uff09\\u9b45\\u7130\\u7ea2\\u5047\\u4e00\\u8d54\\u4e09 \\u5957\\u9910\\u7c7b\\u578b \\u5b98\\u65b9\\u6807\\u914d \\u5b58\\u50a8\\u5bb9\\u91cf 16GB 32GB 64GB \\u7248\\u672c\\u7c7b\\u578b \\u4e2d\\u56fd\\u5927\\u9646 \\u6570\\u91cf 1 \\u4ef6 (\\u5e93\\u5b582\\u4ef6) \\u670d\\u52a1 \\u53ef\\u9009\\u8d2d \\u788e\\u5c4f\\u4e00\\u5e74\\u4fdd\\u00a524.98\\u8be6\\u60c5 \\u7acb\\u5373\\u8d2d\\u4e70 \\u52a0\\u5165\\u8d2d\\u7269\\u8f66 \\u652f\\u6301 \\u6298\\u65e7\\u53d8\\u73b0\\uff0c\\u4e70\\u65b0\\u66f4\\u7701\\u94b1\\u3002\\u8be6\\u60c5  \\u4e09\\u7f51\\u901a\\u8baf\\u79d1\\u6280 \\u4fe1\\u8a89\\uff1a \\u638c\\u67dc\\uff1a skhh811000 \\u8054\\u7cfb\\uff1a \\u8d44\\u8d28\\uff1a 50000\\u5143 \\u63cf\\u8ff0 4.7 \\u670d\\u52a1 4.7 \\u7269\\u6d41 4.8 \\u8fdb\\u5165\\u5e97\\u94fa\\u6536\\u85cf\\u5e97\\u94fa \\u770b\\u4e86\\u53c8\\u770b \\u73b0\\u8d27\\u79d2\\u53d1Xiaomi\\/\\u5c0f\\u7c73 Redmi K20 \\u9a81\\u9f99 855\\u624b\\u673a\\u5b98\\u65b9\\u6b63\\u54c1K20Pro\\u65b0\\u54c1 \\u00a52099.00  \\u79d2\\u53d1 \\u4e09\\u661fa60 Samsung\\/\\u4e09\\u661f Galaxy A60 SM-A6060\\u5143\\u6c14\\u7248 \\u4e09\\u661fa60 \\u00a51458.00  \\u79d2\\u53d1 realme X\\u9752\\u6625\\u7248\\u5b98\\u65b9\\u6b63\\u54c1\\u65d7\\u8230\\u62cd\\u7167\\u667a\\u80fd\\u624b\\u673aOPPO\\u65b0\\u54c1realmex \\u00a51108.00  \\u8054\\u60f3Z5progt- Lenovo\\/\\u8054\\u60f3 Z5 Pro GT \\u9a81\\u9f99855\\u6ed1\\u76d6\\u624b\\u673a\\u8054\\u60f3Z6pro \\u00a51068.00    \\u641c\\u672c\\u5e97 \\u5b9d\\u8d1d\\u8be6\\u60c5 \\u7d2f\\u8ba1\\u8bc4\\u8bba 3 \\u4e13\\u4eab\\u670d\\u52a1 CCC\\u8bc1\\u4e66\\u7f16\\u53f7: 2018011606105291\\u4ea7\\u54c1\\u540d\\u79f0: honor\\/\\u8363\\u8000 \\u7545\\u73a98C\\u7f51\\u7edc\\u7c7b\\u578b: 4G\\u5168\\u7f51\\u901a 4G+\\u5168\\u7f51\\u901a\\u54c1\\u724c: honor\\/\\u8363\\u8000\\u578b\\u53f7: \\u7545\\u73a98C\\u5b9d\\u8d1d\\u6210\\u8272: \\u5168\\u65b0\\u552e\\u540e\\u670d\\u52a1: \\u5168\\u56fd\\u8054\\u4fdd\\u7535\\u6c60\\u7c7b\\u578b: \\u4e0d\\u7965\\u5206\\u8fa8\\u7387: 1520x720\\u6838\\u5fc3\\u6570: \\u4e0d\\u7965\\u673a\\u8eab\\u989c\\u8272: 8C\\uff084+32G\\uff09\\u94c2\\u5149\\u91d1\\u5047\\u4e00\\u8d54\\u4e09 8C\\uff084+32G\\uff09\\u5e7b\\u591c\\u9ed1\\u5047\\u4e00\\u8d54\\u4e09 8C\\uff084+32G\\uff09\\u6781\\u5149\\u84dd\\u5047\\u4e00\\u8d54\\u4e09 8C\\uff084+32G\\uff09\\u661f\\u4e91\\u7d2b\\u5047\\u4e00\\u8d54\\u4e09 8X\\uff084+64G\\uff09\\u68a6\\u5e7b\\u7d2b\\u5047\\u4e00\\u8d54\\u4e09 8X\\uff084+64G\\uff09\\u5e7b\\u591c\\u9ed1\\u5047\\u4e00\\u8d54\\u4e09 8X\\uff084+64G\\uff09\\u9b45\\u6d77\\u84dd\\u5047\\u4e00\\u8d54\\u4e09 8X\\uff084+64G\\uff09\\u9b45\\u7130\\u7ea2\\u5047\\u4e00\\u8d54\\u4e09\\u5957\\u9910\\u7c7b\\u578b: \\u5b98\\u65b9\\u6807\\u914d\\u89e6\\u6478\\u5c4f\\u7c7b\\u578b: \\u4e0d\\u7965\\u952e\\u76d8\\u7c7b\\u578b: \\u865a\\u62df\\u5bfc\\u822a\\u952e\\u540e\\u7f6e\\u6444\\u50cf\\u5934: 1300\\u4e07\\u50cf\\u7d20\\uff08\\u5f69\\u8272\\uff0cf\\/1.8\\u5149\\u5708\\uff09+200\\u4e07\\u50cf\\u7d20\\uff08\\u9ed1\\u767d\\uff0c\\u8fd0\\u884c\\u5185\\u5b58RAM: 4GB\\u5b58\\u50a8\\u5bb9\\u91cf: 16GB 32GB 64GB\\u624b\\u673a\\u7c7b\\u578b: \\u4e0d\\u7965\\u6444\\u50cf\\u5934\\u7c7b\\u578b: \\u4e0d\\u7965\\u7f51\\u7edc\\u6a21\\u5f0f: \\u53cc\\u5361\\u53cc\\u5f85\\u7535\\u4fe1\\u8bbe\\u5907\\u8fdb\\u7f51\\u8bb8\\u53ef\\u8bc1\\u7f16\\u53f7: 02-5043-183016\\u9644\\u52a0\\u529f\\u80fd: \\u4e0d\\u7965\\u7248\\u672c\\u7c7b\\u578b: \\u4e2d\\u56fd\\u5927\\u9646\\u64cd\\u4f5c\\u7cfb\\u7edf: Android 8.1\\u6b3e\\u5f0f: \\u76f4\\u677f\\u89c6\\u9891\\u663e\\u793a\\u683c\\u5f0f: \\u4e0d\\u7965CPU\\u54c1\\u724c: \\u4e0d\\u7965\\u4e0a\\u5e02\\u65f6\\u95f4: 2018-10\\u5c4f\\u5e55\\u5c3a\\u5bf8: 6.26\\u82f1\\u5bf8\\u4ea7\\u54c1\\u540d\\u79f0: \\u7545\\u73a98C\\u7535\\u6c60\\u5bb9\\u91cf: 4000mAh\\u673a\\u8eab\\u539a\\u5ea6: 0mm \\u672c\\u5e97\\u6240\\u6709\\u624b\\u673a\\u5168\\u90e8\\u6765\\u81ea\\u5b98\\u65b9\\u6b63\\u54c1\\uff0c\\u539f\\u88c5\\u5168\\u65b0\\u672a\\u62c6\\uff0c\\u5168\\u56fd\\u8054\\u4fdd\\uff0c\\u5230\\u8d27\\u652f\\u6301\\u552e\\u540e\\u70b9\\u68c0\\u6d4b\\u771f\\u5047\\uff01\\u5047\\u4e00\\u8d54\\u4e09\\uff0c\\u6b22\\u8fce\\u4eb2\\u4eec\\u9009\\u8d2d\\uff01      \\u4ef7\\u683c\\u8bf4\\u660e \\u5212\\u7ebf\\u4ef7\\u683c  \\u6307\\u5546\\u54c1\\u7684\\u4e13\\u67dc\\u4ef7\\u3001\\u540a\\u724c\\u4ef7\\u3001\\u6b63\\u54c1\\u96f6\\u552e\\u4ef7\\u3001\\u5382\\u5546\\u6307\\u5bfc\\u4ef7\\u6216\\u8be5\\u5546\\u54c1\\u7684\\u66fe\\u7ecf\\u5c55\\u793a\\u8fc7\\u7684\\u9500\\u552e\\u4ef7\\u7b49\\uff0c\\u5e76\\u975e\\u539f\\u4ef7\\uff0c\\u4ec5\\u4f9b\\u53c2\\u8003\\u3002  \\u672a\\u5212\\u7ebf\\u4ef7\\u683c  \\u6307\\u5546\\u54c1\\u7684\\u5b9e\\u65f6\\u6807\\u4ef7\\uff0c\\u4e0d\\u56e0\\u8868\\u8ff0\\u7684\\u5dee\\u5f02\\u6539\\u53d8\\u6027\\u8d28\\u3002\\u5177\\u4f53\\u6210\\u4ea4\\u4ef7\\u683c\\u6839\\u636e\\u5546\\u54c1\\u53c2\\u52a0\\u6d3b\\u52a8\\uff0c\\u6216\\u4f1a\\u5458\\u4f7f\\u7528\\u4f18\\u60e0\\u5238\\u3001\\u79ef\\u5206\\u7b49\\u53d1\\u751f\\u53d8\\u5316\\uff0c\\u6700\\u7ec8\\u4ee5\\u8ba2\\u5355\\u7ed3\\u7b97\\u9875\\u4ef7\\u683c\\u4e3a\\u51c6\\u3002  \\u5546\\u5bb6\\u8be6\\u60c5\\u9875\\uff08\\u542b\\u4e3b\\u56fe\\uff09\\u4ee5\\u56fe\\u7247\\u6216\\u6587\\u5b57\\u5f62\\u5f0f\\u6807\\u6ce8\\u7684\\u4e00\\u53e3\\u4ef7\\u3001\\u4fc3\\u9500\\u4ef7\\u3001\\u4f18\\u60e0\\u4ef7\\u7b49\\u4ef7\\u683c\\u53ef\\u80fd\\u662f\\u5728\\u4f7f\\u7528\\u4f18\\u60e0\\u5238\\u3001\\u6ee1\\u51cf\\u6216\\u7279\\u5b9a\\u4f18\\u60e0\\u6d3b\\u52a8\\u548c\\u65f6\\u6bb5\\u7b49\\u60c5\\u5f62\\u4e0b\\u7684\\u4ef7\\u683c\\uff0c\\u5177\\u4f53\\u8bf7\\u4ee5\\u7ed3\\u7b97\\u9875\\u9762\\u7684\\u6807\\u4ef7\\u3001\\u4f18\\u60e0\\u6761\\u4ef6\\u6216\\u6d3b\\u52a8\\u89c4\\u5219\\u4e3a\\u51c6\\u3002  \\u6b64\\u8bf4\\u660e\\u4ec5\\u5f53\\u51fa\\u73b0\\u4ef7\\u683c\\u6bd4\\u8f83\\u65f6\\u6709\\u6548\\uff0c\\u5177\\u4f53\\u8bf7\\u53c2\\u89c1\\u300a\\u6dd8\\u5b9d\\u4ef7\\u683c\\u53d1\\u5e03\\u89c4\\u8303\\u300b\\u3002\\u82e5\\u5546\\u5bb6\\u5355\\u72ec\\u5bf9\\u5212\\u7ebf\\u4ef7\\u683c\\u8fdb\\u884c\\u8bf4\\u660e\\u7684\\uff0c\\u4ee5\\u5546\\u5bb6\\u7684\\u8868\\u8ff0\\u4e3a\\u51c6\\u3002  \\u5b89\\u5168\\u63d0\\u793a\\uff1a \\u4ea4\\u6613\\u4e2d\\u8bf7\\u52ff\\u4f7f\\u7528\\u963f\\u91cc\\u65fa\\u65fa\\u4ee5\\u5916\\u7684\\u804a\\u5929\\u5de5\\u5177\\u6c9f\\u901a\\uff0c\\u4e0d\\u8981\\u63a5\\u6536\\u53ef\\u7591\\u6587\\u4ef6\\u548c\\u4e0d\\u8981\\u70b9\\u51fb\\u4e0d\\u660e\\u6765\\u6e90\\u7684\\u94fe\\u63a5\\uff0c\\u652f\\u4ed8\\u524d\\u6838\\u5b9e\\u597d\\u57df\\u540d\\u548c\\u652f\\u4ed8\\u8be6\\u60c5\\u3002 \\u6dd8\\u5b9d\\u4e0d\\u4f1a\\u4ee5\\u8ba2\\u5355\\u6709\\u95ee\\u9898\\uff0c\\u8ba9\\u60a8\\u63d0\\u4f9b\\u4efb\\u4f55\\u94f6\\u884c\\u5361\\u3001\\u5bc6\\u7801\\u3001\\u624b\\u673a\\u9a8c\\u8bc1\\u7801\\uff01\\u9047\\u5230\\u53ef\\u7591\\u60c5\\u51b5\\u53ef\\u5728\\u94b1\\u76fe\\u201c\\u8bc8\\u9a97\\u4e3e\\u62a5\\u201d\\u4e2d\\u8fdb\\u884c\\u4e3e\\u62a5, \\u5b89\\u5168\\u63a8\\u8350  \\u63a8\\u8350\\u5b89\\u5168\\u8f6f\\u4ef6\\uff1a  \\u94b1\\u76fe\\u94b1\\u76fe  UC\\u6d4f\\u89c8\\u5668UC\\u6d4f\\u89c8\\u5668  \\u5185\\u5bb9\\u7533\\u660e\\uff1a \\u6dd8\\u5b9d\\u4e3a\\u7b2c\\u4e09\\u65b9\\u4ea4\\u6613\\u5e73\\u53f0\\u53ca\\u4e92\\u8054\\u7f51\\u4fe1\\u606f\\u670d\\u52a1\\u63d0\\u4f9b\\u8005\\uff0c\\u6dd8\\u5b9d\\uff08\\u542b\\u7f51\\u7ad9\\u3001\\u5ba2\\u6237\\u7aef\\u7b49\\uff09\\u6240\\u5c55\\u793a\\u7684\\u5546\\u54c1\\/\\u670d\\u52a1\\u7684\\u6807\\u9898\\u3001\\u4ef7\\u683c\\u3001\\u8be6\\u60c5\\u7b49\\u4fe1\\u606f\\u5185\\u5bb9\\u7cfb\\u7531\\u5e97\\u94fa\\u7ecf\\u8425\\u8005\\u53d1\\u5e03\\uff0c\\u5176\\u771f\\u5b9e\\u6027\\u3001\\u51c6\\u786e\\u6027\\u548c\\u5408\\u6cd5\\u6027\\u5747\\u7531\\u5e97\\u94fa\\u7ecf\\u8425\\u8005\\u8d1f\\u8d23\\u3002\\u6dd8\\u5b9d\\u63d0\\u9192\\u7528\\u6237\\u8d2d\\u4e70\\u5546\\u54c1\\/\\u670d\\u52a1\\u524d\\u6ce8\\u610f\\u8c28\\u614e\\u6838\\u5b9e\\u3002\\u5982\\u7528\\u6237\\u5bf9\\u5546\\u54c1\\/\\u670d\\u52a1\\u7684\\u6807\\u9898\\u3001\\u4ef7\\u683c\\u3001\\u8be6\\u60c5\\u7b49\\u4efb\\u4f55\\u4fe1\\u606f\\u6709\\u4efb\\u4f55\\u7591\\u95ee\\u7684\\uff0c\\u8bf7\\u5728\\u8d2d\\u4e70\\u524d\\u901a\\u8fc7\\u963f\\u91cc\\u65fa\\u65fa\\u4e0e\\u5e97\\u94fa\\u7ecf\\u8425\\u8005\\u6c9f\\u901a\\u786e\\u8ba4\\uff1b\\u6dd8\\u5b9d\\u5b58\\u5728\\u6d77\\u91cf\\u5e97\\u94fa\\uff0c\\u5982\\u7528\\u6237\\u53d1\\u73b0\\u5e97\\u94fa\\u5185\\u6709\\u4efb\\u4f55\\u8fdd\\u6cd5\\/\\u4fb5\\u6743\\u4fe1\\u606f\\uff0c\\u8bf7\\u7acb\\u5373\\u5411\\u6dd8\\u5b9d\\u4e3e\\u62a5\\u5e76\\u63d0\\u4f9b\\u6709\\u6548\\u7ebf\\u7d22\\u3002 \\u963f\\u91cc\\u5df4\\u5df4\\u96c6\\u56e2|\\u6dd8\\u5b9d\\u7f51|\\u5929\\u732b|\\u805a\\u5212\\u7b97|\\u5168\\u7403\\u901f\\u5356\\u901a|\\u963f\\u91cc\\u5df4\\u5df4\\u56fd\\u9645\\u4ea4\\u6613\\u5e02\\u573a|1688|\\u963f\\u91cc\\u5988\\u5988|\\u98de\\u732a|\\u963f\\u91cc\\u4e91\\u8ba1\\u7b97|AliOS|\\u963f\\u91cc\\u901a\\u4fe1|\\u4e00\\u6dd8|\\u4e07\\u7f51|\\u9ad8\\u5fb7|UC|\\u53cb\\u76df \\u867e\\u7c73|\\u5927\\u9ea6\\u7f51|\\u9489\\u9489|\\u652f\\u4ed8\\u5b9d|\\u4f18\\u9177|\\u571f\\u8c46|\\u963f\\u91cc\\u5065\\u5eb7|\\u963f\\u91cc\\u5f71\\u4e1a|\\u963f\\u91cc\\u4f53\\u80b2|\\u7f51\\u5546\\u94f6\\u884c  \\u5173\\u4e8e\\u6dd8\\u5b9d\\u5408\\u4f5c\\u4f19\\u4f34\\u8425\\u9500\\u4e2d\\u5fc3\\u5ec9\\u6b63\\u4e3e\\u62a5\\u8054\\u7cfb\\u5ba2\\u670d\\u5f00\\u653e\\u5e73\\u53f0\\u8bda\\u5f81\\u82f1\\u624d\\u8054\\u7cfb\\u6211\\u4eec\\u7f51\\u7ad9\\u5730\\u56fe\\u9690\\u79c1\\u6743\\u653f\\u7b56\\u6cd5\\u5f8b\\u58f0\\u660e\\u77e5\\u8bc6\\u4ea7\\u6743 | \\u00a9 2003-\\u73b0\\u5728 Taobao.com \\u7248\\u6743\\u6240\\u6709  \\u589e\\u503c\\u7535\\u4fe1\\u4e1a\\u52a1\\u7ecf\\u8425\\u8bb8\\u53ef\\u8bc1\\uff1a\\u6d59B2-20080224|\\u589e\\u503c\\u7535\\u4fe1\\u4e1a\\u52a1\\u7ecf\\u8425\\u8bb8\\u53ef\\u8bc1\\uff08\\u8de8\\u5730\\u533a\\uff09\\uff1a B2-20150210|\\u7f51\\u7edc\\u6587\\u5316\\u7ecf\\u8425\\u8bb8\\u53ef\\u8bc1\\uff1a\\u6d59\\u7f51\\u6587[2016]0268-027\\u53f7|\\u6d59\\u6c5f\\u7701\\u7f51\\u7edc\\u98df\\u54c1\\u9500\\u552e\\u7b2c\\u4e09\\u65b9\\u5e73\\u53f0\\u63d0\\u4f9b\\u8005\\u5907\\u6848\\uff1a\\u6d59\\u7f51\\u98dfA33010001  \\u4e92\\u8054\\u7f51\\u836f\\u54c1\\u4fe1\\u606f\\u670d\\u52a1\\u8d44\\u683c\\u8bc1\\u4e66\\uff08\\u6d59\\uff09-\\u7ecf\\u8425\\u6027-2018-0010|\\u77ed\\u6d88\\u606f\\u7c7b\\u670d\\u52a1\\u63a5\\u5165\\u4ee3\\u7801\\u4f7f\\u7528\\u8bc1\\u4e66\\uff1a\\u53f7\\u30102016\\u301100154-A01|\\u4fe1\\u606f\\u7f51\\u7edc\\u4f20\\u64ad\\u89c6\\u542c\\u8bb8\\u53ef\\u8bc1\\uff1a1109364\\u53f7|\\u51fa\\u7248\\u7269\\u7f51\\u7edc\\u4ea4\\u6613\\u5e73\\u53f0\\u670d\\u52a1\\u7ecf\\u8425\\u5907\\u6848\\u53f7\\uff1a\\u65b0\\u51fa\\u53d1\\u6d59\\u5907\\u5b57\\u7b2c002\\u53f7   \\u6d59\\u516c\\u7f51\\u5b89\\u5907 33010002000078\\u53f7 |\\u5e7f\\u64ad\\u7535\\u89c6\\u8282\\u76ee\\u5236\\u4f5c\\u7ecf\\u8425\\u8bb8\\u53ef\\u8bc1\\uff08\\u6d59\\uff09\\u5b57\\u7b2c01012\\u53f7|\\u5e02\\u573a\\u540d\\u79f0\\u767b\\u8bb0\\u8bc1\\uff1a\\u5de5\\u5546\\u7f51\\u5e02\\u5b573301004120\\u53f7|\\u533b\\u7597\\u5668\\u68b0\\u7f51\\u7edc\\u4ea4\\u6613\\u670d\\u52a1\\u7b2c\\u4e09\\u65b9\\u5e73\\u53f0\\u5907\\u6848\\uff1a\\uff08\\u6d59\\uff09\\u7f51\\u68b0\\u5e73\\u53f0\\u5907\\u5b57[2018]\\u7b2c00004\\u53f7\",\"category_id\":null,\"description\":\"<ul>\\r\\n\\t<li>CCC\\u8bc1\\u4e66\\u7f16\\u53f7:&nbsp;<a href=\\\"https:\\/\\/baike.taobao.com\\/view.htm?wd=2018011606105291&amp;ac=29\\\" onclick=\\\"javascript:goldlog.record(\'\\/egatekeeper.333\',\'\',\'\',\'H46896570\')\\\" target=\\\"blank\\\">2018011606105291<\\/a><\\/li>\\r\\n\\t<li>\\u4ea7\\u54c1\\u540d\\u79f0:&nbsp;honor\\/\\u8363\\u8000 \\u7545\\u73a98C<\\/li>\\r\\n\\t<li>\\u7f51\\u7edc\\u7c7b\\u578b:&nbsp;4G\\u5168\\u7f51\\u901a 4G+\\u5168\\u7f51\\u901a<\\/li>\\r\\n\\t<li>\\u54c1\\u724c:&nbsp;honor\\/\\u8363\\u8000<\\/li>\\r\\n\\t<li>\\u578b\\u53f7:&nbsp;\\u7545\\u73a98C<\\/li>\\r\\n\\t<li>\\u5b9d\\u8d1d\\u6210\\u8272:&nbsp;\\u5168\\u65b0<\\/li>\\r\\n\\t<li>\\u552e\\u540e\\u670d\\u52a1:&nbsp;\\u5168\\u56fd\\u8054\\u4fdd<\\/li>\\r\\n\\t<li>\\u7535\\u6c60\\u7c7b\\u578b:&nbsp;\\u4e0d\\u7965<\\/li>\\r\\n\\t<li>\\u5206\\u8fa8\\u7387:&nbsp;1520x720<\\/li>\\r\\n\\t<li>\\u6838\\u5fc3\\u6570:&nbsp;\\u4e0d\\u7965<\\/li>\\r\\n\\t<li>\\u673a\\u8eab\\u989c\\u8272:&nbsp;8C\\uff084+32G\\uff09\\u94c2\\u5149\\u91d1\\u5047\\u4e00\\u8d54\\u4e09 8C\\uff084+32G\\uff09\\u5e7b\\u591c\\u9ed1\\u5047\\u4e00\\u8d54\\u4e09 8C\\uff084+32G\\uff09\\u6781\\u5149\\u84dd\\u5047\\u4e00\\u8d54\\u4e09 8C\\uff084+32G\\uff09\\u661f\\u4e91\\u7d2b\\u5047\\u4e00\\u8d54\\u4e09 8X\\uff084+64G\\uff09\\u68a6\\u5e7b\\u7d2b\\u5047\\u4e00\\u8d54\\u4e09 8X\\uff084+64G\\uff09\\u5e7b\\u591c\\u9ed1\\u5047\\u4e00\\u8d54\\u4e09 8X\\uff084+64G\\uff09\\u9b45\\u6d77\\u84dd\\u5047\\u4e00\\u8d54\\u4e09 8X\\uff084+64G\\uff09\\u9b45\\u7130\\u7ea2\\u5047\\u4e00\\u8d54\\u4e09<\\/li>\\r\\n\\t<li>\\u5957\\u9910\\u7c7b\\u578b:&nbsp;\\u5b98\\u65b9\\u6807\\u914d<\\/li>\\r\\n\\t<li>\\u89e6\\u6478\\u5c4f\\u7c7b\\u578b:&nbsp;\\u4e0d\\u7965<\\/li>\\r\\n\\t<li>\\u952e\\u76d8\\u7c7b\\u578b:&nbsp;\\u865a\\u62df\\u5bfc\\u822a\\u952e<\\/li>\\r\\n\\t<li>\\u540e\\u7f6e\\u6444\\u50cf\\u5934:&nbsp;1300\\u4e07\\u50cf\\u7d20\\uff08\\u5f69\\u8272\\uff0cf\\/1.8\\u5149\\u5708\\uff09+200\\u4e07\\u50cf\\u7d20\\uff08\\u9ed1\\u767d\\uff0c<\\/li>\\r\\n\\t<li>\\u8fd0\\u884c\\u5185\\u5b58RAM:&nbsp;4GB<\\/li>\\r\\n\\t<li>\\u5b58\\u50a8\\u5bb9\\u91cf:&nbsp;16GB 32GB 64GB<\\/li>\\r\\n\\t<li>\\u624b\\u673a\\u7c7b\\u578b:&nbsp;\\u4e0d\\u7965<\\/li>\\r\\n\\t<li>\\u6444\\u50cf\\u5934\\u7c7b\\u578b:&nbsp;\\u4e0d\\u7965<\\/li>\\r\\n\\t<li>\\u7f51\\u7edc\\u6a21\\u5f0f:&nbsp;\\u53cc\\u5361\\u53cc\\u5f85<\\/li>\\r\\n\\t<li>\\u7535\\u4fe1\\u8bbe\\u5907\\u8fdb\\u7f51\\u8bb8\\u53ef\\u8bc1\\u7f16\\u53f7:&nbsp;02-5043-183016<\\/li>\\r\\n\\t<li>\\u9644\\u52a0\\u529f\\u80fd:&nbsp;\\u4e0d\\u7965<\\/li>\\r\\n\\t<li>\\u7248\\u672c\\u7c7b\\u578b:&nbsp;\\u4e2d\\u56fd\\u5927\\u9646<\\/li>\\r\\n\\t<li>\\u64cd\\u4f5c\\u7cfb\\u7edf:&nbsp;Android 8.1<\\/li>\\r\\n\\t<li>\\u6b3e\\u5f0f:&nbsp;\\u76f4\\u677f<\\/li>\\r\\n\\t<li>\\u89c6\\u9891\\u663e\\u793a\\u683c\\u5f0f:&nbsp;\\u4e0d\\u7965<\\/li>\\r\\n\\t<li>CPU\\u54c1\\u724c:&nbsp;\\u4e0d\\u7965<\\/li>\\r\\n\\t<li>\\u4e0a\\u5e02\\u65f6\\u95f4:&nbsp;2018-10<\\/li>\\r\\n\\t<li>\\u5c4f\\u5e55\\u5c3a\\u5bf8:&nbsp;6.26\\u82f1\\u5bf8<\\/li>\\r\\n\\t<li>\\u4ea7\\u54c1\\u540d\\u79f0:&nbsp;\\u7545\\u73a98C<\\/li>\\r\\n\\t<li>\\u7535\\u6c60\\u5bb9\\u91cf:&nbsp;4000mAh<\\/li>\\r\\n\\t<li>\\u673a\\u8eab\\u539a\\u5ea6:&nbsp;0mm<\\/li>\\r\\n<\\/ul>\",\"on_sale\":\"1\",\"crowdfunding\":{\"target_amount\":\"500\",\"end_at\":\"2019-06-30 00:00:00\"},\"skus\":{\"new___LA_KEY__\":{\"title\":\"honor\\/\\u8363\\u8000 \\u7545\\u73a98C\\u5168\\u7f51\\u901a4G\\u624b\\u673a\\u7545\\u73a97C\\u7545\\u73a98X7A\",\"description\":\"8c(4+32G)\\u94c2\\u5149\\u91d1 \\u5047\\u4e00\\u8d54\\u4e09\",\"price\":\"800\",\"stock\":\"150\",\"id\":null,\"_remove_\":\"0\"}},\"_token\":\"7Jq4YxiRIB0Qyo0Eoy9Cen5Bzv8dTD7Q6TIL4E54\"}', '2019-06-18 10:14:52', '2019-06-18 10:14:52');
INSERT INTO `admin_operation_log` VALUES ('109', '1', 'admin/crowdfunding_products/create', 'GET', '192.168.10.1', '[]', '2019-06-18 10:15:03', '2019-06-18 10:15:03');
INSERT INTO `admin_operation_log` VALUES ('110', '1', 'admin/api/categories', 'GET', '192.168.10.1', '{\"is_directory\":\"0\",\"q\":\"biji\"}', '2019-06-18 10:15:10', '2019-06-18 10:15:10');
INSERT INTO `admin_operation_log` VALUES ('111', '1', 'admin/api/categories', 'GET', '192.168.10.1', '{\"is_directory\":\"0\",\"q\":\"bijib\"}', '2019-06-18 10:15:10', '2019-06-18 10:15:10');
INSERT INTO `admin_operation_log` VALUES ('112', '1', 'admin/api/categories', 'GET', '192.168.10.1', '{\"is_directory\":\"0\",\"q\":\"bi\"}', '2019-06-18 10:15:10', '2019-06-18 10:15:10');
INSERT INTO `admin_operation_log` VALUES ('113', '1', 'admin/api/categories', 'GET', '192.168.10.1', '{\"is_directory\":\"0\",\"q\":\"\\u7b14\\u8bb0\\u672c\"}', '2019-06-18 10:15:12', '2019-06-18 10:15:12');
INSERT INTO `admin_operation_log` VALUES ('114', '1', 'admin/crowdfunding_products', 'POST', '192.168.10.1', '{\"type\":\"crowdfunding\",\"title\":\"\\uff08\\u8d601\\u5e74\\u5f71\\u89c6\\u4f1a\\u5458\\uff09honor\\/\\u8363\\u8000 \\u7545\\u73a98C\\u5168\\u7f51\\u901a4G\\u624b\\u673a\\u7545\\u73a97C\\u7545\\u73a98X7A \\u4ef7\\u683c \\u00a5789.00 - 1149.00 3 \\u7d2f\\u8ba1\\u8bc4\\u8bba - \\u4ea4\\u6613\\u6210\\u529f \\u673a\\u8eab\\u989c\\u8272 8C\\uff084+32G\\uff09\\u94c2\\u5149\\u91d1\\u5047\\u4e00\\u8d54\\u4e09 8C\\uff084+32G\\uff09\\u5e7b\\u591c\\u9ed1\\u5047\\u4e00\\u8d54\\u4e09 8C\\uff084+32G\\uff09\\u6781\\u5149\\u84dd\\u5047\\u4e00\\u8d54\\u4e09 8C\\uff084+32G\\uff09\\u661f\\u4e91\\u7d2b\\u5047\\u4e00\\u8d54\\u4e09 8X\\uff084+64G\\uff09\\u68a6\\u5e7b\\u7d2b\\u5047\\u4e00\\u8d54\\u4e09 8X\\uff084+64G\\uff09\\u5e7b\\u591c\\u9ed1\\u5047\\u4e00\\u8d54\\u4e09 8X\\uff084+64G\\uff09\\u9b45\\u6d77\\u84dd\\u5047\\u4e00\\u8d54\\u4e09 8X\\uff084+64G\\uff09\\u9b45\\u7130\\u7ea2\\u5047\\u4e00\\u8d54\\u4e09 \\u5957\\u9910\\u7c7b\\u578b \\u5b98\\u65b9\\u6807\\u914d \\u5b58\\u50a8\\u5bb9\\u91cf 16GB 32GB 64GB \\u7248\\u672c\\u7c7b\\u578b \\u4e2d\\u56fd\\u5927\\u9646 \\u6570\\u91cf 1 \\u4ef6 (\\u5e93\\u5b582\\u4ef6) \\u670d\\u52a1 \\u53ef\\u9009\\u8d2d \\u788e\\u5c4f\\u4e00\\u5e74\\u4fdd\\u00a524.98\\u8be6\\u60c5 \\u7acb\\u5373\\u8d2d\\u4e70 \\u52a0\\u5165\\u8d2d\\u7269\\u8f66 \\u652f\\u6301 \\u6298\\u65e7\\u53d8\\u73b0\\uff0c\\u4e70\\u65b0\\u66f4\\u7701\\u94b1\\u3002\\u8be6\\u60c5  \\u4e09\\u7f51\\u901a\\u8baf\\u79d1\\u6280 \\u4fe1\\u8a89\\uff1a \\u638c\\u67dc\\uff1a skhh811000 \\u8054\\u7cfb\\uff1a \\u8d44\\u8d28\\uff1a 50000\\u5143 \\u63cf\\u8ff0 4.7 \\u670d\\u52a1 4.7 \\u7269\\u6d41 4.8 \\u8fdb\\u5165\\u5e97\\u94fa\\u6536\\u85cf\\u5e97\\u94fa \\u770b\\u4e86\\u53c8\\u770b \\u73b0\\u8d27\\u79d2\\u53d1Xiaomi\\/\\u5c0f\\u7c73 Redmi K20 \\u9a81\\u9f99 855\\u624b\\u673a\\u5b98\\u65b9\\u6b63\\u54c1K20Pro\\u65b0\\u54c1 \\u00a52099.00  \\u79d2\\u53d1 \\u4e09\\u661fa60 Samsung\\/\\u4e09\\u661f Galaxy A60 SM-A6060\\u5143\\u6c14\\u7248 \\u4e09\\u661fa60 \\u00a51458.00  \\u79d2\\u53d1 realme X\\u9752\\u6625\\u7248\\u5b98\\u65b9\\u6b63\\u54c1\\u65d7\\u8230\\u62cd\\u7167\\u667a\\u80fd\\u624b\\u673aOPPO\\u65b0\\u54c1realmex \\u00a51108.00  \\u8054\\u60f3Z5progt- Lenovo\\/\\u8054\\u60f3 Z5 Pro GT \\u9a81\\u9f99855\\u6ed1\\u76d6\\u624b\\u673a\\u8054\\u60f3Z6pro \\u00a51068.00    \\u641c\\u672c\\u5e97 \\u5b9d\\u8d1d\\u8be6\\u60c5 \\u7d2f\\u8ba1\\u8bc4\\u8bba 3 \\u4e13\\u4eab\\u670d\\u52a1 CCC\\u8bc1\\u4e66\\u7f16\\u53f7: 2018011606105291\\u4ea7\\u54c1\\u540d\\u79f0: honor\\/\\u8363\\u8000 \\u7545\\u73a98C\\u7f51\\u7edc\\u7c7b\\u578b: 4G\\u5168\\u7f51\\u901a 4G+\\u5168\\u7f51\\u901a\\u54c1\\u724c: honor\\/\\u8363\\u8000\\u578b\\u53f7: \\u7545\\u73a98C\\u5b9d\\u8d1d\\u6210\\u8272: \\u5168\\u65b0\\u552e\\u540e\\u670d\\u52a1: \\u5168\\u56fd\\u8054\\u4fdd\\u7535\\u6c60\\u7c7b\\u578b: \\u4e0d\\u7965\\u5206\\u8fa8\\u7387: 1520x720\\u6838\\u5fc3\\u6570: \\u4e0d\\u7965\\u673a\\u8eab\\u989c\\u8272: 8C\\uff084+32G\\uff09\\u94c2\\u5149\\u91d1\\u5047\\u4e00\\u8d54\\u4e09 8C\\uff084+32G\\uff09\\u5e7b\\u591c\\u9ed1\\u5047\\u4e00\\u8d54\\u4e09 8C\\uff084+32G\\uff09\\u6781\\u5149\\u84dd\\u5047\\u4e00\\u8d54\\u4e09 8C\\uff084+32G\\uff09\\u661f\\u4e91\\u7d2b\\u5047\\u4e00\\u8d54\\u4e09 8X\\uff084+64G\\uff09\\u68a6\\u5e7b\\u7d2b\\u5047\\u4e00\\u8d54\\u4e09 8X\\uff084+64G\\uff09\\u5e7b\\u591c\\u9ed1\\u5047\\u4e00\\u8d54\\u4e09 8X\\uff084+64G\\uff09\\u9b45\\u6d77\\u84dd\\u5047\\u4e00\\u8d54\\u4e09 8X\\uff084+64G\\uff09\\u9b45\\u7130\\u7ea2\\u5047\\u4e00\\u8d54\\u4e09\\u5957\\u9910\\u7c7b\\u578b: \\u5b98\\u65b9\\u6807\\u914d\\u89e6\\u6478\\u5c4f\\u7c7b\\u578b: \\u4e0d\\u7965\\u952e\\u76d8\\u7c7b\\u578b: \\u865a\\u62df\\u5bfc\\u822a\\u952e\\u540e\\u7f6e\\u6444\\u50cf\\u5934: 1300\\u4e07\\u50cf\\u7d20\\uff08\\u5f69\\u8272\\uff0cf\\/1.8\\u5149\\u5708\\uff09+200\\u4e07\\u50cf\\u7d20\\uff08\\u9ed1\\u767d\\uff0c\\u8fd0\\u884c\\u5185\\u5b58RAM: 4GB\\u5b58\\u50a8\\u5bb9\\u91cf: 16GB 32GB 64GB\\u624b\\u673a\\u7c7b\\u578b: \\u4e0d\\u7965\\u6444\\u50cf\\u5934\\u7c7b\\u578b: \\u4e0d\\u7965\\u7f51\\u7edc\\u6a21\\u5f0f: \\u53cc\\u5361\\u53cc\\u5f85\\u7535\\u4fe1\\u8bbe\\u5907\\u8fdb\\u7f51\\u8bb8\\u53ef\\u8bc1\\u7f16\\u53f7: 02-5043-183016\\u9644\\u52a0\\u529f\\u80fd: \\u4e0d\\u7965\\u7248\\u672c\\u7c7b\\u578b: \\u4e2d\\u56fd\\u5927\\u9646\\u64cd\\u4f5c\\u7cfb\\u7edf: Android 8.1\\u6b3e\\u5f0f: \\u76f4\\u677f\\u89c6\\u9891\\u663e\\u793a\\u683c\\u5f0f: \\u4e0d\\u7965CPU\\u54c1\\u724c: \\u4e0d\\u7965\\u4e0a\\u5e02\\u65f6\\u95f4: 2018-10\\u5c4f\\u5e55\\u5c3a\\u5bf8: 6.26\\u82f1\\u5bf8\\u4ea7\\u54c1\\u540d\\u79f0: \\u7545\\u73a98C\\u7535\\u6c60\\u5bb9\\u91cf: 4000mAh\\u673a\\u8eab\\u539a\\u5ea6: 0mm \\u672c\\u5e97\\u6240\\u6709\\u624b\\u673a\\u5168\\u90e8\\u6765\\u81ea\\u5b98\\u65b9\\u6b63\\u54c1\\uff0c\\u539f\\u88c5\\u5168\\u65b0\\u672a\\u62c6\\uff0c\\u5168\\u56fd\\u8054\\u4fdd\\uff0c\\u5230\\u8d27\\u652f\\u6301\\u552e\\u540e\\u70b9\\u68c0\\u6d4b\\u771f\\u5047\\uff01\\u5047\\u4e00\\u8d54\\u4e09\\uff0c\\u6b22\\u8fce\\u4eb2\\u4eec\\u9009\\u8d2d\\uff01      \\u4ef7\\u683c\\u8bf4\\u660e \\u5212\\u7ebf\\u4ef7\\u683c  \\u6307\\u5546\\u54c1\\u7684\\u4e13\\u67dc\\u4ef7\\u3001\\u540a\\u724c\\u4ef7\\u3001\\u6b63\\u54c1\\u96f6\\u552e\\u4ef7\\u3001\\u5382\\u5546\\u6307\\u5bfc\\u4ef7\\u6216\\u8be5\\u5546\\u54c1\\u7684\\u66fe\\u7ecf\\u5c55\\u793a\\u8fc7\\u7684\\u9500\\u552e\\u4ef7\\u7b49\\uff0c\\u5e76\\u975e\\u539f\\u4ef7\\uff0c\\u4ec5\\u4f9b\\u53c2\\u8003\\u3002  \\u672a\\u5212\\u7ebf\\u4ef7\\u683c  \\u6307\\u5546\\u54c1\\u7684\\u5b9e\\u65f6\\u6807\\u4ef7\\uff0c\\u4e0d\\u56e0\\u8868\\u8ff0\\u7684\\u5dee\\u5f02\\u6539\\u53d8\\u6027\\u8d28\\u3002\\u5177\\u4f53\\u6210\\u4ea4\\u4ef7\\u683c\\u6839\\u636e\\u5546\\u54c1\\u53c2\\u52a0\\u6d3b\\u52a8\\uff0c\\u6216\\u4f1a\\u5458\\u4f7f\\u7528\\u4f18\\u60e0\\u5238\\u3001\\u79ef\\u5206\\u7b49\\u53d1\\u751f\\u53d8\\u5316\\uff0c\\u6700\\u7ec8\\u4ee5\\u8ba2\\u5355\\u7ed3\\u7b97\\u9875\\u4ef7\\u683c\\u4e3a\\u51c6\\u3002  \\u5546\\u5bb6\\u8be6\\u60c5\\u9875\\uff08\\u542b\\u4e3b\\u56fe\\uff09\\u4ee5\\u56fe\\u7247\\u6216\\u6587\\u5b57\\u5f62\\u5f0f\\u6807\\u6ce8\\u7684\\u4e00\\u53e3\\u4ef7\\u3001\\u4fc3\\u9500\\u4ef7\\u3001\\u4f18\\u60e0\\u4ef7\\u7b49\\u4ef7\\u683c\\u53ef\\u80fd\\u662f\\u5728\\u4f7f\\u7528\\u4f18\\u60e0\\u5238\\u3001\\u6ee1\\u51cf\\u6216\\u7279\\u5b9a\\u4f18\\u60e0\\u6d3b\\u52a8\\u548c\\u65f6\\u6bb5\\u7b49\\u60c5\\u5f62\\u4e0b\\u7684\\u4ef7\\u683c\\uff0c\\u5177\\u4f53\\u8bf7\\u4ee5\\u7ed3\\u7b97\\u9875\\u9762\\u7684\\u6807\\u4ef7\\u3001\\u4f18\\u60e0\\u6761\\u4ef6\\u6216\\u6d3b\\u52a8\\u89c4\\u5219\\u4e3a\\u51c6\\u3002  \\u6b64\\u8bf4\\u660e\\u4ec5\\u5f53\\u51fa\\u73b0\\u4ef7\\u683c\\u6bd4\\u8f83\\u65f6\\u6709\\u6548\\uff0c\\u5177\\u4f53\\u8bf7\\u53c2\\u89c1\\u300a\\u6dd8\\u5b9d\\u4ef7\\u683c\\u53d1\\u5e03\\u89c4\\u8303\\u300b\\u3002\\u82e5\\u5546\\u5bb6\\u5355\\u72ec\\u5bf9\\u5212\\u7ebf\\u4ef7\\u683c\\u8fdb\\u884c\\u8bf4\\u660e\\u7684\\uff0c\\u4ee5\\u5546\\u5bb6\\u7684\\u8868\\u8ff0\\u4e3a\\u51c6\\u3002  \\u5b89\\u5168\\u63d0\\u793a\\uff1a \\u4ea4\\u6613\\u4e2d\\u8bf7\\u52ff\\u4f7f\\u7528\\u963f\\u91cc\\u65fa\\u65fa\\u4ee5\\u5916\\u7684\\u804a\\u5929\\u5de5\\u5177\\u6c9f\\u901a\\uff0c\\u4e0d\\u8981\\u63a5\\u6536\\u53ef\\u7591\\u6587\\u4ef6\\u548c\\u4e0d\\u8981\\u70b9\\u51fb\\u4e0d\\u660e\\u6765\\u6e90\\u7684\\u94fe\\u63a5\\uff0c\\u652f\\u4ed8\\u524d\\u6838\\u5b9e\\u597d\\u57df\\u540d\\u548c\\u652f\\u4ed8\\u8be6\\u60c5\\u3002 \\u6dd8\\u5b9d\\u4e0d\\u4f1a\\u4ee5\\u8ba2\\u5355\\u6709\\u95ee\\u9898\\uff0c\\u8ba9\\u60a8\\u63d0\\u4f9b\\u4efb\\u4f55\\u94f6\\u884c\\u5361\\u3001\\u5bc6\\u7801\\u3001\\u624b\\u673a\\u9a8c\\u8bc1\\u7801\\uff01\\u9047\\u5230\\u53ef\\u7591\\u60c5\\u51b5\\u53ef\\u5728\\u94b1\\u76fe\\u201c\\u8bc8\\u9a97\\u4e3e\\u62a5\\u201d\\u4e2d\\u8fdb\\u884c\\u4e3e\\u62a5, \\u5b89\\u5168\\u63a8\\u8350  \\u63a8\\u8350\\u5b89\\u5168\\u8f6f\\u4ef6\\uff1a  \\u94b1\\u76fe\\u94b1\\u76fe  UC\\u6d4f\\u89c8\\u5668UC\\u6d4f\\u89c8\\u5668  \\u5185\\u5bb9\\u7533\\u660e\\uff1a \\u6dd8\\u5b9d\\u4e3a\\u7b2c\\u4e09\\u65b9\\u4ea4\\u6613\\u5e73\\u53f0\\u53ca\\u4e92\\u8054\\u7f51\\u4fe1\\u606f\\u670d\\u52a1\\u63d0\\u4f9b\\u8005\\uff0c\\u6dd8\\u5b9d\\uff08\\u542b\\u7f51\\u7ad9\\u3001\\u5ba2\\u6237\\u7aef\\u7b49\\uff09\\u6240\\u5c55\\u793a\\u7684\\u5546\\u54c1\\/\\u670d\\u52a1\\u7684\\u6807\\u9898\\u3001\\u4ef7\\u683c\\u3001\\u8be6\\u60c5\\u7b49\\u4fe1\\u606f\\u5185\\u5bb9\\u7cfb\\u7531\\u5e97\\u94fa\\u7ecf\\u8425\\u8005\\u53d1\\u5e03\\uff0c\\u5176\\u771f\\u5b9e\\u6027\\u3001\\u51c6\\u786e\\u6027\\u548c\\u5408\\u6cd5\\u6027\\u5747\\u7531\\u5e97\\u94fa\\u7ecf\\u8425\\u8005\\u8d1f\\u8d23\\u3002\\u6dd8\\u5b9d\\u63d0\\u9192\\u7528\\u6237\\u8d2d\\u4e70\\u5546\\u54c1\\/\\u670d\\u52a1\\u524d\\u6ce8\\u610f\\u8c28\\u614e\\u6838\\u5b9e\\u3002\\u5982\\u7528\\u6237\\u5bf9\\u5546\\u54c1\\/\\u670d\\u52a1\\u7684\\u6807\\u9898\\u3001\\u4ef7\\u683c\\u3001\\u8be6\\u60c5\\u7b49\\u4efb\\u4f55\\u4fe1\\u606f\\u6709\\u4efb\\u4f55\\u7591\\u95ee\\u7684\\uff0c\\u8bf7\\u5728\\u8d2d\\u4e70\\u524d\\u901a\\u8fc7\\u963f\\u91cc\\u65fa\\u65fa\\u4e0e\\u5e97\\u94fa\\u7ecf\\u8425\\u8005\\u6c9f\\u901a\\u786e\\u8ba4\\uff1b\\u6dd8\\u5b9d\\u5b58\\u5728\\u6d77\\u91cf\\u5e97\\u94fa\\uff0c\\u5982\\u7528\\u6237\\u53d1\\u73b0\\u5e97\\u94fa\\u5185\\u6709\\u4efb\\u4f55\\u8fdd\\u6cd5\\/\\u4fb5\\u6743\\u4fe1\\u606f\\uff0c\\u8bf7\\u7acb\\u5373\\u5411\\u6dd8\\u5b9d\\u4e3e\\u62a5\\u5e76\\u63d0\\u4f9b\\u6709\\u6548\\u7ebf\\u7d22\\u3002 \\u963f\\u91cc\\u5df4\\u5df4\\u96c6\\u56e2|\\u6dd8\\u5b9d\\u7f51|\\u5929\\u732b|\\u805a\\u5212\\u7b97|\\u5168\\u7403\\u901f\\u5356\\u901a|\\u963f\\u91cc\\u5df4\\u5df4\\u56fd\\u9645\\u4ea4\\u6613\\u5e02\\u573a|1688|\\u963f\\u91cc\\u5988\\u5988|\\u98de\\u732a|\\u963f\\u91cc\\u4e91\\u8ba1\\u7b97|AliOS|\\u963f\\u91cc\\u901a\\u4fe1|\\u4e00\\u6dd8|\\u4e07\\u7f51|\\u9ad8\\u5fb7|UC|\\u53cb\\u76df \\u867e\\u7c73|\\u5927\\u9ea6\\u7f51|\\u9489\\u9489|\\u652f\\u4ed8\\u5b9d|\\u4f18\\u9177|\\u571f\\u8c46|\\u963f\\u91cc\\u5065\\u5eb7|\\u963f\\u91cc\\u5f71\\u4e1a|\\u963f\\u91cc\\u4f53\\u80b2|\\u7f51\\u5546\\u94f6\\u884c  \\u5173\\u4e8e\\u6dd8\\u5b9d\\u5408\\u4f5c\\u4f19\\u4f34\\u8425\\u9500\\u4e2d\\u5fc3\\u5ec9\\u6b63\\u4e3e\\u62a5\\u8054\\u7cfb\\u5ba2\\u670d\\u5f00\\u653e\\u5e73\\u53f0\\u8bda\\u5f81\\u82f1\\u624d\\u8054\\u7cfb\\u6211\\u4eec\\u7f51\\u7ad9\\u5730\\u56fe\\u9690\\u79c1\\u6743\\u653f\\u7b56\\u6cd5\\u5f8b\\u58f0\\u660e\\u77e5\\u8bc6\\u4ea7\\u6743 | \\u00a9 2003-\\u73b0\\u5728 Taobao.com \\u7248\\u6743\\u6240\\u6709  \\u589e\\u503c\\u7535\\u4fe1\\u4e1a\\u52a1\\u7ecf\\u8425\\u8bb8\\u53ef\\u8bc1\\uff1a\\u6d59B2-20080224|\\u589e\\u503c\\u7535\\u4fe1\\u4e1a\\u52a1\\u7ecf\\u8425\\u8bb8\\u53ef\\u8bc1\\uff08\\u8de8\\u5730\\u533a\\uff09\\uff1a B2-20150210|\\u7f51\\u7edc\\u6587\\u5316\\u7ecf\\u8425\\u8bb8\\u53ef\\u8bc1\\uff1a\\u6d59\\u7f51\\u6587[2016]0268-027\\u53f7|\\u6d59\\u6c5f\\u7701\\u7f51\\u7edc\\u98df\\u54c1\\u9500\\u552e\\u7b2c\\u4e09\\u65b9\\u5e73\\u53f0\\u63d0\\u4f9b\\u8005\\u5907\\u6848\\uff1a\\u6d59\\u7f51\\u98dfA33010001  \\u4e92\\u8054\\u7f51\\u836f\\u54c1\\u4fe1\\u606f\\u670d\\u52a1\\u8d44\\u683c\\u8bc1\\u4e66\\uff08\\u6d59\\uff09-\\u7ecf\\u8425\\u6027-2018-0010|\\u77ed\\u6d88\\u606f\\u7c7b\\u670d\\u52a1\\u63a5\\u5165\\u4ee3\\u7801\\u4f7f\\u7528\\u8bc1\\u4e66\\uff1a\\u53f7\\u30102016\\u301100154-A01|\\u4fe1\\u606f\\u7f51\\u7edc\\u4f20\\u64ad\\u89c6\\u542c\\u8bb8\\u53ef\\u8bc1\\uff1a1109364\\u53f7|\\u51fa\\u7248\\u7269\\u7f51\\u7edc\\u4ea4\\u6613\\u5e73\\u53f0\\u670d\\u52a1\\u7ecf\\u8425\\u5907\\u6848\\u53f7\\uff1a\\u65b0\\u51fa\\u53d1\\u6d59\\u5907\\u5b57\\u7b2c002\\u53f7   \\u6d59\\u516c\\u7f51\\u5b89\\u5907 33010002000078\\u53f7 |\\u5e7f\\u64ad\\u7535\\u89c6\\u8282\\u76ee\\u5236\\u4f5c\\u7ecf\\u8425\\u8bb8\\u53ef\\u8bc1\\uff08\\u6d59\\uff09\\u5b57\\u7b2c01012\\u53f7|\\u5e02\\u573a\\u540d\\u79f0\\u767b\\u8bb0\\u8bc1\\uff1a\\u5de5\\u5546\\u7f51\\u5e02\\u5b573301004120\\u53f7|\\u533b\\u7597\\u5668\\u68b0\\u7f51\\u7edc\\u4ea4\\u6613\\u670d\\u52a1\\u7b2c\\u4e09\\u65b9\\u5e73\\u53f0\\u5907\\u6848\\uff1a\\uff08\\u6d59\\uff09\\u7f51\\u68b0\\u5e73\\u53f0\\u5907\\u5b57[2018]\\u7b2c00004\\u53f7\",\"category_id\":\"18\",\"description\":\"<ul>\\r\\n\\t<li>CCC\\u8bc1\\u4e66\\u7f16\\u53f7:&nbsp;<a href=\\\"https:\\/\\/baike.taobao.com\\/view.htm?wd=2018011606105291&amp;ac=29\\\" onclick=\\\"javascript:goldlog.record(\'\\/egatekeeper.333\',\'\',\'\',\'H46896570\')\\\" target=\\\"blank\\\">2018011606105291<\\/a><\\/li>\\r\\n\\t<li>\\u4ea7\\u54c1\\u540d\\u79f0:&nbsp;honor\\/\\u8363\\u8000 \\u7545\\u73a98C<\\/li>\\r\\n\\t<li>\\u7f51\\u7edc\\u7c7b\\u578b:&nbsp;4G\\u5168\\u7f51\\u901a 4G+\\u5168\\u7f51\\u901a<\\/li>\\r\\n\\t<li>\\u54c1\\u724c:&nbsp;honor\\/\\u8363\\u8000<\\/li>\\r\\n\\t<li>\\u578b\\u53f7:&nbsp;\\u7545\\u73a98C<\\/li>\\r\\n\\t<li>\\u5b9d\\u8d1d\\u6210\\u8272:&nbsp;\\u5168\\u65b0<\\/li>\\r\\n\\t<li>\\u552e\\u540e\\u670d\\u52a1:&nbsp;\\u5168\\u56fd\\u8054\\u4fdd<\\/li>\\r\\n\\t<li>\\u7535\\u6c60\\u7c7b\\u578b:&nbsp;\\u4e0d\\u7965<\\/li>\\r\\n\\t<li>\\u5206\\u8fa8\\u7387:&nbsp;1520x720<\\/li>\\r\\n\\t<li>\\u6838\\u5fc3\\u6570:&nbsp;\\u4e0d\\u7965<\\/li>\\r\\n\\t<li>\\u673a\\u8eab\\u989c\\u8272:&nbsp;8C\\uff084+32G\\uff09\\u94c2\\u5149\\u91d1\\u5047\\u4e00\\u8d54\\u4e09 8C\\uff084+32G\\uff09\\u5e7b\\u591c\\u9ed1\\u5047\\u4e00\\u8d54\\u4e09 8C\\uff084+32G\\uff09\\u6781\\u5149\\u84dd\\u5047\\u4e00\\u8d54\\u4e09 8C\\uff084+32G\\uff09\\u661f\\u4e91\\u7d2b\\u5047\\u4e00\\u8d54\\u4e09 8X\\uff084+64G\\uff09\\u68a6\\u5e7b\\u7d2b\\u5047\\u4e00\\u8d54\\u4e09 8X\\uff084+64G\\uff09\\u5e7b\\u591c\\u9ed1\\u5047\\u4e00\\u8d54\\u4e09 8X\\uff084+64G\\uff09\\u9b45\\u6d77\\u84dd\\u5047\\u4e00\\u8d54\\u4e09 8X\\uff084+64G\\uff09\\u9b45\\u7130\\u7ea2\\u5047\\u4e00\\u8d54\\u4e09<\\/li>\\r\\n\\t<li>\\u5957\\u9910\\u7c7b\\u578b:&nbsp;\\u5b98\\u65b9\\u6807\\u914d<\\/li>\\r\\n\\t<li>\\u89e6\\u6478\\u5c4f\\u7c7b\\u578b:&nbsp;\\u4e0d\\u7965<\\/li>\\r\\n\\t<li>\\u952e\\u76d8\\u7c7b\\u578b:&nbsp;\\u865a\\u62df\\u5bfc\\u822a\\u952e<\\/li>\\r\\n\\t<li>\\u540e\\u7f6e\\u6444\\u50cf\\u5934:&nbsp;1300\\u4e07\\u50cf\\u7d20\\uff08\\u5f69\\u8272\\uff0cf\\/1.8\\u5149\\u5708\\uff09+200\\u4e07\\u50cf\\u7d20\\uff08\\u9ed1\\u767d\\uff0c<\\/li>\\r\\n\\t<li>\\u8fd0\\u884c\\u5185\\u5b58RAM:&nbsp;4GB<\\/li>\\r\\n\\t<li>\\u5b58\\u50a8\\u5bb9\\u91cf:&nbsp;16GB 32GB 64GB<\\/li>\\r\\n\\t<li>\\u624b\\u673a\\u7c7b\\u578b:&nbsp;\\u4e0d\\u7965<\\/li>\\r\\n\\t<li>\\u6444\\u50cf\\u5934\\u7c7b\\u578b:&nbsp;\\u4e0d\\u7965<\\/li>\\r\\n\\t<li>\\u7f51\\u7edc\\u6a21\\u5f0f:&nbsp;\\u53cc\\u5361\\u53cc\\u5f85<\\/li>\\r\\n\\t<li>\\u7535\\u4fe1\\u8bbe\\u5907\\u8fdb\\u7f51\\u8bb8\\u53ef\\u8bc1\\u7f16\\u53f7:&nbsp;02-5043-183016<\\/li>\\r\\n\\t<li>\\u9644\\u52a0\\u529f\\u80fd:&nbsp;\\u4e0d\\u7965<\\/li>\\r\\n\\t<li>\\u7248\\u672c\\u7c7b\\u578b:&nbsp;\\u4e2d\\u56fd\\u5927\\u9646<\\/li>\\r\\n\\t<li>\\u64cd\\u4f5c\\u7cfb\\u7edf:&nbsp;Android 8.1<\\/li>\\r\\n\\t<li>\\u6b3e\\u5f0f:&nbsp;\\u76f4\\u677f<\\/li>\\r\\n\\t<li>\\u89c6\\u9891\\u663e\\u793a\\u683c\\u5f0f:&nbsp;\\u4e0d\\u7965<\\/li>\\r\\n\\t<li>CPU\\u54c1\\u724c:&nbsp;\\u4e0d\\u7965<\\/li>\\r\\n\\t<li>\\u4e0a\\u5e02\\u65f6\\u95f4:&nbsp;2018-10<\\/li>\\r\\n\\t<li>\\u5c4f\\u5e55\\u5c3a\\u5bf8:&nbsp;6.26\\u82f1\\u5bf8<\\/li>\\r\\n\\t<li>\\u4ea7\\u54c1\\u540d\\u79f0:&nbsp;\\u7545\\u73a98C<\\/li>\\r\\n\\t<li>\\u7535\\u6c60\\u5bb9\\u91cf:&nbsp;4000mAh<\\/li>\\r\\n\\t<li>\\u673a\\u8eab\\u539a\\u5ea6:&nbsp;0mm<\\/li>\\r\\n<\\/ul>\",\"on_sale\":\"1\",\"crowdfunding\":{\"target_amount\":\"500\",\"end_at\":\"2019-06-30 00:00:00\"},\"skus\":{\"new___LA_KEY__\":{\"title\":\"honor\\/\\u8363\\u8000 \\u7545\\u73a98C\\u5168\\u7f51\\u901a4G\\u624b\\u673a\\u7545\\u73a97C\\u7545\\u73a98X7A\",\"description\":\"8c(4+32G)\\u94c2\\u5149\\u91d1 \\u5047\\u4e00\\u8d54\\u4e09\",\"price\":\"800\",\"stock\":\"150\",\"id\":null,\"_remove_\":\"0\"}},\"_token\":\"7Jq4YxiRIB0Qyo0Eoy9Cen5Bzv8dTD7Q6TIL4E54\"}', '2019-06-18 10:15:17', '2019-06-18 10:15:17');
INSERT INTO `admin_operation_log` VALUES ('115', '1', 'admin/crowdfunding_products/create', 'GET', '192.168.10.1', '[]', '2019-06-18 10:15:24', '2019-06-18 10:15:24');
INSERT INTO `admin_operation_log` VALUES ('116', '1', 'admin/api/categories', 'GET', '192.168.10.1', '{\"is_directory\":\"0\",\"q\":\"biji\"}', '2019-06-18 10:16:26', '2019-06-18 10:16:26');
INSERT INTO `admin_operation_log` VALUES ('117', '1', 'admin/api/categories', 'GET', '192.168.10.1', '{\"is_directory\":\"0\",\"q\":\"\\u7b14\\u8bb0\\u672c\"}', '2019-06-18 10:16:27', '2019-06-18 10:16:27');
INSERT INTO `admin_operation_log` VALUES ('118', '1', 'admin/crowdfunding_products', 'POST', '192.168.10.1', '{\"type\":\"crowdfunding\",\"title\":\"\\uff08\\u8d601\\u5e74\\u5f71\\u89c6\\u4f1a\\u5458\\uff09honor\\/\\u8363\\u8000 \\u7545\\u73a98C\\u5168\\u7f51\\u901a4G\\u624b\\u673a\\u7545\\u73a97C\\u7545\\u73a98X7A \\u4ef7\\u683c\",\"category_id\":\"18\",\"description\":\"<ul>\\r\\n\\t<li>CCC\\u8bc1\\u4e66\\u7f16\\u53f7:&nbsp;<a href=\\\"https:\\/\\/baike.taobao.com\\/view.htm?wd=2018011606105291&amp;ac=29\\\" onclick=\\\"javascript:goldlog.record(\'\\/egatekeeper.333\',\'\',\'\',\'H46896570\')\\\" target=\\\"blank\\\">2018011606105291<\\/a><\\/li>\\r\\n\\t<li>\\u4ea7\\u54c1\\u540d\\u79f0:&nbsp;honor\\/\\u8363\\u8000 \\u7545\\u73a98C<\\/li>\\r\\n\\t<li>\\u7f51\\u7edc\\u7c7b\\u578b:&nbsp;4G\\u5168\\u7f51\\u901a 4G+\\u5168\\u7f51\\u901a<\\/li>\\r\\n\\t<li>\\u54c1\\u724c:&nbsp;honor\\/\\u8363\\u8000<\\/li>\\r\\n\\t<li>\\u578b\\u53f7:&nbsp;\\u7545\\u73a98C<\\/li>\\r\\n\\t<li>\\u5b9d\\u8d1d\\u6210\\u8272:&nbsp;\\u5168\\u65b0<\\/li>\\r\\n\\t<li>\\u552e\\u540e\\u670d\\u52a1:&nbsp;\\u5168\\u56fd\\u8054\\u4fdd<\\/li>\\r\\n\\t<li>\\u7535\\u6c60\\u7c7b\\u578b:&nbsp;\\u4e0d\\u7965<\\/li>\\r\\n\\t<li>\\u5206\\u8fa8\\u7387:&nbsp;1520x720<\\/li>\\r\\n\\t<li>\\u6838\\u5fc3\\u6570:&nbsp;\\u4e0d\\u7965<\\/li>\\r\\n\\t<li>\\u673a\\u8eab\\u989c\\u8272:&nbsp;8C\\uff084+32G\\uff09\\u94c2\\u5149\\u91d1\\u5047\\u4e00\\u8d54\\u4e09 8C\\uff084+32G\\uff09\\u5e7b\\u591c\\u9ed1\\u5047\\u4e00\\u8d54\\u4e09 8C\\uff084+32G\\uff09\\u6781\\u5149\\u84dd\\u5047\\u4e00\\u8d54\\u4e09 8C\\uff084+32G\\uff09\\u661f\\u4e91\\u7d2b\\u5047\\u4e00\\u8d54\\u4e09 8X\\uff084+64G\\uff09\\u68a6\\u5e7b\\u7d2b\\u5047\\u4e00\\u8d54\\u4e09 8X\\uff084+64G\\uff09\\u5e7b\\u591c\\u9ed1\\u5047\\u4e00\\u8d54\\u4e09 8X\\uff084+64G\\uff09\\u9b45\\u6d77\\u84dd\\u5047\\u4e00\\u8d54\\u4e09 8X\\uff084+64G\\uff09\\u9b45\\u7130\\u7ea2\\u5047\\u4e00\\u8d54\\u4e09<\\/li>\\r\\n\\t<li>\\u5957\\u9910\\u7c7b\\u578b:&nbsp;\\u5b98\\u65b9\\u6807\\u914d<\\/li>\\r\\n\\t<li>\\u89e6\\u6478\\u5c4f\\u7c7b\\u578b:&nbsp;\\u4e0d\\u7965<\\/li>\\r\\n\\t<li>\\u952e\\u76d8\\u7c7b\\u578b:&nbsp;\\u865a\\u62df\\u5bfc\\u822a\\u952e<\\/li>\\r\\n\\t<li>\\u540e\\u7f6e\\u6444\\u50cf\\u5934:&nbsp;1300\\u4e07\\u50cf\\u7d20\\uff08\\u5f69\\u8272\\uff0cf\\/1.8\\u5149\\u5708\\uff09+200\\u4e07\\u50cf\\u7d20\\uff08\\u9ed1\\u767d\\uff0c<\\/li>\\r\\n\\t<li>\\u8fd0\\u884c\\u5185\\u5b58RAM:&nbsp;4GB<\\/li>\\r\\n\\t<li>\\u5b58\\u50a8\\u5bb9\\u91cf:&nbsp;16GB 32GB 64GB<\\/li>\\r\\n\\t<li>\\u624b\\u673a\\u7c7b\\u578b:&nbsp;\\u4e0d\\u7965<\\/li>\\r\\n\\t<li>\\u6444\\u50cf\\u5934\\u7c7b\\u578b:&nbsp;\\u4e0d\\u7965<\\/li>\\r\\n\\t<li>\\u7f51\\u7edc\\u6a21\\u5f0f:&nbsp;\\u53cc\\u5361\\u53cc\\u5f85<\\/li>\\r\\n\\t<li>\\u7535\\u4fe1\\u8bbe\\u5907\\u8fdb\\u7f51\\u8bb8\\u53ef\\u8bc1\\u7f16\\u53f7:&nbsp;02-5043-183016<\\/li>\\r\\n\\t<li>\\u9644\\u52a0\\u529f\\u80fd:&nbsp;\\u4e0d\\u7965<\\/li>\\r\\n\\t<li>\\u7248\\u672c\\u7c7b\\u578b:&nbsp;\\u4e2d\\u56fd\\u5927\\u9646<\\/li>\\r\\n\\t<li>\\u64cd\\u4f5c\\u7cfb\\u7edf:&nbsp;Android 8.1<\\/li>\\r\\n\\t<li>\\u6b3e\\u5f0f:&nbsp;\\u76f4\\u677f<\\/li>\\r\\n\\t<li>\\u89c6\\u9891\\u663e\\u793a\\u683c\\u5f0f:&nbsp;\\u4e0d\\u7965<\\/li>\\r\\n\\t<li>CPU\\u54c1\\u724c:&nbsp;\\u4e0d\\u7965<\\/li>\\r\\n\\t<li>\\u4e0a\\u5e02\\u65f6\\u95f4:&nbsp;2018-10<\\/li>\\r\\n\\t<li>\\u5c4f\\u5e55\\u5c3a\\u5bf8:&nbsp;6.26\\u82f1\\u5bf8<\\/li>\\r\\n\\t<li>\\u4ea7\\u54c1\\u540d\\u79f0:&nbsp;\\u7545\\u73a98C<\\/li>\\r\\n\\t<li>\\u7535\\u6c60\\u5bb9\\u91cf:&nbsp;4000mAh<\\/li>\\r\\n\\t<li>\\u673a\\u8eab\\u539a\\u5ea6:&nbsp;0mm<\\/li>\\r\\n<\\/ul>\",\"on_sale\":\"1\",\"crowdfunding\":{\"target_amount\":\"500\",\"end_at\":\"2019-06-30 00:00:00\"},\"skus\":{\"new___LA_KEY__\":{\"title\":\"honor\\/\\u8363\\u8000 \\u7545\\u73a98C\\u5168\\u7f51\\u901a4G\\u624b\\u673a\\u7545\\u73a97C\\u7545\\u73a98X7A\",\"description\":\"8c(4+32G)\\u94c2\\u5149\\u91d1 \\u5047\\u4e00\\u8d54\\u4e09\",\"price\":\"800\",\"stock\":\"150\",\"id\":null,\"_remove_\":\"0\"}},\"_token\":\"7Jq4YxiRIB0Qyo0Eoy9Cen5Bzv8dTD7Q6TIL4E54\"}', '2019-06-18 10:16:38', '2019-06-18 10:16:38');
INSERT INTO `admin_operation_log` VALUES ('119', '1', 'admin/crowdfunding_products', 'GET', '192.168.10.1', '[]', '2019-06-18 10:16:40', '2019-06-18 10:16:40');
INSERT INTO `admin_operation_log` VALUES ('120', '1', 'admin/crowdfunding_products/61', 'GET', '192.168.10.1', '{\"_pjax\":\"#pjax-container\"}', '2019-06-18 10:16:50', '2019-06-18 10:16:50');
INSERT INTO `admin_operation_log` VALUES ('121', '1', 'admin/crowdfunding_products/61', 'GET', '192.168.10.1', '[]', '2019-06-18 10:17:21', '2019-06-18 10:17:21');
INSERT INTO `admin_operation_log` VALUES ('122', '1', 'admin/crowdfunding_products/61', 'GET', '192.168.10.1', '[]', '2019-06-18 10:17:47', '2019-06-18 10:17:47');
INSERT INTO `admin_operation_log` VALUES ('123', '1', 'admin/products', 'GET', '192.168.10.1', '{\"_pjax\":\"#pjax-container\"}', '2019-06-18 10:18:00', '2019-06-18 10:18:00');
INSERT INTO `admin_operation_log` VALUES ('124', '1', 'admin/orders', 'GET', '192.168.10.1', '{\"_pjax\":\"#pjax-container\"}', '2019-06-18 10:18:05', '2019-06-18 10:18:05');
INSERT INTO `admin_operation_log` VALUES ('125', '1', 'admin/orders', 'GET', '192.168.10.1', '{\"_pjax\":\"#pjax-container\"}', '2019-06-18 10:18:08', '2019-06-18 10:18:08');
INSERT INTO `admin_operation_log` VALUES ('126', '1', 'admin/orders/73', 'GET', '192.168.10.1', '{\"_pjax\":\"#pjax-container\"}', '2019-06-18 10:18:13', '2019-06-18 10:18:13');
INSERT INTO `admin_operation_log` VALUES ('127', '1', 'admin/coupon_codes', 'GET', '192.168.10.1', '{\"_pjax\":\"#pjax-container\"}', '2019-06-18 10:18:17', '2019-06-18 10:18:17');
INSERT INTO `admin_operation_log` VALUES ('128', '1', 'admin/coupon_codes/1', 'GET', '192.168.10.1', '{\"_pjax\":\"#pjax-container\"}', '2019-06-18 10:18:22', '2019-06-18 10:18:22');
INSERT INTO `admin_operation_log` VALUES ('129', '1', 'admin/coupon_codes/1', 'GET', '192.168.10.1', '[]', '2019-06-18 10:21:14', '2019-06-18 10:21:14');
INSERT INTO `admin_operation_log` VALUES ('130', '1', 'admin/crowdfunding_products', 'GET', '192.168.10.1', '{\"_pjax\":\"#pjax-container\"}', '2019-06-18 10:21:22', '2019-06-18 10:21:22');
INSERT INTO `admin_operation_log` VALUES ('131', '1', 'admin/crowdfunding_products/61', 'GET', '192.168.10.1', '{\"_pjax\":\"#pjax-container\"}', '2019-06-18 10:21:27', '2019-06-18 10:21:27');
INSERT INTO `admin_operation_log` VALUES ('132', '1', 'admin/crowdfunding_products/61', 'GET', '192.168.10.1', '[]', '2019-06-18 10:22:56', '2019-06-18 10:22:56');
INSERT INTO `admin_operation_log` VALUES ('133', '1', 'admin/crowdfunding_products/61', 'GET', '192.168.10.1', '[]', '2019-06-18 10:24:25', '2019-06-18 10:24:25');
INSERT INTO `admin_operation_log` VALUES ('134', '1', 'admin/crowdfunding_products/61', 'GET', '192.168.10.1', '[]', '2019-06-18 10:25:25', '2019-06-18 10:25:25');
INSERT INTO `admin_operation_log` VALUES ('135', '1', 'admin/crowdfunding_products/61', 'GET', '192.168.10.1', '[]', '2019-06-18 10:27:51', '2019-06-18 10:27:51');
INSERT INTO `admin_operation_log` VALUES ('136', '1', 'admin/crowdfunding_products/61', 'GET', '192.168.10.1', '[]', '2019-06-18 10:29:54', '2019-06-18 10:29:54');
INSERT INTO `admin_operation_log` VALUES ('137', '1', 'admin/crowdfunding_products/61', 'GET', '192.168.10.1', '[]', '2019-06-18 10:31:13', '2019-06-18 10:31:13');
INSERT INTO `admin_operation_log` VALUES ('138', '1', 'admin/crowdfunding_products/61', 'GET', '192.168.10.1', '[]', '2019-06-18 10:32:03', '2019-06-18 10:32:03');
INSERT INTO `admin_operation_log` VALUES ('139', '1', 'admin/crowdfunding_products/61', 'GET', '192.168.10.1', '[]', '2019-06-18 10:32:16', '2019-06-18 10:32:16');
INSERT INTO `admin_operation_log` VALUES ('140', '1', 'admin/crowdfunding_products/61', 'GET', '192.168.10.1', '[]', '2019-06-18 10:32:32', '2019-06-18 10:32:32');
INSERT INTO `admin_operation_log` VALUES ('141', '1', 'admin/crowdfunding_products/61', 'GET', '192.168.10.1', '[]', '2019-06-18 10:34:27', '2019-06-18 10:34:27');
INSERT INTO `admin_operation_log` VALUES ('142', '1', 'admin/crowdfunding_products/61', 'GET', '192.168.10.1', '[]', '2019-06-18 10:35:02', '2019-06-18 10:35:02');
INSERT INTO `admin_operation_log` VALUES ('143', '1', 'admin/crowdfunding_products/61', 'GET', '192.168.10.1', '[]', '2019-06-18 10:35:38', '2019-06-18 10:35:38');
INSERT INTO `admin_operation_log` VALUES ('144', '1', 'admin/crowdfunding_products/61', 'GET', '192.168.10.1', '[]', '2019-06-18 10:35:58', '2019-06-18 10:35:58');
INSERT INTO `admin_operation_log` VALUES ('145', '1', 'admin/crowdfunding_products/61', 'GET', '192.168.10.1', '[]', '2019-06-18 10:37:24', '2019-06-18 10:37:24');
INSERT INTO `admin_operation_log` VALUES ('146', '1', 'admin/crowdfunding_products/61', 'GET', '192.168.10.1', '[]', '2019-06-18 10:37:35', '2019-06-18 10:37:35');
INSERT INTO `admin_operation_log` VALUES ('147', '1', 'admin/crowdfunding_products/61', 'GET', '192.168.10.1', '[]', '2019-06-18 10:37:49', '2019-06-18 10:37:49');
INSERT INTO `admin_operation_log` VALUES ('148', '1', 'admin/crowdfunding_products/61', 'GET', '192.168.10.1', '[]', '2019-06-18 10:37:59', '2019-06-18 10:37:59');
INSERT INTO `admin_operation_log` VALUES ('149', '1', 'admin/crowdfunding_products/61', 'GET', '192.168.10.1', '[]', '2019-06-18 10:40:57', '2019-06-18 10:40:57');
INSERT INTO `admin_operation_log` VALUES ('150', '1', 'admin/crowdfunding_products/61/edit', 'GET', '192.168.10.1', '{\"_pjax\":\"#pjax-container\"}', '2019-06-18 10:43:24', '2019-06-18 10:43:24');
INSERT INTO `admin_operation_log` VALUES ('151', '1', 'admin/crowdfunding_products', 'GET', '192.168.10.1', '{\"_pjax\":\"#pjax-container\"}', '2019-06-18 10:51:17', '2019-06-18 10:51:17');
INSERT INTO `admin_operation_log` VALUES ('152', '1', 'admin/crowdfunding_products/61/edit', 'GET', '192.168.10.1', '{\"_pjax\":\"#pjax-container\"}', '2019-06-18 10:51:52', '2019-06-18 10:51:52');
INSERT INTO `admin_operation_log` VALUES ('153', '1', 'admin/crowdfunding_products/61', 'GET', '192.168.10.1', '[]', '2019-06-18 10:52:10', '2019-06-18 10:52:10');
INSERT INTO `admin_operation_log` VALUES ('154', '1', 'admin/crowdfunding_products/61', 'DELETE', '192.168.10.1', '{\"_method\":\"delete\",\"_token\":\"7Jq4YxiRIB0Qyo0Eoy9Cen5Bzv8dTD7Q6TIL4E54\"}', '2019-06-18 10:52:17', '2019-06-18 10:52:17');
INSERT INTO `admin_operation_log` VALUES ('155', '1', 'admin/crowdfunding_products', 'GET', '192.168.10.1', '{\"_pjax\":\"#pjax-container\"}', '2019-06-18 10:52:19', '2019-06-18 10:52:19');
INSERT INTO `admin_operation_log` VALUES ('156', '1', 'admin/crowdfunding_products/create', 'GET', '192.168.10.1', '{\"_pjax\":\"#pjax-container\"}', '2019-06-18 10:52:32', '2019-06-18 10:52:32');
INSERT INTO `admin_operation_log` VALUES ('157', '1', 'admin/api/categories', 'GET', '192.168.10.1', '{\"is_directory\":\"0\",\"q\":\"bijiben\"}', '2019-06-18 10:52:52', '2019-06-18 10:52:52');
INSERT INTO `admin_operation_log` VALUES ('158', '1', 'admin/api/categories', 'GET', '192.168.10.1', '{\"is_directory\":\"0\",\"q\":\"biji\"}', '2019-06-18 10:52:52', '2019-06-18 10:52:52');
INSERT INTO `admin_operation_log` VALUES ('159', '1', 'admin/api/categories', 'GET', '192.168.10.1', '{\"is_directory\":\"0\",\"q\":\"\\u7b14\\u8bb0\\u672c\"}', '2019-06-18 10:52:53', '2019-06-18 10:52:53');
INSERT INTO `admin_operation_log` VALUES ('160', '1', 'admin/crowdfunding_products', 'POST', '192.168.10.1', '{\"type\":\"crowdfunding\",\"title\":\"http:\\/\\/shop.test\\/admin\\/crowdfunding_products\\/61\",\"category_id\":\"18\",\"description\":\"<p>CCC\\u8bc1\\u4e66\\u7f16\\u53f7:&nbsp;2018011606105291 \\u4ea7\\u54c1\\u540d\\u79f0:&nbsp;honor\\/\\u8363\\u8000 \\u7545\\u73a98C \\u7f51\\u7edc\\u7c7b\\u578b:&nbsp;4G\\u5168\\u7f51\\u901a 4G+\\u5168\\u7f51\\u901a \\u54c1\\u724c:&nbsp;honor\\/\\u8363\\u8000 \\u578b\\u53f7:&nbsp;\\u7545\\u73a98C \\u5b9d\\u8d1d\\u6210\\u8272:&nbsp;\\u5168\\u65b0 \\u552e\\u540e\\u670d\\u52a1:&nbsp;\\u5168\\u56fd\\u8054\\u4fdd \\u7535\\u6c60\\u7c7b\\u578b:&nbsp;\\u4e0d\\u7965 \\u5206\\u8fa8\\u7387:&nbsp;1520x720 \\u6838\\u5fc3\\u6570:&nbsp;\\u4e0d\\u7965 \\u673a\\u8eab\\u989c\\u8272:&nbsp;8C\\uff084+32G\\uff09\\u94c2\\u5149\\u91d1\\u5047\\u4e00\\u8d54\\u4e09 8C\\uff084+32G\\uff09\\u5e7b\\u591c\\u9ed1\\u5047\\u4e00\\u8d54\\u4e09 8C\\uff084+32G\\uff09\\u6781\\u5149\\u84dd\\u5047\\u4e00\\u8d54\\u4e09 8C\\uff084+32G\\uff09\\u661f\\u4e91\\u7d2b\\u5047\\u4e00\\u8d54\\u4e09 8X\\uff084+64G\\uff09\\u68a6\\u5e7b\\u7d2b\\u5047\\u4e00\\u8d54\\u4e09 8X\\uff084+64G\\uff09\\u5e7b\\u591c\\u9ed1\\u5047\\u4e00\\u8d54\\u4e09 8X\\uff084+64G\\uff09\\u9b45\\u6d77\\u84dd\\u5047\\u4e00\\u8d54\\u4e09 8X\\uff084+64G\\uff09\\u9b45\\u7130\\u7ea2\\u5047\\u4e00\\u8d54\\u4e09 \\u5957\\u9910\\u7c7b\\u578b:&nbsp;\\u5b98\\u65b9\\u6807\\u914d \\u89e6\\u6478\\u5c4f\\u7c7b\\u578b:&nbsp;\\u4e0d\\u7965 \\u952e\\u76d8\\u7c7b\\u578b:&nbsp;\\u865a\\u62df\\u5bfc\\u822a\\u952e \\u540e\\u7f6e\\u6444\\u50cf\\u5934:&nbsp;1300\\u4e07\\u50cf\\u7d20\\uff08\\u5f69\\u8272\\uff0cf\\/1.8\\u5149\\u5708\\uff09+200\\u4e07\\u50cf\\u7d20\\uff08\\u9ed1\\u767d\\uff0c \\u8fd0\\u884c\\u5185\\u5b58RAM:&nbsp;4GB \\u5b58\\u50a8\\u5bb9\\u91cf:&nbsp;16GB 32GB 64GB \\u624b\\u673a\\u7c7b\\u578b:&nbsp;\\u4e0d\\u7965 \\u6444\\u50cf\\u5934\\u7c7b\\u578b:&nbsp;\\u4e0d\\u7965 \\u7f51\\u7edc\\u6a21\\u5f0f:&nbsp;\\u53cc\\u5361\\u53cc\\u5f85 \\u7535\\u4fe1\\u8bbe\\u5907\\u8fdb\\u7f51\\u8bb8\\u53ef\\u8bc1\\u7f16\\u53f7:&nbsp;02-5043-183016 \\u9644\\u52a0\\u529f\\u80fd:&nbsp;\\u4e0d\\u7965 \\u7248\\u672c\\u7c7b\\u578b:&nbsp;\\u4e2d\\u56fd\\u5927\\u9646 \\u64cd\\u4f5c\\u7cfb\\u7edf:&nbsp;Android 8.1 \\u6b3e\\u5f0f:&nbsp;\\u76f4\\u677f \\u89c6\\u9891\\u663e\\u793a\\u683c\\u5f0f:&nbsp;\\u4e0d\\u7965 CPU\\u54c1\\u724c:&nbsp;\\u4e0d\\u7965 \\u4e0a\\u5e02\\u65f6\\u95f4:&nbsp;2018-10 \\u5c4f\\u5e55\\u5c3a\\u5bf8:&nbsp;6.26\\u82f1\\u5bf8 \\u4ea7\\u54c1\\u540d\\u79f0:&nbsp;\\u7545\\u73a98C \\u7535\\u6c60\\u5bb9\\u91cf:&nbsp;4000mAh \\u673a\\u8eab\\u539a\\u5ea6:&nbsp;0mm<\\/p>\",\"on_sale\":\"1\",\"crowdfunding\":{\"target_amount\":\"500.00\",\"end_at\":\"2019-06-30 00:00:00\"},\"skus\":{\"new_1\":{\"title\":\"honor\\/\\u8363\\u8000 \\u7545\\u73a98C\\u5168\\u7f51\\u901a4G\\u624b\\u673a\\u7545\\u73a97C\\u7545\\u73a98X7A\",\"description\":\"8c(4+32G)\\u94c2\\u5149\\u91d1 \\u5047\\u4e00\\u8d54\\u4e09\",\"price\":\"800.00\",\"stock\":\"150\",\"id\":null,\"_remove_\":\"0\"}},\"_token\":\"7Jq4YxiRIB0Qyo0Eoy9Cen5Bzv8dTD7Q6TIL4E54\",\"_previous_\":\"http:\\/\\/shop.test\\/admin\\/crowdfunding_products\"}', '2019-06-18 10:53:46', '2019-06-18 10:53:46');
INSERT INTO `admin_operation_log` VALUES ('161', '1', 'admin/crowdfunding_products', 'GET', '192.168.10.1', '[]', '2019-06-18 10:53:47', '2019-06-18 10:53:47');
INSERT INTO `admin_operation_log` VALUES ('162', '1', 'admin/crowdfunding_products/61/edit', 'GET', '192.168.10.1', '[]', '2019-06-18 10:53:53', '2019-06-18 10:53:53');
INSERT INTO `admin_operation_log` VALUES ('163', '1', 'admin/crowdfunding_products', 'GET', '192.168.10.1', '[]', '2019-06-18 10:53:59', '2019-06-18 10:53:59');
INSERT INTO `admin_operation_log` VALUES ('164', '1', 'admin/products', 'GET', '192.168.10.1', '{\"_pjax\":\"#pjax-container\"}', '2019-06-18 11:23:32', '2019-06-18 11:23:32');
INSERT INTO `admin_operation_log` VALUES ('165', '1', 'admin/products', 'GET', '192.168.10.1', '[]', '2019-06-18 11:26:23', '2019-06-18 11:26:23');
INSERT INTO `admin_operation_log` VALUES ('166', '1', 'admin/products/31', 'GET', '192.168.10.1', '{\"_pjax\":\"#pjax-container\"}', '2019-06-18 11:29:38', '2019-06-18 11:29:38');
INSERT INTO `admin_operation_log` VALUES ('167', '1', 'admin/products/31', 'GET', '192.168.10.1', '[]', '2019-06-18 11:31:02', '2019-06-18 11:31:02');
INSERT INTO `admin_operation_log` VALUES ('168', '1', 'admin/products/31', 'GET', '192.168.10.1', '[]', '2019-06-18 11:33:45', '2019-06-18 11:33:45');
INSERT INTO `admin_operation_log` VALUES ('169', '1', 'admin/products/31', 'GET', '192.168.10.1', '[]', '2019-06-18 11:34:22', '2019-06-18 11:34:22');
INSERT INTO `admin_operation_log` VALUES ('170', '1', 'admin/products/31', 'GET', '192.168.10.1', '[]', '2019-06-19 01:58:03', '2019-06-19 01:58:03');
INSERT INTO `admin_operation_log` VALUES ('171', '1', 'admin/products/31/edit', 'GET', '192.168.10.1', '{\"_pjax\":\"#pjax-container\"}', '2019-06-19 01:59:17', '2019-06-19 01:59:17');
INSERT INTO `admin_operation_log` VALUES ('172', '1', 'admin/products', 'GET', '192.168.10.1', '{\"_pjax\":\"#pjax-container\"}', '2019-06-19 02:01:35', '2019-06-19 02:01:35');
INSERT INTO `admin_operation_log` VALUES ('173', '1', 'admin/products/31', 'DELETE', '192.168.10.1', '{\"_method\":\"delete\",\"_token\":\"cLGnYo0tduzW8aqBPnFl987tucWxVqUQk40TldxT\"}', '2019-06-19 02:01:46', '2019-06-19 02:01:46');
INSERT INTO `admin_operation_log` VALUES ('174', '1', 'admin/products', 'GET', '192.168.10.1', '{\"_pjax\":\"#pjax-container\"}', '2019-06-19 02:01:48', '2019-06-19 02:01:48');
INSERT INTO `admin_operation_log` VALUES ('175', '1', 'admin/crowdfunding_products', 'GET', '192.168.10.1', '{\"_pjax\":\"#pjax-container\"}', '2019-06-19 02:13:48', '2019-06-19 02:13:48');
INSERT INTO `admin_operation_log` VALUES ('176', '1', 'admin/crowdfunding_products', 'GET', '192.168.10.1', '[]', '2019-06-19 02:14:58', '2019-06-19 02:14:58');
INSERT INTO `admin_operation_log` VALUES ('177', '1', 'admin/crowdfunding_products', 'GET', '192.168.10.1', '{\"title\":null,\"e258170dff2436b4ba784f6fdb2370c6\":\"800\",\"price\":null,\"_pjax\":\"#pjax-container\"}', '2019-06-19 02:15:17', '2019-06-19 02:15:17');
INSERT INTO `admin_operation_log` VALUES ('178', '1', 'admin/crowdfunding_products', 'GET', '192.168.10.1', '{\"_pjax\":\"#pjax-container\",\"title\":null,\"e258170dff2436b4ba784f6fdb2370c6\":\"500\",\"price\":null}', '2019-06-19 02:15:23', '2019-06-19 02:15:23');
INSERT INTO `admin_operation_log` VALUES ('179', '1', 'admin/crowdfunding_products', 'GET', '192.168.10.1', '{\"_pjax\":\"#pjax-container\",\"title\":null,\"e258170dff2436b4ba784f6fdb2370c6\":\"500\",\"price\":null}', '2019-06-19 02:15:48', '2019-06-19 02:15:48');
INSERT INTO `admin_operation_log` VALUES ('180', '1', 'admin/crowdfunding_products', 'GET', '192.168.10.1', '{\"_pjax\":\"#pjax-container\",\"title\":null,\"e258170dff2436b4ba784f6fdb2370c6\":null,\"price\":null}', '2019-06-19 02:15:55', '2019-06-19 02:15:55');
INSERT INTO `admin_operation_log` VALUES ('181', '1', 'admin/products', 'GET', '192.168.10.1', '{\"_pjax\":\"#pjax-container\"}', '2019-06-19 02:16:10', '2019-06-19 02:16:10');
INSERT INTO `admin_operation_log` VALUES ('182', '1', 'admin/products', 'GET', '192.168.10.1', '[]', '2019-06-19 02:16:34', '2019-06-19 02:16:34');
INSERT INTO `admin_operation_log` VALUES ('183', '1', 'admin/products', 'GET', '192.168.10.1', '{\"title\":null,\"price\":{\"start\":\"900\",\"end\":\"8000\"},\"_pjax\":\"#pjax-container\"}', '2019-06-19 02:16:51', '2019-06-19 02:16:51');
INSERT INTO `admin_operation_log` VALUES ('184', '1', 'admin/products', 'GET', '192.168.10.1', '{\"price\":{\"start\":\"900\",\"end\":\"8000\"},\"_pjax\":\"#pjax-container\",\"page\":\"2\"}', '2019-06-19 02:17:00', '2019-06-19 02:17:00');
INSERT INTO `admin_operation_log` VALUES ('185', '1', 'admin/products', 'GET', '192.168.10.1', '{\"_pjax\":\"#pjax-container\"}', '2019-06-19 02:17:08', '2019-06-19 02:17:08');
INSERT INTO `admin_operation_log` VALUES ('186', '1', 'admin/products', 'GET', '192.168.10.1', '{\"_pjax\":\"#pjax-container\",\"title\":\"aut\",\"price\":{\"start\":null,\"end\":null}}', '2019-06-19 02:17:20', '2019-06-19 02:17:20');
INSERT INTO `admin_operation_log` VALUES ('187', '1', 'admin/crowdfunding_products', 'GET', '192.168.10.1', '{\"_pjax\":\"#pjax-container\"}', '2019-06-19 02:18:07', '2019-06-19 02:18:07');
INSERT INTO `admin_operation_log` VALUES ('188', '1', 'admin/crowdfunding_products', 'GET', '192.168.10.1', '[]', '2019-06-19 02:18:33', '2019-06-19 02:18:33');
INSERT INTO `admin_operation_log` VALUES ('189', '1', 'admin/crowdfunding_products', 'GET', '192.168.10.1', '[]', '2019-06-19 02:18:48', '2019-06-19 02:18:48');
INSERT INTO `admin_operation_log` VALUES ('190', '1', 'admin/crowdfunding_products', 'GET', '192.168.10.1', '[]', '2019-06-19 02:40:46', '2019-06-19 02:40:46');
INSERT INTO `admin_operation_log` VALUES ('191', '1', 'admin/crowdfunding_products/62', 'GET', '192.168.10.1', '{\"_pjax\":\"#pjax-container\"}', '2019-06-19 02:40:53', '2019-06-19 02:40:53');
INSERT INTO `admin_operation_log` VALUES ('192', '1', 'admin/crowdfunding_products', 'GET', '192.168.10.1', '{\"_pjax\":\"#pjax-container\"}', '2019-06-19 02:41:02', '2019-06-19 02:41:02');
INSERT INTO `admin_operation_log` VALUES ('193', '1', 'admin/products', 'GET', '192.168.10.1', '{\"_pjax\":\"#pjax-container\"}', '2019-06-19 02:41:07', '2019-06-19 02:41:07');
INSERT INTO `admin_operation_log` VALUES ('194', '1', 'admin/products/32', 'GET', '192.168.10.1', '{\"_pjax\":\"#pjax-container\"}', '2019-06-19 02:41:12', '2019-06-19 02:41:12');
INSERT INTO `admin_operation_log` VALUES ('195', '1', 'admin/products', 'GET', '192.168.10.1', '{\"_pjax\":\"#pjax-container\"}', '2019-06-19 02:41:21', '2019-06-19 02:41:21');
INSERT INTO `admin_operation_log` VALUES ('196', '1', 'admin/products', 'GET', '192.168.10.1', '[]', '2019-06-19 03:07:15', '2019-06-19 03:07:15');
INSERT INTO `admin_operation_log` VALUES ('197', '1', 'admin/products', 'GET', '192.168.10.1', '[]', '2019-06-19 03:08:16', '2019-06-19 03:08:16');
INSERT INTO `admin_operation_log` VALUES ('198', '1', 'admin/crowdfunding_products', 'GET', '192.168.10.1', '{\"_pjax\":\"#pjax-container\"}', '2019-06-19 03:08:29', '2019-06-19 03:08:29');
INSERT INTO `admin_operation_log` VALUES ('199', '1', 'admin/products', 'GET', '192.168.10.1', '{\"_pjax\":\"#pjax-container\"}', '2019-06-19 03:08:47', '2019-06-19 03:08:47');
INSERT INTO `admin_operation_log` VALUES ('200', '1', 'admin/products/60', 'GET', '192.168.10.1', '{\"_pjax\":\"#pjax-container\"}', '2019-06-19 03:08:52', '2019-06-19 03:08:52');
INSERT INTO `admin_operation_log` VALUES ('201', '1', 'admin/crowdfunding_products', 'GET', '192.168.10.1', '{\"_pjax\":\"#pjax-container\"}', '2019-06-19 03:08:57', '2019-06-19 03:08:57');
INSERT INTO `admin_operation_log` VALUES ('202', '1', 'admin/crowdfunding_products/62', 'GET', '192.168.10.1', '{\"_pjax\":\"#pjax-container\"}', '2019-06-19 03:09:01', '2019-06-19 03:09:01');
INSERT INTO `admin_operation_log` VALUES ('203', '1', 'admin/crowdfunding_products/62/edit', 'GET', '192.168.10.1', '{\"_pjax\":\"#pjax-container\"}', '2019-06-19 03:09:08', '2019-06-19 03:09:08');
INSERT INTO `admin_operation_log` VALUES ('204', '1', 'admin/products', 'GET', '192.168.10.1', '{\"_pjax\":\"#pjax-container\"}', '2019-06-19 03:09:21', '2019-06-19 03:09:21');
INSERT INTO `admin_operation_log` VALUES ('205', '1', 'admin/products/60/edit', 'GET', '192.168.10.1', '{\"_pjax\":\"#pjax-container\"}', '2019-06-19 03:09:26', '2019-06-19 03:09:26');
INSERT INTO `admin_operation_log` VALUES ('206', '1', 'admin/products/60', 'PUT', '192.168.10.1', '{\"type\":\"normal\",\"title\":\"dolore\",\"category_id\":\"22\",\"description\":\"<p>Quia illum dolores eum et dolores tempore saepe.<br \\/>\\r\\n\\u5c01\\u88c5\\u4ee3\\u7801\\u540e\\u662f\\u5426\\u53ef\\u884c<\\/p>\",\"on_sale\":\"1\",\"skus\":{\"178\":{\"title\":\"aspernatur\",\"description\":\"Eos qui voluptatum tenetur earum distinctio sint.\\u5c01\\u88c5\\u4ee3\\u7801\\u540e\\u662f\\u5426\\u53ef\\u884c\",\"price\":\"5908.00\",\"stock\":\"45140\",\"id\":\"178\",\"_remove_\":\"0\"},\"179\":{\"title\":\"ad\",\"description\":\"Voluptatem ipsa tempora necessitatibus aut.\",\"price\":\"2173.00\",\"stock\":\"37632\",\"id\":\"179\",\"_remove_\":\"0\"},\"180\":{\"title\":\"veniam\",\"description\":\"Est odit molestias quia qui ullam.\",\"price\":\"7821.00\",\"stock\":\"12681\",\"id\":\"180\",\"_remove_\":\"0\"}},\"_token\":\"cLGnYo0tduzW8aqBPnFl987tucWxVqUQk40TldxT\",\"_method\":\"PUT\",\"_previous_\":\"http:\\/\\/shop.test\\/admin\\/products\"}', '2019-06-19 03:12:05', '2019-06-19 03:12:05');
INSERT INTO `admin_operation_log` VALUES ('207', '1', 'admin/products', 'GET', '192.168.10.1', '[]', '2019-06-19 03:12:07', '2019-06-19 03:12:07');
INSERT INTO `admin_operation_log` VALUES ('208', '1', 'admin/crowdfunding_products', 'GET', '192.168.10.1', '{\"_pjax\":\"#pjax-container\"}', '2019-06-19 03:12:41', '2019-06-19 03:12:41');
INSERT INTO `admin_operation_log` VALUES ('209', '1', 'admin/crowdfunding_products/62/edit', 'GET', '192.168.10.1', '{\"_pjax\":\"#pjax-container\"}', '2019-06-19 03:12:45', '2019-06-19 03:12:45');
INSERT INTO `admin_operation_log` VALUES ('210', '1', 'admin/crowdfunding_products/62', 'PUT', '192.168.10.1', '{\"type\":\"crowdfunding\",\"title\":\"honor\\/\\u8363\\u8000 \\u7545\\u73a98C\\u5168\\u7f51\\u901a4G\\u624b\\u673a\\u7545\\u73a97C\\u7545\\u73a98X7A\",\"category_id\":\"18\",\"description\":\"<p>CCC\\u8bc1\\u4e66\\u7f16\\u53f7:&nbsp;2018011606105291 \\u4ea7\\u54c1\\u540d\\u79f0:&nbsp;honor\\/\\u8363\\u8000 \\u7545\\u73a98C \\u7f51\\u7edc\\u7c7b\\u578b:&nbsp;4G\\u5168\\u7f51\\u901a 4G+\\u5168\\u7f51\\u901a \\u54c1\\u724c:&nbsp;honor\\/\\u8363\\u8000 \\u578b\\u53f7:&nbsp;\\u7545\\u73a98C \\u5b9d\\u8d1d\\u6210\\u8272:&nbsp;\\u5168\\u65b0 \\u552e\\u540e\\u670d\\u52a1:&nbsp;\\u5168\\u56fd\\u8054\\u4fdd \\u7535\\u6c60\\u7c7b\\u578b:&nbsp;\\u4e0d\\u7965 \\u5206\\u8fa8\\u7387:&nbsp;1520x720 \\u6838\\u5fc3\\u6570:&nbsp;\\u4e0d\\u7965 \\u673a\\u8eab\\u989c\\u8272:&nbsp;8C\\uff084+32G\\uff09\\u94c2\\u5149\\u91d1\\u5047\\u4e00\\u8d54\\u4e09 8C\\uff084+32G\\uff09\\u5e7b\\u591c\\u9ed1\\u5047\\u4e00\\u8d54\\u4e09 8C\\uff084+32G\\uff09\\u6781\\u5149\\u84dd\\u5047\\u4e00\\u8d54\\u4e09 8C\\uff084+32G\\uff09\\u661f\\u4e91\\u7d2b\\u5047\\u4e00\\u8d54\\u4e09 8X\\uff084+64G\\uff09\\u68a6\\u5e7b\\u7d2b\\u5047\\u4e00\\u8d54\\u4e09 8X\\uff084+64G\\uff09\\u5e7b\\u591c\\u9ed1\\u5047\\u4e00\\u8d54\\u4e09 8X\\uff084+64G\\uff09\\u9b45\\u6d77\\u84dd\\u5047\\u4e00\\u8d54\\u4e09 8X\\uff084+64G\\uff09\\u9b45\\u7130\\u7ea2\\u5047\\u4e00\\u8d54\\u4e09 \\u5957\\u9910\\u7c7b\\u578b:&nbsp;\\u5b98\\u65b9\\u6807\\u914d \\u89e6\\u6478\\u5c4f\\u7c7b\\u578b:&nbsp;\\u4e0d\\u7965 \\u952e\\u76d8\\u7c7b\\u578b:&nbsp;\\u865a\\u62df\\u5bfc\\u822a\\u952e \\u540e\\u7f6e\\u6444\\u50cf\\u5934:&nbsp;1300\\u4e07\\u50cf\\u7d20\\uff08\\u5f69\\u8272\\uff0cf\\/1.8\\u5149\\u5708\\uff09+200\\u4e07\\u50cf\\u7d20\\uff08\\u9ed1\\u767d\\uff0c \\u8fd0\\u884c\\u5185\\u5b58RAM:&nbsp;4GB \\u5b58\\u50a8\\u5bb9\\u91cf:&nbsp;16GB 32GB 64GB \\u624b\\u673a\\u7c7b\\u578b:&nbsp;\\u4e0d\\u7965 \\u6444\\u50cf\\u5934\\u7c7b\\u578b:&nbsp;\\u4e0d\\u7965 \\u7f51\\u7edc\\u6a21\\u5f0f:&nbsp;\\u53cc\\u5361\\u53cc\\u5f85 \\u7535\\u4fe1\\u8bbe\\u5907\\u8fdb\\u7f51\\u8bb8\\u53ef\\u8bc1\\u7f16\\u53f7:&nbsp;02-5043-183016 \\u9644\\u52a0\\u529f\\u80fd:&nbsp;\\u4e0d\\u7965 \\u7248\\u672c\\u7c7b\\u578b:&nbsp;\\u4e2d\\u56fd\\u5927\\u9646 \\u64cd\\u4f5c\\u7cfb\\u7edf:&nbsp;Android 8.1 \\u6b3e\\u5f0f:&nbsp;\\u76f4\\u677f \\u89c6\\u9891\\u663e\\u793a\\u683c\\u5f0f:&nbsp;\\u4e0d\\u7965 CPU\\u54c1\\u724c:&nbsp;\\u4e0d\\u7965 \\u4e0a\\u5e02\\u65f6\\u95f4:&nbsp;2018-10 \\u5c4f\\u5e55\\u5c3a\\u5bf8:&nbsp;6.26\\u82f1\\u5bf8 \\u4ea7\\u54c1\\u540d\\u79f0:&nbsp;\\u7545\\u73a98C \\u7535\\u6c60\\u5bb9\\u91cf:&nbsp;4000mAh \\u673a\\u8eab\\u539a\\u5ea6:&nbsp;0mm<br \\/>\\r\\n\\u7ed9\\u4f60\\u4e0d\\u4e00\\u6837\\u7684\\u4f53\\u9a8c<\\/p>\",\"on_sale\":\"1\",\"crowdfunding\":{\"target_amount\":\"500.00\",\"end_at\":\"2019-06-30 00:00:00\"},\"skus\":{\"182\":{\"title\":\"honor\\/\\u8363\\u8000 \\u7545\\u73a98C\\u5168\\u7f51\\u901a4G\\u624b\\u673a\\u7545\\u73a97C\\u7545\\u73a98X7A 32G\",\"description\":\"8c(4+32G)\\u94c2\\u5149\\u91d1 \\u5047\\u4e00\\u8d54\\u4e09\",\"price\":\"800.00\",\"stock\":\"200\",\"id\":\"182\",\"_remove_\":\"0\"}},\"_token\":\"cLGnYo0tduzW8aqBPnFl987tucWxVqUQk40TldxT\",\"_method\":\"PUT\",\"_previous_\":\"http:\\/\\/shop.test\\/admin\\/crowdfunding_products\"}', '2019-06-19 03:13:11', '2019-06-19 03:13:11');
INSERT INTO `admin_operation_log` VALUES ('211', '1', 'admin/crowdfunding_products', 'GET', '192.168.10.1', '[]', '2019-06-19 03:13:13', '2019-06-19 03:13:13');
INSERT INTO `admin_operation_log` VALUES ('212', '1', 'admin/crowdfunding_products/62', 'GET', '192.168.10.1', '{\"_pjax\":\"#pjax-container\"}', '2019-06-19 03:14:23', '2019-06-19 03:14:23');
INSERT INTO `admin_operation_log` VALUES ('213', '1', 'admin/crowdfunding_products', 'GET', '192.168.10.1', '{\"_pjax\":\"#pjax-container\"}', '2019-06-19 03:15:04', '2019-06-19 03:15:04');
INSERT INTO `admin_operation_log` VALUES ('214', '1', 'admin/crowdfunding_products/62', 'GET', '192.168.10.1', '{\"_pjax\":\"#pjax-container\"}', '2019-06-19 03:15:16', '2019-06-19 03:15:16');
INSERT INTO `admin_operation_log` VALUES ('215', '1', 'admin/crowdfunding_products/62', 'GET', '192.168.10.1', '[]', '2019-06-19 03:20:16', '2019-06-19 03:20:16');
INSERT INTO `admin_operation_log` VALUES ('216', '1', 'admin/products', 'GET', '192.168.10.1', '{\"_pjax\":\"#pjax-container\"}', '2019-06-19 03:20:25', '2019-06-19 03:20:25');
INSERT INTO `admin_operation_log` VALUES ('217', '1', 'admin/products', 'GET', '192.168.10.1', '[]', '2019-06-19 03:35:38', '2019-06-19 03:35:38');
INSERT INTO `admin_operation_log` VALUES ('218', '1', 'admin/crowdfunding_products', 'GET', '192.168.10.1', '{\"_pjax\":\"#pjax-container\"}', '2019-06-19 04:22:18', '2019-06-19 04:22:18');
INSERT INTO `admin_operation_log` VALUES ('219', '1', 'admin/crowdfunding_products', 'GET', '192.168.10.1', '[]', '2019-06-21 09:06:58', '2019-06-21 09:06:58');
INSERT INTO `admin_operation_log` VALUES ('220', '1', 'admin/crowdfunding_products/62/edit', 'GET', '192.168.10.1', '{\"_pjax\":\"#pjax-container\"}', '2019-06-21 09:07:35', '2019-06-21 09:07:35');
INSERT INTO `admin_operation_log` VALUES ('221', '1', 'admin/crowdfunding_products/62', 'PUT', '192.168.10.1', '{\"type\":\"crowdfunding\",\"title\":\"honor\\/\\u8363\\u8000 \\u7545\\u73a98C\\u5168\\u7f51\\u901a4G\\u624b\\u673a\\u7545\\u73a97C\\u7545\\u73a98X7A\",\"category_id\":\"18\",\"description\":\"<p>CCC\\u8bc1\\u4e66\\u7f16\\u53f7:&nbsp;2018011606105291 \\u4ea7\\u54c1\\u540d\\u79f0:&nbsp;honor\\/\\u8363\\u8000 \\u7545\\u73a98C \\u7f51\\u7edc\\u7c7b\\u578b:&nbsp;4G\\u5168\\u7f51\\u901a 4G+\\u5168\\u7f51\\u901a \\u54c1\\u724c:&nbsp;honor\\/\\u8363\\u8000 \\u578b\\u53f7:&nbsp;\\u7545\\u73a98C \\u5b9d\\u8d1d\\u6210\\u8272:&nbsp;\\u5168\\u65b0 \\u552e\\u540e\\u670d\\u52a1:&nbsp;\\u5168\\u56fd\\u8054\\u4fdd \\u7535\\u6c60\\u7c7b\\u578b:&nbsp;\\u4e0d\\u7965 \\u5206\\u8fa8\\u7387:&nbsp;1520x720 \\u6838\\u5fc3\\u6570:&nbsp;\\u4e0d\\u7965 \\u673a\\u8eab\\u989c\\u8272:&nbsp;8C\\uff084+32G\\uff09\\u94c2\\u5149\\u91d1\\u5047\\u4e00\\u8d54\\u4e09 8C\\uff084+32G\\uff09\\u5e7b\\u591c\\u9ed1\\u5047\\u4e00\\u8d54\\u4e09 8C\\uff084+32G\\uff09\\u6781\\u5149\\u84dd\\u5047\\u4e00\\u8d54\\u4e09 8C\\uff084+32G\\uff09\\u661f\\u4e91\\u7d2b\\u5047\\u4e00\\u8d54\\u4e09 8X\\uff084+64G\\uff09\\u68a6\\u5e7b\\u7d2b\\u5047\\u4e00\\u8d54\\u4e09 8X\\uff084+64G\\uff09\\u5e7b\\u591c\\u9ed1\\u5047\\u4e00\\u8d54\\u4e09 8X\\uff084+64G\\uff09\\u9b45\\u6d77\\u84dd\\u5047\\u4e00\\u8d54\\u4e09 8X\\uff084+64G\\uff09\\u9b45\\u7130\\u7ea2\\u5047\\u4e00\\u8d54\\u4e09 \\u5957\\u9910\\u7c7b\\u578b:&nbsp;\\u5b98\\u65b9\\u6807\\u914d \\u89e6\\u6478\\u5c4f\\u7c7b\\u578b:&nbsp;\\u4e0d\\u7965 \\u952e\\u76d8\\u7c7b\\u578b:&nbsp;\\u865a\\u62df\\u5bfc\\u822a\\u952e \\u540e\\u7f6e\\u6444\\u50cf\\u5934:&nbsp;1300\\u4e07\\u50cf\\u7d20\\uff08\\u5f69\\u8272\\uff0cf\\/1.8\\u5149\\u5708\\uff09+200\\u4e07\\u50cf\\u7d20\\uff08\\u9ed1\\u767d\\uff0c \\u8fd0\\u884c\\u5185\\u5b58RAM:&nbsp;4GB \\u5b58\\u50a8\\u5bb9\\u91cf:&nbsp;16GB 32GB 64GB \\u624b\\u673a\\u7c7b\\u578b:&nbsp;\\u4e0d\\u7965 \\u6444\\u50cf\\u5934\\u7c7b\\u578b:&nbsp;\\u4e0d\\u7965 \\u7f51\\u7edc\\u6a21\\u5f0f:&nbsp;\\u53cc\\u5361\\u53cc\\u5f85 \\u7535\\u4fe1\\u8bbe\\u5907\\u8fdb\\u7f51\\u8bb8\\u53ef\\u8bc1\\u7f16\\u53f7:&nbsp;02-5043-183016 \\u9644\\u52a0\\u529f\\u80fd:&nbsp;\\u4e0d\\u7965 \\u7248\\u672c\\u7c7b\\u578b:&nbsp;\\u4e2d\\u56fd\\u5927\\u9646 \\u64cd\\u4f5c\\u7cfb\\u7edf:&nbsp;Android 8.1 \\u6b3e\\u5f0f:&nbsp;\\u76f4\\u677f \\u89c6\\u9891\\u663e\\u793a\\u683c\\u5f0f:&nbsp;\\u4e0d\\u7965 CPU\\u54c1\\u724c:&nbsp;\\u4e0d\\u7965 \\u4e0a\\u5e02\\u65f6\\u95f4:&nbsp;2018-10 \\u5c4f\\u5e55\\u5c3a\\u5bf8:&nbsp;6.26\\u82f1\\u5bf8 \\u4ea7\\u54c1\\u540d\\u79f0:&nbsp;\\u7545\\u73a98C \\u7535\\u6c60\\u5bb9\\u91cf:&nbsp;4000mAh \\u673a\\u8eab\\u539a\\u5ea6:&nbsp;0mm \\u7ed9\\u4f60\\u4e0d\\u4e00\\u6837\\u7684\\u4f53\\u9a8c<\\/p>\",\"on_sale\":\"1\",\"crowdfunding\":{\"target_amount\":\"500.00\",\"end_at\":\"2019-06-21 00:00:00\"},\"skus\":{\"182\":{\"title\":\"honor\\/\\u8363\\u8000 \\u7545\\u73a98C\\u5168\\u7f51\\u901a4G\\u624b\\u673a\\u7545\\u73a97C\\u7545\\u73a98X7A 32G\",\"description\":\"8c(4+32G)\\u94c2\\u5149\\u91d1 \\u5047\\u4e00\\u8d54\\u4e09\",\"price\":\"0.00\",\"stock\":\"191\",\"id\":\"182\",\"_remove_\":\"0\"}},\"_token\":\"gSxrY8gZM0YcqKiP5mkX6jhxsnwNUHHRUipUH5dx\",\"_method\":\"PUT\",\"_previous_\":\"http:\\/\\/shop.test\\/admin\\/crowdfunding_products\"}', '2019-06-21 09:07:52', '2019-06-21 09:07:52');
INSERT INTO `admin_operation_log` VALUES ('222', '1', 'admin/crowdfunding_products/62/edit', 'GET', '192.168.10.1', '[]', '2019-06-21 09:07:54', '2019-06-21 09:07:54');
INSERT INTO `admin_operation_log` VALUES ('223', '1', 'admin/crowdfunding_products/62', 'PUT', '192.168.10.1', '{\"type\":\"crowdfunding\",\"title\":\"honor\\/\\u8363\\u8000 \\u7545\\u73a98C\\u5168\\u7f51\\u901a4G\\u624b\\u673a\\u7545\\u73a97C\\u7545\\u73a98X7A\",\"category_id\":\"18\",\"description\":\"<p>CCC\\u8bc1\\u4e66\\u7f16\\u53f7:&nbsp;2018011606105291 \\u4ea7\\u54c1\\u540d\\u79f0:&nbsp;honor\\/\\u8363\\u8000 \\u7545\\u73a98C \\u7f51\\u7edc\\u7c7b\\u578b:&nbsp;4G\\u5168\\u7f51\\u901a 4G+\\u5168\\u7f51\\u901a \\u54c1\\u724c:&nbsp;honor\\/\\u8363\\u8000 \\u578b\\u53f7:&nbsp;\\u7545\\u73a98C \\u5b9d\\u8d1d\\u6210\\u8272:&nbsp;\\u5168\\u65b0 \\u552e\\u540e\\u670d\\u52a1:&nbsp;\\u5168\\u56fd\\u8054\\u4fdd \\u7535\\u6c60\\u7c7b\\u578b:&nbsp;\\u4e0d\\u7965 \\u5206\\u8fa8\\u7387:&nbsp;1520x720 \\u6838\\u5fc3\\u6570:&nbsp;\\u4e0d\\u7965 \\u673a\\u8eab\\u989c\\u8272:&nbsp;8C\\uff084+32G\\uff09\\u94c2\\u5149\\u91d1\\u5047\\u4e00\\u8d54\\u4e09 8C\\uff084+32G\\uff09\\u5e7b\\u591c\\u9ed1\\u5047\\u4e00\\u8d54\\u4e09 8C\\uff084+32G\\uff09\\u6781\\u5149\\u84dd\\u5047\\u4e00\\u8d54\\u4e09 8C\\uff084+32G\\uff09\\u661f\\u4e91\\u7d2b\\u5047\\u4e00\\u8d54\\u4e09 8X\\uff084+64G\\uff09\\u68a6\\u5e7b\\u7d2b\\u5047\\u4e00\\u8d54\\u4e09 8X\\uff084+64G\\uff09\\u5e7b\\u591c\\u9ed1\\u5047\\u4e00\\u8d54\\u4e09 8X\\uff084+64G\\uff09\\u9b45\\u6d77\\u84dd\\u5047\\u4e00\\u8d54\\u4e09 8X\\uff084+64G\\uff09\\u9b45\\u7130\\u7ea2\\u5047\\u4e00\\u8d54\\u4e09 \\u5957\\u9910\\u7c7b\\u578b:&nbsp;\\u5b98\\u65b9\\u6807\\u914d \\u89e6\\u6478\\u5c4f\\u7c7b\\u578b:&nbsp;\\u4e0d\\u7965 \\u952e\\u76d8\\u7c7b\\u578b:&nbsp;\\u865a\\u62df\\u5bfc\\u822a\\u952e \\u540e\\u7f6e\\u6444\\u50cf\\u5934:&nbsp;1300\\u4e07\\u50cf\\u7d20\\uff08\\u5f69\\u8272\\uff0cf\\/1.8\\u5149\\u5708\\uff09+200\\u4e07\\u50cf\\u7d20\\uff08\\u9ed1\\u767d\\uff0c \\u8fd0\\u884c\\u5185\\u5b58RAM:&nbsp;4GB \\u5b58\\u50a8\\u5bb9\\u91cf:&nbsp;16GB 32GB 64GB \\u624b\\u673a\\u7c7b\\u578b:&nbsp;\\u4e0d\\u7965 \\u6444\\u50cf\\u5934\\u7c7b\\u578b:&nbsp;\\u4e0d\\u7965 \\u7f51\\u7edc\\u6a21\\u5f0f:&nbsp;\\u53cc\\u5361\\u53cc\\u5f85 \\u7535\\u4fe1\\u8bbe\\u5907\\u8fdb\\u7f51\\u8bb8\\u53ef\\u8bc1\\u7f16\\u53f7:&nbsp;02-5043-183016 \\u9644\\u52a0\\u529f\\u80fd:&nbsp;\\u4e0d\\u7965 \\u7248\\u672c\\u7c7b\\u578b:&nbsp;\\u4e2d\\u56fd\\u5927\\u9646 \\u64cd\\u4f5c\\u7cfb\\u7edf:&nbsp;Android 8.1 \\u6b3e\\u5f0f:&nbsp;\\u76f4\\u677f \\u89c6\\u9891\\u663e\\u793a\\u683c\\u5f0f:&nbsp;\\u4e0d\\u7965 CPU\\u54c1\\u724c:&nbsp;\\u4e0d\\u7965 \\u4e0a\\u5e02\\u65f6\\u95f4:&nbsp;2018-10 \\u5c4f\\u5e55\\u5c3a\\u5bf8:&nbsp;6.26\\u82f1\\u5bf8 \\u4ea7\\u54c1\\u540d\\u79f0:&nbsp;\\u7545\\u73a98C \\u7535\\u6c60\\u5bb9\\u91cf:&nbsp;4000mAh \\u673a\\u8eab\\u539a\\u5ea6:&nbsp;0mm \\u7ed9\\u4f60\\u4e0d\\u4e00\\u6837\\u7684\\u4f53\\u9a8c<\\/p>\",\"on_sale\":\"1\",\"crowdfunding\":{\"target_amount\":\"500.00\",\"end_at\":\"2019-06-21 00:00:00\"},\"skus\":{\"182\":{\"title\":\"honor\\/\\u8363\\u8000 \\u7545\\u73a98C\\u5168\\u7f51\\u901a4G\\u624b\\u673a\\u7545\\u73a97C\\u7545\\u73a98X7A 32G\",\"description\":\"8c(4+32G)\\u94c2\\u5149\\u91d1 \\u5047\\u4e00\\u8d54\\u4e09\",\"price\":\"0.01\",\"stock\":\"191\",\"id\":\"182\",\"_remove_\":\"0\"}},\"_token\":\"gSxrY8gZM0YcqKiP5mkX6jhxsnwNUHHRUipUH5dx\",\"_method\":\"PUT\"}', '2019-06-21 09:08:04', '2019-06-21 09:08:04');
INSERT INTO `admin_operation_log` VALUES ('224', '1', 'admin/crowdfunding_products', 'GET', '192.168.10.1', '[]', '2019-06-21 09:08:06', '2019-06-21 09:08:06');
INSERT INTO `admin_operation_log` VALUES ('225', '1', 'admin/crowdfunding_products', 'GET', '192.168.10.1', '[]', '2019-06-21 09:08:12', '2019-06-21 09:08:12');
INSERT INTO `admin_operation_log` VALUES ('226', '1', 'admin/orders', 'GET', '192.168.10.1', '{\"_pjax\":\"#pjax-container\"}', '2019-06-21 09:10:07', '2019-06-21 09:10:07');
INSERT INTO `admin_operation_log` VALUES ('227', '1', 'admin/crowdfunding_products', 'GET', '192.168.10.1', '{\"_pjax\":\"#pjax-container\"}', '2019-06-21 09:12:14', '2019-06-21 09:12:14');
INSERT INTO `admin_operation_log` VALUES ('228', '1', 'admin/crowdfunding_products/62', 'GET', '192.168.10.1', '{\"_pjax\":\"#pjax-container\"}', '2019-06-21 09:12:22', '2019-06-21 09:12:22');
INSERT INTO `admin_operation_log` VALUES ('229', '1', 'admin/crowdfunding_products', 'GET', '192.168.10.1', '{\"_pjax\":\"#pjax-container\"}', '2019-06-21 09:12:29', '2019-06-21 09:12:29');
INSERT INTO `admin_operation_log` VALUES ('230', '1', 'admin/orders', 'GET', '192.168.10.1', '{\"_pjax\":\"#pjax-container\"}', '2019-06-21 09:13:47', '2019-06-21 09:13:47');
INSERT INTO `admin_operation_log` VALUES ('231', '1', 'admin/orders', 'GET', '192.168.10.1', '[]', '2019-06-21 09:15:47', '2019-06-21 09:15:47');
INSERT INTO `admin_operation_log` VALUES ('232', '1', 'admin/orders', 'GET', '192.168.10.1', '{\"no\":\"20190619073756469893\",\"total_amount\":{\"start\":null,\"end\":null},\"_pjax\":\"#pjax-container\"}', '2019-06-21 09:16:00', '2019-06-21 09:16:00');
INSERT INTO `admin_operation_log` VALUES ('233', '1', 'admin/orders', 'GET', '192.168.10.1', '{\"_pjax\":\"#pjax-container\",\"no\":\"20190619073923084803\",\"total_amount\":{\"start\":null,\"end\":null}}', '2019-06-21 09:16:27', '2019-06-21 09:16:27');
INSERT INTO `admin_operation_log` VALUES ('234', '1', 'admin/orders', 'GET', '192.168.10.1', '{\"no\":\"20190619073923084803\",\"total_amount\":{\"start\":null,\"end\":null}}', '2019-06-21 09:16:37', '2019-06-21 09:16:37');
INSERT INTO `admin_operation_log` VALUES ('235', '1', 'admin/orders', 'GET', '192.168.10.1', '{\"no\":\"20190619073923084803\",\"total_amount\":{\"start\":null,\"end\":null},\"_pjax\":\"#pjax-container\"}', '2019-06-21 09:16:42', '2019-06-21 09:16:42');
INSERT INTO `admin_operation_log` VALUES ('236', '1', 'admin/orders', 'GET', '192.168.10.1', '{\"_pjax\":\"#pjax-container\",\"no\":\"201906190739230848\",\"total_amount\":{\"start\":null,\"end\":null}}', '2019-06-21 09:17:07', '2019-06-21 09:17:07');
INSERT INTO `admin_operation_log` VALUES ('237', '1', 'admin/orders', 'GET', '192.168.10.1', '{\"_pjax\":\"#pjax-container\"}', '2019-06-21 09:17:24', '2019-06-21 09:17:24');
INSERT INTO `admin_operation_log` VALUES ('238', '1', 'admin/orders', 'GET', '192.168.10.1', '[]', '2019-06-21 09:17:32', '2019-06-21 09:17:32');
INSERT INTO `admin_operation_log` VALUES ('239', '1', 'admin/orders', 'GET', '192.168.10.1', '{\"id\":\"103\",\"no\":null,\"total_amount\":{\"start\":null,\"end\":null},\"_pjax\":\"#pjax-container\"}', '2019-06-21 09:17:46', '2019-06-21 09:17:46');
INSERT INTO `admin_operation_log` VALUES ('240', '1', 'admin/orders', 'GET', '192.168.10.1', '{\"id\":\"103\",\"no\":null,\"total_amount\":{\"start\":null,\"end\":null}}', '2019-06-21 09:18:03', '2019-06-21 09:18:03');
INSERT INTO `admin_operation_log` VALUES ('241', '1', 'admin/orders', 'GET', '192.168.10.1', '{\"id\":\"103\",\"no\":\"20190619075152880132\",\"total_amount\":{\"start\":null,\"end\":null},\"_pjax\":\"#pjax-container\"}', '2019-06-21 09:19:22', '2019-06-21 09:19:22');
INSERT INTO `admin_operation_log` VALUES ('242', '1', 'admin/orders', 'GET', '192.168.10.1', '{\"id\":\"103\",\"_pjax\":\"#pjax-container\",\"no\":\"20190619080152066550\",\"total_amount\":{\"start\":null,\"end\":null}}', '2019-06-21 09:19:32', '2019-06-21 09:19:32');
INSERT INTO `admin_operation_log` VALUES ('243', '1', 'admin/orders', 'GET', '192.168.10.1', '{\"id\":\"103\",\"_pjax\":\"#pjax-container\",\"no\":\"20190619080243626519\",\"total_amount\":{\"start\":null,\"end\":null}}', '2019-06-21 09:19:41', '2019-06-21 09:19:41');
INSERT INTO `admin_operation_log` VALUES ('244', '1', 'admin/orders', 'GET', '192.168.10.1', '{\"id\":\"103\",\"no\":\"20190619080243626519\",\"total_amount\":{\"start\":null,\"end\":null}}', '2019-06-21 09:21:12', '2019-06-21 09:21:12');
INSERT INTO `admin_operation_log` VALUES ('245', '1', 'admin/orders', 'GET', '192.168.10.1', '{\"id\":\"103\",\"_pjax\":\"#pjax-container\"}', '2019-06-21 09:21:21', '2019-06-21 09:21:21');
INSERT INTO `admin_operation_log` VALUES ('246', '1', 'admin/orders', 'GET', '192.168.10.1', '{\"id\":\"103\",\"_pjax\":\"#pjax-container\",\"_sort\":{\"column\":\"paid_at\",\"type\":\"desc\"}}', '2019-06-21 09:21:26', '2019-06-21 09:21:26');
INSERT INTO `admin_operation_log` VALUES ('247', '1', 'admin/orders', 'GET', '192.168.10.1', '{\"id\":\"103\",\"_pjax\":\"#pjax-container\",\"_sort\":{\"column\":\"paid_at\",\"type\":\"asc\"}}', '2019-06-21 09:21:42', '2019-06-21 09:21:42');
INSERT INTO `admin_operation_log` VALUES ('248', '1', 'admin/orders', 'GET', '192.168.10.1', '{\"id\":\"103\",\"_pjax\":\"#pjax-container\",\"_sort\":{\"column\":\"paid_at\",\"type\":\"asc\"},\"no\":null,\"total_amount\":{\"start\":null,\"end\":null},\"paid_at\":\"2019-06-21\"}', '2019-06-21 09:21:58', '2019-06-21 09:21:58');
INSERT INTO `admin_operation_log` VALUES ('249', '1', 'admin/orders', 'GET', '192.168.10.1', '{\"id\":\"103\",\"_pjax\":\"#pjax-container\",\"_sort\":{\"column\":\"paid_at\",\"type\":\"asc\"}}', '2019-06-21 09:22:11', '2019-06-21 09:22:11');
INSERT INTO `admin_operation_log` VALUES ('250', '1', 'admin/orders', 'GET', '192.168.10.1', '{\"id\":\"103\",\"_sort\":{\"column\":\"paid_at\",\"type\":\"asc\"}}', '2019-06-24 02:31:36', '2019-06-24 02:31:36');
INSERT INTO `admin_operation_log` VALUES ('251', '1', 'admin/orders', 'GET', '192.168.10.1', '{\"id\":\"103\",\"_sort\":{\"column\":\"paid_at\",\"type\":\"asc\"}}', '2019-06-27 06:32:19', '2019-06-27 06:32:19');
INSERT INTO `admin_operation_log` VALUES ('252', '1', 'admin/auth/roles', 'GET', '192.168.10.1', '{\"_pjax\":\"#pjax-container\"}', '2019-06-28 04:24:43', '2019-06-28 04:24:43');
INSERT INTO `admin_operation_log` VALUES ('253', '1', 'admin/auth/permissions', 'GET', '192.168.10.1', '{\"_pjax\":\"#pjax-container\"}', '2019-06-28 04:24:45', '2019-06-28 04:24:45');
INSERT INTO `admin_operation_log` VALUES ('254', '1', 'admin/auth/permissions', 'GET', '192.168.10.1', '[]', '2019-06-28 07:22:41', '2019-06-28 07:22:41');
INSERT INTO `admin_operation_log` VALUES ('255', '1', 'admin/products', 'GET', '192.168.10.1', '{\"_pjax\":\"#pjax-container\"}', '2019-06-28 07:22:50', '2019-06-28 07:22:50');
INSERT INTO `admin_operation_log` VALUES ('256', '1', 'admin/products/create', 'GET', '192.168.10.1', '{\"_pjax\":\"#pjax-container\"}', '2019-06-28 07:22:55', '2019-06-28 07:22:55');
INSERT INTO `admin_operation_log` VALUES ('257', '1', 'admin/api/categories', 'GET', '192.168.10.1', '{\"is_directory\":\"0\",\"q\":\"s\"}', '2019-06-28 07:24:27', '2019-06-28 07:24:27');
INSERT INTO `admin_operation_log` VALUES ('258', '1', 'admin/api/categories', 'GET', '192.168.10.1', '{\"is_directory\":\"0\",\"q\":\"sh\"}', '2019-06-28 07:24:28', '2019-06-28 07:24:28');
INSERT INTO `admin_operation_log` VALUES ('259', '1', 'admin/api/categories', 'GET', '192.168.10.1', '{\"is_directory\":\"0\",\"q\":\"\\u624b\\u673a\"}', '2019-06-28 07:24:29', '2019-06-28 07:24:29');
INSERT INTO `admin_operation_log` VALUES ('260', '1', 'admin/api/categories', 'GET', '192.168.10.1', '{\"is_directory\":\"0\",\"q\":\"\\u624b\"}', '2019-06-28 07:24:35', '2019-06-28 07:24:35');
INSERT INTO `admin_operation_log` VALUES ('261', '1', 'admin/api/categories', 'GET', '192.168.10.1', '{\"is_directory\":\"0\",\"q\":\"zhienng\"}', '2019-06-28 07:24:38', '2019-06-28 07:24:38');
INSERT INTO `admin_operation_log` VALUES ('262', '1', 'admin/api/categories', 'GET', '192.168.10.1', '{\"is_directory\":\"0\",\"q\":\"\\u667a\\u80fd\"}', '2019-06-28 07:24:40', '2019-06-28 07:24:40');
INSERT INTO `admin_operation_log` VALUES ('263', '1', 'admin/api/categories', 'GET', '192.168.10.1', '{\"is_directory\":\"0\",\"q\":\"\\u667a\\u80fdj\"}', '2019-06-28 07:24:40', '2019-06-28 07:24:40');
INSERT INTO `admin_operation_log` VALUES ('264', '1', 'admin/api/categories', 'GET', '192.168.10.1', '{\"is_directory\":\"0\",\"q\":\"\\u667a\\u80fdji\"}', '2019-06-28 07:24:42', '2019-06-28 07:24:42');
INSERT INTO `admin_operation_log` VALUES ('265', '1', 'admin/api/categories', 'GET', '192.168.10.1', '{\"is_directory\":\"0\",\"q\":\"\\u667a\\u80fd\\u673a\"}', '2019-06-28 07:24:43', '2019-06-28 07:24:43');
INSERT INTO `admin_operation_log` VALUES ('266', '1', 'admin/products', 'POST', '192.168.10.1', '{\"type\":\"normal\",\"title\":\"iPhone X\",\"category_id\":\"25\",\"description\":\"<p>\\u6700\\u65b0\\u6b3eiPhone X<br \\/>\\r\\n\\u670964G 128G 256G\\u7b49<\\/p>\",\"on_sale\":\"1\",\"skus\":{\"new_1\":{\"title\":\"\\u9ed1\\u8272256G\",\"description\":\"\\u9ed1\\u8272256G\",\"price\":\"8888\",\"stock\":\"100\",\"id\":null,\"_remove_\":\"0\"},\"new_3\":{\"title\":\"\\u91d1\\u8272256G\",\"description\":\"\\u91d1\\u8272256G\",\"price\":\"8888\",\"stock\":\"100\",\"id\":null,\"_remove_\":\"0\"}},\"properties\":{\"new_2\":{\"name\":\"\\u54c1\\u724c\\u624b\\u673a\",\"value\":\"Apple\\/iPhone X\",\"id\":null,\"_remove_\":\"0\"},\"new_4\":{\"name\":\"\\u673a\\u8eab\\u989c\\u8272\",\"value\":\"\\u9ed1\\u8272\",\"id\":null,\"_remove_\":\"0\"},\"new_5\":{\"name\":\"\\u673a\\u8eab\\u989c\\u8272\",\"value\":\"\\u91d1\\u8272\",\"id\":null,\"_remove_\":\"0\"},\"new_6\":{\"name\":\"\\u5b58\\u50a8\\u5bb9\\u91cf\",\"value\":\"256G\",\"id\":null,\"_remove_\":\"0\"}},\"_token\":\"EH0UCAp4raMcJkE4bNdScKcIF84ho9x5ydajNRCP\",\"_previous_\":\"http:\\/\\/shop.test\\/admin\\/products\"}', '2019-06-28 07:34:16', '2019-06-28 07:34:16');
INSERT INTO `admin_operation_log` VALUES ('267', '1', 'admin/products', 'GET', '192.168.10.1', '[]', '2019-06-28 07:34:20', '2019-06-28 07:34:20');
INSERT INTO `admin_operation_log` VALUES ('268', '1', 'admin/products/63', 'GET', '192.168.10.1', '{\"_pjax\":\"#pjax-container\"}', '2019-06-28 07:34:54', '2019-06-28 07:34:54');
INSERT INTO `admin_operation_log` VALUES ('269', '1', 'admin/products', 'GET', '192.168.10.1', '{\"_pjax\":\"#pjax-container\"}', '2019-06-28 07:35:02', '2019-06-28 07:35:02');
INSERT INTO `admin_operation_log` VALUES ('270', '1', 'admin/products', 'GET', '192.168.10.1', '[]', '2019-06-28 08:52:45', '2019-06-28 08:52:45');
INSERT INTO `admin_operation_log` VALUES ('271', '1', 'admin/products/63/edit', 'GET', '192.168.10.1', '{\"_pjax\":\"#pjax-container\"}', '2019-06-28 09:48:02', '2019-06-28 09:48:02');
INSERT INTO `admin_operation_log` VALUES ('272', '1', 'admin/products/63', 'PUT', '192.168.10.1', '{\"type\":\"normal\",\"title\":\"iPhone X\",\"long_title\":\"2018\\u5e74\\u6700\\u65b0\\u6b3eiPhone X 256G Apple \\u82f9\\u679c\\u624b\\u673a\",\"category_id\":\"25\",\"description\":\"<p>\\u6700\\u65b0\\u6b3eiPhone X \\u670964G 128G 256G\\u7b49<\\/p>\",\"on_sale\":\"1\",\"skus\":{\"183\":{\"title\":\"\\u9ed1\\u8272256G\",\"description\":\"\\u9ed1\\u8272256G\",\"price\":\"8888.00\",\"stock\":\"100\",\"id\":\"183\",\"_remove_\":\"0\"},\"184\":{\"title\":\"\\u91d1\\u8272256G\",\"description\":\"\\u91d1\\u8272256G\",\"price\":\"8888.00\",\"stock\":\"100\",\"id\":\"184\",\"_remove_\":\"0\"}},\"properties\":{\"1\":{\"name\":\"\\u54c1\\u724c\\u624b\\u673a\",\"value\":\"Apple\\/iPhone X\",\"id\":\"1\",\"_remove_\":\"0\"},\"2\":{\"name\":\"\\u673a\\u8eab\\u989c\\u8272\",\"value\":\"\\u9ed1\\u8272\",\"id\":\"2\",\"_remove_\":\"0\"},\"3\":{\"name\":\"\\u673a\\u8eab\\u989c\\u8272\",\"value\":\"\\u91d1\\u8272\",\"id\":\"3\",\"_remove_\":\"0\"},\"4\":{\"name\":\"\\u5b58\\u50a8\\u5bb9\\u91cf\",\"value\":\"256G\",\"id\":\"4\",\"_remove_\":\"0\"}},\"_token\":\"EH0UCAp4raMcJkE4bNdScKcIF84ho9x5ydajNRCP\",\"_method\":\"PUT\",\"_previous_\":\"http:\\/\\/shop.test\\/admin\\/products\"}', '2019-06-28 09:48:38', '2019-06-28 09:48:38');
INSERT INTO `admin_operation_log` VALUES ('273', '1', 'admin/products', 'GET', '192.168.10.1', '[]', '2019-06-28 09:48:40', '2019-06-28 09:48:40');
INSERT INTO `admin_operation_log` VALUES ('274', '1', 'admin/products/63', 'GET', '192.168.10.1', '{\"_pjax\":\"#pjax-container\"}', '2019-06-28 09:48:47', '2019-06-28 09:48:47');
INSERT INTO `admin_operation_log` VALUES ('275', '1', 'admin/users', 'GET', '192.168.10.1', '{\"_pjax\":\"#pjax-container\"}', '2019-06-28 09:56:27', '2019-06-28 09:56:27');
INSERT INTO `admin_operation_log` VALUES ('276', '1', 'admin/crowdfunding_products', 'GET', '192.168.10.1', '{\"_pjax\":\"#pjax-container\"}', '2019-06-28 09:56:43', '2019-06-28 09:56:43');
INSERT INTO `admin_operation_log` VALUES ('277', '1', 'admin/crowdfunding_products/62/edit', 'GET', '192.168.10.1', '{\"_pjax\":\"#pjax-container\"}', '2019-06-28 09:56:47', '2019-06-28 09:56:47');
INSERT INTO `admin_operation_log` VALUES ('278', '1', 'admin/crowdfunding_products/62/edit', 'GET', '192.168.10.1', '[]', '2019-07-01 03:36:54', '2019-07-01 03:36:54');
INSERT INTO `admin_operation_log` VALUES ('279', '1', 'admin/crowdfunding_products/62/edit', 'GET', '192.168.10.1', '[]', '2019-07-01 03:36:54', '2019-07-01 03:36:54');
INSERT INTO `admin_operation_log` VALUES ('280', '1', 'admin/crowdfunding_products/62/edit', 'GET', '192.168.10.1', '[]', '2019-07-01 07:14:02', '2019-07-01 07:14:02');
INSERT INTO `admin_operation_log` VALUES ('281', '1', 'admin/products', 'GET', '192.168.10.1', '{\"_pjax\":\"#pjax-container\"}', '2019-07-01 07:14:10', '2019-07-01 07:14:10');
INSERT INTO `admin_operation_log` VALUES ('282', '1', 'admin/products/69/edit', 'GET', '192.168.10.1', '{\"_pjax\":\"#pjax-container\"}', '2019-07-01 07:14:35', '2019-07-01 07:14:35');
INSERT INTO `admin_operation_log` VALUES ('283', '1', 'admin/products/69/edit', 'GET', '192.168.10.1', '[]', '2019-07-01 10:21:24', '2019-07-01 10:21:24');
INSERT INTO `admin_operation_log` VALUES ('284', '1', 'admin/products/69/edit', 'GET', '192.168.10.1', '[]', '2019-07-02 09:05:23', '2019-07-02 09:05:23');
INSERT INTO `admin_operation_log` VALUES ('285', '1', 'admin/orders', 'GET', '192.168.10.1', '{\"_pjax\":\"#pjax-container\"}', '2019-07-04 08:59:18', '2019-07-04 08:59:18');
INSERT INTO `admin_operation_log` VALUES ('286', '1', 'admin/orders', 'GET', '192.168.10.1', '[]', '2019-07-05 04:04:25', '2019-07-05 04:04:25');
INSERT INTO `admin_operation_log` VALUES ('287', '1', 'admin', 'GET', '192.168.10.1', '{\"_pjax\":\"#pjax-container\"}', '2019-07-05 04:04:33', '2019-07-05 04:04:33');
INSERT INTO `admin_operation_log` VALUES ('288', '1', 'admin/users', 'GET', '192.168.10.1', '{\"_pjax\":\"#pjax-container\"}', '2019-07-05 04:04:52', '2019-07-05 04:04:52');
INSERT INTO `admin_operation_log` VALUES ('289', '1', 'admin/products', 'GET', '192.168.10.1', '{\"_pjax\":\"#pjax-container\"}', '2019-07-05 04:05:02', '2019-07-05 04:05:02');
INSERT INTO `admin_operation_log` VALUES ('290', '1', 'admin/products/69/edit', 'GET', '192.168.10.1', '{\"_pjax\":\"#pjax-container\"}', '2019-07-05 04:05:08', '2019-07-05 04:05:08');
INSERT INTO `admin_operation_log` VALUES ('291', '1', 'admin/orders', 'GET', '192.168.10.1', '{\"_pjax\":\"#pjax-container\"}', '2019-07-05 08:12:56', '2019-07-05 08:12:56');
INSERT INTO `admin_operation_log` VALUES ('292', '1', 'admin/crowdfunding_products', 'GET', '192.168.10.1', '{\"_pjax\":\"#pjax-container\"}', '2019-07-05 08:13:07', '2019-07-05 08:13:07');
INSERT INTO `admin_operation_log` VALUES ('293', '1', 'admin/crowdfunding_products/62/edit', 'GET', '192.168.10.1', '{\"_pjax\":\"#pjax-container\"}', '2019-07-05 08:13:13', '2019-07-05 08:13:13');
INSERT INTO `admin_operation_log` VALUES ('294', '1', 'admin/auth/menu', 'GET', '192.168.10.1', '{\"_pjax\":\"#pjax-container\"}', '2019-07-05 10:09:53', '2019-07-05 10:09:53');
INSERT INTO `admin_operation_log` VALUES ('295', '1', 'admin/auth/menu', 'POST', '192.168.10.1', '{\"parent_id\":\"9\",\"title\":\"\\u79d2\\u6740\\u5546\\u54c1\",\"icon\":\"fa-bars\",\"uri\":\"\\/seckill_products\",\"roles\":[null],\"permission\":null,\"_token\":\"6kgJbCyiNmgPL7CAFVW91aDz6umPmq5f3yBc0Rju\"}', '2019-07-05 10:11:42', '2019-07-05 10:11:42');
INSERT INTO `admin_operation_log` VALUES ('296', '1', 'admin/auth/menu', 'GET', '192.168.10.1', '[]', '2019-07-05 10:11:45', '2019-07-05 10:11:45');
INSERT INTO `admin_operation_log` VALUES ('297', '1', 'admin/auth/menu', 'GET', '192.168.10.1', '[]', '2019-07-05 10:12:05', '2019-07-05 10:12:05');
INSERT INTO `admin_operation_log` VALUES ('298', '1', 'admin/seckill_products', 'GET', '192.168.10.1', '{\"_pjax\":\"#pjax-container\"}', '2019-07-05 10:12:13', '2019-07-05 10:12:13');
INSERT INTO `admin_operation_log` VALUES ('299', '1', 'admin/seckill_products/create', 'GET', '192.168.10.1', '{\"_pjax\":\"#pjax-container\"}', '2019-07-05 10:12:43', '2019-07-05 10:12:43');
INSERT INTO `admin_operation_log` VALUES ('300', '1', 'admin/api/categories', 'GET', '192.168.10.1', '{\"is_directory\":\"0\",\"q\":\"s\"}', '2019-07-05 10:13:53', '2019-07-05 10:13:53');
INSERT INTO `admin_operation_log` VALUES ('301', '1', 'admin/api/categories', 'GET', '192.168.10.1', '{\"is_directory\":\"0\",\"q\":\"shouji\"}', '2019-07-05 10:13:56', '2019-07-05 10:13:56');
INSERT INTO `admin_operation_log` VALUES ('302', '1', 'admin/api/categories', 'GET', '192.168.10.1', '{\"is_directory\":\"0\",\"q\":\"\\u624b\\u673a\"}', '2019-07-05 10:13:57', '2019-07-05 10:13:57');
INSERT INTO `admin_operation_log` VALUES ('303', '1', 'admin/api/categories', 'GET', '192.168.10.1', '{\"is_directory\":\"0\",\"q\":\"\\u624b\"}', '2019-07-05 10:14:00', '2019-07-05 10:14:00');
INSERT INTO `admin_operation_log` VALUES ('304', '1', 'admin/api/categories', 'GET', '192.168.10.1', '{\"is_directory\":\"0\",\"q\":\"zhineng\"}', '2019-07-05 10:14:03', '2019-07-05 10:14:03');
INSERT INTO `admin_operation_log` VALUES ('305', '1', 'admin/api/categories', 'GET', '192.168.10.1', '{\"is_directory\":\"0\",\"q\":\"\\u667a\\u80fd\\u673a\"}', '2019-07-05 10:14:03', '2019-07-05 10:14:03');
INSERT INTO `admin_operation_log` VALUES ('306', '1', 'admin/seckill_products', 'POST', '192.168.10.1', '{\"type\":\"seckill\",\"title\":\"vivo NEX\",\"long_title\":\"2018\\u5e74\\u6700\\u65b0\\u6b3evivo NEX 256G  vivo NEX\\u624b\\u673a\",\"category_id\":\"25\",\"description\":\"<p>vivo NEX \\u53cc\\u5c4f\\u7248 AI\\u4e09\\u6444 \\u6e38\\u620f\\u624b\\u673a 10GB+128GB \\u51b0\\u539f\\u84dd \\u79fb\\u52a8\\u8054\\u901a\\u7535\\u4fe1\\u5168\\u7f51\\u901a4G\\u624b\\u673a<\\/p>\",\"on_sale\":\"1\",\"seckill\":{\"start_at\":\"2019-07-05 00:00:00\",\"end_at\":\"2019-07-06 00:00:00\"},\"skus\":{\"new_1\":{\"title\":\"\\u51b0\\u539f\\u84dd\",\"description\":\"vivo NEX \\u53cc\\u5c4f\\u7248 AI\\u4e09\\u6444 \\u6e38\\u620f\\u624b\\u673a 10GB+128GB\",\"price\":\"4998.00\",\"stock\":\"200\",\"id\":null,\"_remove_\":\"0\"},\"new_3\":{\"title\":\"\\u661f\\u6f3e\\u7d2b\",\"description\":\"vivo NEX \\u53cc\\u5c4f\\u7248 AI\\u4e09\\u6444 \\u6e38\\u620f\\u624b\\u673a 10GB+128GB\",\"price\":\"4998.00\",\"stock\":\"100\",\"id\":null,\"_remove_\":\"0\"}},\"properties\":{\"new_2\":{\"name\":\"\\u673a\\u8eab\\u989c\\u8272\",\"value\":\"\\u661f\\u6f3e\\u7d2b\",\"id\":null,\"_remove_\":\"0\"},\"new_4\":{\"name\":\"\\u673a\\u8eab\\u989c\\u8272\",\"value\":\"\\u51b0\\u539f\\u84dd\",\"id\":null,\"_remove_\":\"0\"},\"new_5\":{\"name\":\"\\u5957\\u3000\\u3000\\u88c5\",\"value\":\"\\u4f18\\u60e0\\u5957\\u88c51\",\"id\":null,\"_remove_\":\"0\"},\"new_6\":{\"name\":\"\\u5957\\u3000\\u3000\\u88c5\",\"value\":\"\\u4f18\\u60e0\\u5957\\u88c52\",\"id\":null,\"_remove_\":\"0\"},\"new_7\":{\"name\":\"\\u5957\\u3000\\u3000\\u88c5\",\"value\":\"\\u4f18\\u60e0\\u5957\\u88c53\",\"id\":null,\"_remove_\":\"0\"},\"new_8\":{\"name\":\"\\u5957\\u3000\\u3000\\u88c5\",\"value\":\"\\u4f18\\u60e0\\u5957\\u88c54\",\"id\":null,\"_remove_\":\"0\"},\"new_9\":{\"name\":\"\\u589e\\u503c\\u4fdd\\u969c\",\"value\":\"\\u4eac\\u4eab\\u65e0\\u5fe72 \\uffe5329\",\"id\":null,\"_remove_\":\"0\"},\"new_10\":{\"name\":\"\\u589e\\u503c\\u4fdd\\u969c\",\"value\":\"\\u788e\\u5c4f\\u4fdd2\\u5e74 \\uffe5169\",\"id\":null,\"_remove_\":\"0\"},\"new_11\":{\"name\":\"\\u589e\\u503c\\u4fdd\\u969c\",\"value\":\"\\u539f\\u5382\\u7535\\u6c60\\u6362 \\uffe539\",\"id\":null,\"_remove_\":\"0\"},\"new_12\":{\"name\":\"\\u4eac\\u4e1c\\u670d\\u52a1\",\"value\":\"\\u539f\\u5382\\u6362\\u5c4f \\uffe5159\",\"id\":null,\"_remove_\":\"0\"},\"new_13\":{\"name\":\"\\u4eac\\u4e1c\\u670d\\u52a1\",\"value\":\"\\u53ea\\u6362\\u4e0d\\u4fee1\\u5e74 \\uffe5229\",\"id\":null,\"_remove_\":\"0\"},\"new_14\":{\"name\":\"\\u4eac\\u4e1c\\u670d\\u52a1\",\"value\":\"\\u6570\\u636e\\u6062\\u590d \\uffe539\",\"id\":null,\"_remove_\":\"0\"}},\"_token\":\"6kgJbCyiNmgPL7CAFVW91aDz6umPmq5f3yBc0Rju\",\"_previous_\":\"http:\\/\\/shop.test\\/admin\\/seckill_products\"}', '2019-07-05 10:23:16', '2019-07-05 10:23:16');
INSERT INTO `admin_operation_log` VALUES ('307', '1', 'admin/seckill_products', 'GET', '192.168.10.1', '[]', '2019-07-05 10:23:20', '2019-07-05 10:23:20');
INSERT INTO `admin_operation_log` VALUES ('308', '1', 'admin/seckill_products/70', 'GET', '192.168.10.1', '{\"_pjax\":\"#pjax-container\"}', '2019-07-05 10:23:32', '2019-07-05 10:23:32');
INSERT INTO `admin_operation_log` VALUES ('309', '1', 'admin/seckill_products/70/edit', 'GET', '192.168.10.1', '{\"_pjax\":\"#pjax-container\"}', '2019-07-05 10:24:21', '2019-07-05 10:24:21');
INSERT INTO `admin_operation_log` VALUES ('310', '1', 'admin/seckill_products', 'GET', '192.168.10.1', '{\"_pjax\":\"#pjax-container\"}', '2019-07-05 10:31:26', '2019-07-05 10:31:26');
INSERT INTO `admin_operation_log` VALUES ('311', '1', 'admin/seckill_products/70', 'GET', '192.168.10.1', '{\"_pjax\":\"#pjax-container\"}', '2019-07-05 10:31:32', '2019-07-05 10:31:32');
INSERT INTO `admin_operation_log` VALUES ('312', '1', 'admin/seckill_products/70', 'GET', '192.168.10.1', '[]', '2019-07-05 10:32:49', '2019-07-05 10:32:49');
INSERT INTO `admin_operation_log` VALUES ('313', '1', 'admin/seckill_products/70', 'GET', '192.168.10.1', '[]', '2019-07-05 10:35:00', '2019-07-05 10:35:00');
INSERT INTO `admin_operation_log` VALUES ('314', '1', 'admin/seckill_products/70', 'GET', '192.168.10.1', '[]', '2019-07-05 10:36:37', '2019-07-05 10:36:37');
INSERT INTO `admin_operation_log` VALUES ('315', '1', 'admin/seckill_products/70', 'GET', '192.168.10.1', '[]', '2019-07-05 10:36:59', '2019-07-05 10:36:59');
INSERT INTO `admin_operation_log` VALUES ('316', '1', 'admin/seckill_products/70', 'GET', '192.168.10.1', '[]', '2019-07-05 10:37:55', '2019-07-05 10:37:55');
INSERT INTO `admin_operation_log` VALUES ('317', '1', 'admin/seckill_products/70', 'GET', '192.168.10.1', '[]', '2019-07-05 10:41:20', '2019-07-05 10:41:20');
INSERT INTO `admin_operation_log` VALUES ('318', '1', 'admin/seckill_products/70', 'GET', '192.168.10.1', '[]', '2019-07-05 10:43:33', '2019-07-05 10:43:33');
INSERT INTO `admin_operation_log` VALUES ('319', '1', 'admin/seckill_products/70', 'GET', '192.168.10.1', '[]', '2019-07-05 10:44:40', '2019-07-05 10:44:40');
INSERT INTO `admin_operation_log` VALUES ('320', '1', 'admin', 'GET', '192.168.10.1', '[]', '2019-07-08 10:07:28', '2019-07-08 10:07:28');
INSERT INTO `admin_operation_log` VALUES ('321', '1', 'admin/orders', 'GET', '192.168.10.1', '{\"_pjax\":\"#pjax-container\"}', '2019-07-08 10:11:27', '2019-07-08 10:11:27');
INSERT INTO `admin_operation_log` VALUES ('322', '1', 'admin/seckill_products', 'GET', '192.168.10.1', '{\"_pjax\":\"#pjax-container\"}', '2019-07-08 10:11:31', '2019-07-08 10:11:31');
INSERT INTO `admin_operation_log` VALUES ('323', '1', 'admin/seckill_products/70', 'GET', '192.168.10.1', '{\"_pjax\":\"#pjax-container\"}', '2019-07-08 10:11:44', '2019-07-08 10:11:44');
INSERT INTO `admin_operation_log` VALUES ('324', '1', 'admin/seckill_products', 'GET', '192.168.10.1', '[]', '2019-07-08 10:11:52', '2019-07-08 10:11:52');
INSERT INTO `admin_operation_log` VALUES ('325', '1', 'admin/seckill_products/70', 'GET', '192.168.10.1', '{\"_pjax\":\"#pjax-container\"}', '2019-07-08 10:13:17', '2019-07-08 10:13:17');
INSERT INTO `admin_operation_log` VALUES ('326', '1', 'admin/seckill_products', 'GET', '192.168.10.1', '[]', '2019-07-08 10:13:22', '2019-07-08 10:13:22');
INSERT INTO `admin_operation_log` VALUES ('327', '1', 'admin/seckill_products', 'GET', '192.168.10.1', '[]', '2019-07-08 10:13:46', '2019-07-08 10:13:46');
INSERT INTO `admin_operation_log` VALUES ('328', '1', 'admin/seckill_products/70', 'GET', '192.168.10.1', '{\"_pjax\":\"#pjax-container\"}', '2019-07-08 10:13:51', '2019-07-08 10:13:51');
INSERT INTO `admin_operation_log` VALUES ('329', '1', 'admin/seckill_products', 'GET', '192.168.10.1', '[]', '2019-07-08 10:13:57', '2019-07-08 10:13:57');
INSERT INTO `admin_operation_log` VALUES ('330', '1', 'admin/seckill_products', 'GET', '192.168.10.1', '[]', '2019-07-08 10:14:07', '2019-07-08 10:14:07');
INSERT INTO `admin_operation_log` VALUES ('331', '1', 'admin/seckill_products/70', 'GET', '192.168.10.1', '{\"_pjax\":\"#pjax-container\"}', '2019-07-08 10:14:12', '2019-07-08 10:14:12');
INSERT INTO `admin_operation_log` VALUES ('332', '1', 'admin/seckill_products/70', 'GET', '192.168.10.1', '[]', '2019-07-08 10:18:15', '2019-07-08 10:18:15');
INSERT INTO `admin_operation_log` VALUES ('333', '1', 'admin/seckill_products/70', 'GET', '192.168.10.1', '[]', '2019-07-08 10:19:30', '2019-07-08 10:19:30');
INSERT INTO `admin_operation_log` VALUES ('334', '1', 'admin/seckill_products/70', 'GET', '192.168.10.1', '[]', '2019-07-08 10:21:33', '2019-07-08 10:21:33');
INSERT INTO `admin_operation_log` VALUES ('335', '1', 'admin/seckill_products/70', 'GET', '192.168.10.1', '[]', '2019-07-08 10:22:50', '2019-07-08 10:22:50');
INSERT INTO `admin_operation_log` VALUES ('336', '1', 'admin/seckill_products/70', 'GET', '192.168.10.1', '{\"_pjax\":\"#pjax-container\"}', '2019-07-08 10:26:06', '2019-07-08 10:26:06');
INSERT INTO `admin_operation_log` VALUES ('337', '1', 'admin/seckill_products/70', 'GET', '192.168.10.1', '[]', '2019-07-08 10:29:53', '2019-07-08 10:29:53');
INSERT INTO `admin_operation_log` VALUES ('338', '1', 'admin/seckill_products/70', 'GET', '192.168.10.1', '[]', '2019-07-08 10:31:43', '2019-07-08 10:31:43');
INSERT INTO `admin_operation_log` VALUES ('339', '1', 'admin/seckill_products/70', 'GET', '192.168.10.1', '[]', '2019-07-08 10:32:15', '2019-07-08 10:32:15');
INSERT INTO `admin_operation_log` VALUES ('340', '1', 'admin/seckill_products/70', 'GET', '192.168.10.1', '[]', '2019-07-08 10:32:39', '2019-07-08 10:32:39');
INSERT INTO `admin_operation_log` VALUES ('341', '1', 'admin/seckill_products/70', 'GET', '192.168.10.1', '[]', '2019-07-08 10:32:52', '2019-07-08 10:32:52');
INSERT INTO `admin_operation_log` VALUES ('342', '1', 'admin/seckill_products/70', 'GET', '192.168.10.1', '[]', '2019-07-08 10:33:09', '2019-07-08 10:33:09');
INSERT INTO `admin_operation_log` VALUES ('343', '1', 'admin/seckill_products/70', 'GET', '192.168.10.1', '[]', '2019-07-08 10:33:51', '2019-07-08 10:33:51');
INSERT INTO `admin_operation_log` VALUES ('344', '1', 'admin/seckill_products/70', 'GET', '192.168.10.1', '[]', '2019-07-08 10:34:16', '2019-07-08 10:34:16');
INSERT INTO `admin_operation_log` VALUES ('345', '1', 'admin/seckill_products/70', 'GET', '192.168.10.1', '[]', '2019-07-08 10:34:30', '2019-07-08 10:34:30');
INSERT INTO `admin_operation_log` VALUES ('346', '1', 'admin/seckill_products/70', 'GET', '192.168.10.1', '[]', '2019-07-08 10:34:56', '2019-07-08 10:34:56');
INSERT INTO `admin_operation_log` VALUES ('347', '1', 'admin/seckill_products/70', 'GET', '192.168.10.1', '[]', '2019-07-08 10:35:13', '2019-07-08 10:35:13');
INSERT INTO `admin_operation_log` VALUES ('348', '1', 'admin/seckill_products/70', 'GET', '192.168.10.1', '[]', '2019-07-08 10:35:40', '2019-07-08 10:35:40');
INSERT INTO `admin_operation_log` VALUES ('349', '1', 'admin/seckill_products/70', 'GET', '192.168.10.1', '[]', '2019-07-08 10:36:13', '2019-07-08 10:36:13');
INSERT INTO `admin_operation_log` VALUES ('350', '1', 'admin/products', 'GET', '192.168.10.1', '{\"_pjax\":\"#pjax-container\"}', '2019-07-08 10:42:22', '2019-07-08 10:42:22');
INSERT INTO `admin_operation_log` VALUES ('351', '1', 'admin/products/69', 'GET', '192.168.10.1', '{\"_pjax\":\"#pjax-container\"}', '2019-07-08 10:42:27', '2019-07-08 10:42:27');
INSERT INTO `admin_operation_log` VALUES ('352', '1', 'admin/products', 'GET', '192.168.10.1', '{\"_pjax\":\"#pjax-container\"}', '2019-07-08 10:42:38', '2019-07-08 10:42:38');
INSERT INTO `admin_operation_log` VALUES ('353', '1', 'admin/crowdfunding_products', 'GET', '192.168.10.1', '{\"_pjax\":\"#pjax-container\"}', '2019-07-08 10:42:40', '2019-07-08 10:42:40');
INSERT INTO `admin_operation_log` VALUES ('354', '1', 'admin/crowdfunding_products/62', 'GET', '192.168.10.1', '{\"_pjax\":\"#pjax-container\"}', '2019-07-08 10:42:45', '2019-07-08 10:42:45');
INSERT INTO `admin_operation_log` VALUES ('355', '1', 'admin/crowdfunding_products/62', 'GET', '192.168.10.1', '[]', '2019-07-09 09:34:20', '2019-07-09 09:34:20');

-- ----------------------------
-- Table structure for admin_permissions
-- ----------------------------
DROP TABLE IF EXISTS `admin_permissions`;
CREATE TABLE `admin_permissions` (
  `id` int(10) unsigned NOT NULL AUTO_INCREMENT,
  `name` varchar(50) COLLATE utf8mb4_unicode_ci NOT NULL,
  `slug` varchar(50) COLLATE utf8mb4_unicode_ci NOT NULL,
  `http_method` varchar(255) COLLATE utf8mb4_unicode_ci DEFAULT NULL,
  `http_path` text COLLATE utf8mb4_unicode_ci,
  `created_at` timestamp NULL DEFAULT NULL,
  `updated_at` timestamp NULL DEFAULT NULL,
  PRIMARY KEY (`id`),
  UNIQUE KEY `admin_permissions_name_unique` (`name`)
) ENGINE=InnoDB AUTO_INCREMENT=5 DEFAULT CHARSET=utf8mb4 COLLATE=utf8mb4_unicode_ci;

-- ----------------------------
-- Records of admin_permissions
-- ----------------------------
INSERT INTO `admin_permissions` VALUES ('1', 'All permission', '*', null, '*', '2019-06-17 12:00:15', '2019-06-17 12:00:16');
INSERT INTO `admin_permissions` VALUES ('2', 'Dashboard', 'dashboard', 'GET', '/', '2019-06-17 12:00:34', '2019-06-17 12:00:36');
INSERT INTO `admin_permissions` VALUES ('3', 'Login', 'auth.login', null, '/auth/login\r\n/auth/logout', '2019-06-17 12:00:57', '2019-06-17 12:00:59');
INSERT INTO `admin_permissions` VALUES ('4', 'User setting', 'auth.setting', 'GET,PUT', '/auth/setting', '2019-06-17 12:01:14', '2019-06-17 12:01:16');

-- ----------------------------
-- Table structure for admin_role_menu
-- ----------------------------
DROP TABLE IF EXISTS `admin_role_menu`;
CREATE TABLE `admin_role_menu` (
  `role_id` int(11) NOT NULL,
  `menu_id` int(11) NOT NULL,
  `created_at` timestamp NULL DEFAULT NULL,
  `updated_at` timestamp NULL DEFAULT NULL,
  KEY `admin_role_menu_role_id_menu_id_index` (`role_id`,`menu_id`)
) ENGINE=InnoDB DEFAULT CHARSET=utf8mb4 COLLATE=utf8mb4_unicode_ci;

-- ----------------------------
-- Records of admin_role_menu
-- ----------------------------
INSERT INTO `admin_role_menu` VALUES ('1', '2', '2019-06-17 12:02:15', '2019-06-17 12:02:18');

-- ----------------------------
-- Table structure for admin_role_permissions
-- ----------------------------
DROP TABLE IF EXISTS `admin_role_permissions`;
CREATE TABLE `admin_role_permissions` (
  `role_id` int(11) NOT NULL,
  `permission_id` int(11) NOT NULL,
  `created_at` timestamp NULL DEFAULT NULL,
  `updated_at` timestamp NULL DEFAULT NULL,
  KEY `admin_role_permissions_role_id_permission_id_index` (`role_id`,`permission_id`)
) ENGINE=InnoDB DEFAULT CHARSET=utf8mb4 COLLATE=utf8mb4_unicode_ci;

-- ----------------------------
-- Records of admin_role_permissions
-- ----------------------------
INSERT INTO `admin_role_permissions` VALUES ('1', '1', '2019-06-17 12:03:23', '2019-06-17 12:03:25');

-- ----------------------------
-- Table structure for admin_role_users
-- ----------------------------
DROP TABLE IF EXISTS `admin_role_users`;
CREATE TABLE `admin_role_users` (
  `role_id` int(11) NOT NULL,
  `user_id` int(11) NOT NULL,
  `created_at` timestamp NULL DEFAULT NULL,
  `updated_at` timestamp NULL DEFAULT NULL,
  KEY `admin_role_users_role_id_user_id_index` (`role_id`,`user_id`)
) ENGINE=InnoDB DEFAULT CHARSET=utf8mb4 COLLATE=utf8mb4_unicode_ci;

-- ----------------------------
-- Records of admin_role_users
-- ----------------------------

-- ----------------------------
-- Table structure for admin_roles
-- ----------------------------
DROP TABLE IF EXISTS `admin_roles`;
CREATE TABLE `admin_roles` (
  `id` int(10) unsigned NOT NULL AUTO_INCREMENT,
  `name` varchar(50) COLLATE utf8mb4_unicode_ci NOT NULL,
  `slug` varchar(50) COLLATE utf8mb4_unicode_ci NOT NULL,
  `created_at` timestamp NULL DEFAULT NULL,
  `updated_at` timestamp NULL DEFAULT NULL,
  PRIMARY KEY (`id`),
  UNIQUE KEY `admin_roles_name_unique` (`name`)
) ENGINE=InnoDB DEFAULT CHARSET=utf8mb4 COLLATE=utf8mb4_unicode_ci;

-- ----------------------------
-- Records of admin_roles
-- ----------------------------

-- ----------------------------
-- Table structure for admin_user_permissions
-- ----------------------------
DROP TABLE IF EXISTS `admin_user_permissions`;
CREATE TABLE `admin_user_permissions` (
  `user_id` int(11) NOT NULL,
  `permission_id` int(11) NOT NULL,
  `created_at` timestamp NULL DEFAULT NULL,
  `updated_at` timestamp NULL DEFAULT NULL,
  KEY `admin_user_permissions_user_id_permission_id_index` (`user_id`,`permission_id`)
) ENGINE=InnoDB DEFAULT CHARSET=utf8mb4 COLLATE=utf8mb4_unicode_ci;

-- ----------------------------
-- Records of admin_user_permissions
-- ----------------------------
INSERT INTO `admin_user_permissions` VALUES ('1', '1', '2019-06-17 12:11:59', '2019-06-17 12:12:01');

-- ----------------------------
-- Table structure for admin_users
-- ----------------------------
DROP TABLE IF EXISTS `admin_users`;
CREATE TABLE `admin_users` (
  `id` int(10) unsigned NOT NULL AUTO_INCREMENT,
  `username` varchar(190) COLLATE utf8mb4_unicode_ci NOT NULL,
  `password` varchar(60) COLLATE utf8mb4_unicode_ci NOT NULL,
  `name` varchar(255) COLLATE utf8mb4_unicode_ci NOT NULL,
  `avatar` varchar(255) COLLATE utf8mb4_unicode_ci DEFAULT NULL,
  `remember_token` varchar(100) COLLATE utf8mb4_unicode_ci DEFAULT NULL,
  `created_at` timestamp NULL DEFAULT NULL,
  `updated_at` timestamp NULL DEFAULT NULL,
  PRIMARY KEY (`id`),
  UNIQUE KEY `admin_users_username_unique` (`username`)
) ENGINE=InnoDB AUTO_INCREMENT=2 DEFAULT CHARSET=utf8mb4 COLLATE=utf8mb4_unicode_ci;

-- ----------------------------
-- Records of admin_users
-- ----------------------------
INSERT INTO `admin_users` VALUES ('1', 'admin', '$2y$10$JYKT/rU0V.DsRmoJmGJmjOoMHD4C6tGQLYwoXYIQmP/4tf2XF72Vy', 'Administrator', null, 'LBus6JjkoBDfG3ED7k1RKsg42Y7EXdBhXCNyZn4kAVnrXGH929glUnkKYcs0', '2019-06-17 11:58:58', '2019-06-17 11:59:00');

-- ----------------------------
-- Table structure for cart_items
-- ----------------------------
DROP TABLE IF EXISTS `cart_items`;
CREATE TABLE `cart_items` (
  `id` bigint(20) unsigned NOT NULL AUTO_INCREMENT,
  `user_id` bigint(20) unsigned NOT NULL COMMENT '用户ID',
  `product_sku_id` bigint(20) unsigned NOT NULL COMMENT '商品 SKU ID',
  `amount` bigint(20) unsigned NOT NULL COMMENT '商品数量',
  PRIMARY KEY (`id`),
  KEY `cart_items_user_id_foreign` (`user_id`),
  KEY `cart_items_product_sku_id_foreign` (`product_sku_id`),
  CONSTRAINT `cart_items_product_sku_id_foreign` FOREIGN KEY (`product_sku_id`) REFERENCES `product_skus` (`id`) ON DELETE CASCADE,
  CONSTRAINT `cart_items_user_id_foreign` FOREIGN KEY (`user_id`) REFERENCES `users` (`id`) ON DELETE CASCADE
) ENGINE=InnoDB DEFAULT CHARSET=utf8mb4 COLLATE=utf8mb4_unicode_ci COMMENT='购物车';

-- ----------------------------
-- Records of cart_items
-- ----------------------------

-- ----------------------------
-- Table structure for categories
-- ----------------------------
DROP TABLE IF EXISTS `categories`;
CREATE TABLE `categories` (
  `id` bigint(20) unsigned NOT NULL AUTO_INCREMENT,
  `name` varchar(255) COLLATE utf8mb4_unicode_ci NOT NULL COMMENT '类目名称',
  `parent_id` bigint(20) unsigned DEFAULT NULL COMMENT '	父类目 ID',
  `is_directory` tinyint(1) NOT NULL COMMENT '是否拥有子类目',
  `level` int(10) unsigned NOT NULL COMMENT '当前类目层级',
  `path` varchar(255) COLLATE utf8mb4_unicode_ci NOT NULL COMMENT '该类目所有父类目 id',
  `created_at` timestamp NULL DEFAULT NULL,
  `updated_at` timestamp NULL DEFAULT NULL,
  PRIMARY KEY (`id`),
  KEY `categories_parent_id_foreign` (`parent_id`),
  CONSTRAINT `categories_parent_id_foreign` FOREIGN KEY (`parent_id`) REFERENCES `categories` (`id`) ON DELETE CASCADE
) ENGINE=InnoDB AUTO_INCREMENT=28 DEFAULT CHARSET=utf8mb4 COLLATE=utf8mb4_unicode_ci;

-- ----------------------------
-- Records of categories
-- ----------------------------
INSERT INTO `categories` VALUES ('1', '手机配件', null, '1', '0', '-', '2019-06-14 11:01:20', '2019-06-14 11:01:20');
INSERT INTO `categories` VALUES ('2', '手机壳', '1', '0', '1', '-1-', '2019-06-14 11:01:30', '2019-06-14 11:01:30');
INSERT INTO `categories` VALUES ('3', '贴膜', '1', '0', '1', '-1-', '2019-06-14 11:01:31', '2019-06-14 11:01:31');
INSERT INTO `categories` VALUES ('4', '存储卡', '1', '0', '1', '-1-', '2019-06-14 11:01:31', '2019-06-14 11:01:31');
INSERT INTO `categories` VALUES ('5', '数据线', '1', '0', '1', '-1-', '2019-06-14 11:01:31', '2019-06-14 11:01:31');
INSERT INTO `categories` VALUES ('6', '充电器', '1', '0', '1', '-1-', '2019-06-14 11:01:31', '2019-06-14 11:01:31');
INSERT INTO `categories` VALUES ('7', '耳机', '1', '1', '1', '-1-', '2019-06-14 11:01:31', '2019-06-14 11:01:31');
INSERT INTO `categories` VALUES ('8', '有线耳机', '7', '0', '2', '-1-7-', '2019-06-14 11:01:31', '2019-06-14 11:01:31');
INSERT INTO `categories` VALUES ('9', '蓝牙耳机', '7', '0', '2', '-1-7-', '2019-06-14 11:01:31', '2019-06-14 11:01:31');
INSERT INTO `categories` VALUES ('10', '电脑配件', null, '1', '0', '-', '2019-06-14 11:01:31', '2019-06-14 11:01:31');
INSERT INTO `categories` VALUES ('11', '显示器', '10', '0', '1', '-10-', '2019-06-14 11:01:31', '2019-06-14 11:01:31');
INSERT INTO `categories` VALUES ('12', '显卡', '10', '0', '1', '-10-', '2019-06-14 11:01:31', '2019-06-14 11:01:31');
INSERT INTO `categories` VALUES ('13', '内存', '10', '0', '1', '-10-', '2019-06-14 11:01:31', '2019-06-14 11:01:31');
INSERT INTO `categories` VALUES ('14', 'CPU', '10', '0', '1', '-10-', '2019-06-14 11:01:31', '2019-06-14 11:01:31');
INSERT INTO `categories` VALUES ('15', '主板', '10', '0', '1', '-10-', '2019-06-14 11:01:31', '2019-06-14 11:01:31');
INSERT INTO `categories` VALUES ('16', '硬盘', '10', '0', '1', '-10-', '2019-06-14 11:01:31', '2019-06-14 11:01:31');
INSERT INTO `categories` VALUES ('17', '电脑整机', null, '1', '0', '-', '2019-06-14 11:01:31', '2019-06-14 11:01:31');
INSERT INTO `categories` VALUES ('18', '笔记本', '17', '0', '1', '-17-', '2019-06-14 11:01:31', '2019-06-14 11:01:31');
INSERT INTO `categories` VALUES ('19', '台式机', '17', '0', '1', '-17-', '2019-06-14 11:01:31', '2019-06-14 11:01:31');
INSERT INTO `categories` VALUES ('20', '平板电脑', '17', '0', '1', '-17-', '2019-06-14 11:01:31', '2019-06-14 11:01:31');
INSERT INTO `categories` VALUES ('21', '一体机', '17', '0', '1', '-17-', '2019-06-14 11:01:31', '2019-06-14 11:01:31');
INSERT INTO `categories` VALUES ('22', '服务器', '17', '0', '1', '-17-', '2019-06-14 11:01:31', '2019-06-14 11:01:31');
INSERT INTO `categories` VALUES ('23', '工作站', '17', '0', '1', '-17-', '2019-06-14 11:01:31', '2019-06-14 11:01:31');
INSERT INTO `categories` VALUES ('24', '手机通讯', null, '1', '0', '-', '2019-06-14 11:01:31', '2019-06-14 11:01:31');
INSERT INTO `categories` VALUES ('25', '智能机', '24', '0', '1', '-24-', '2019-06-14 11:01:31', '2019-06-14 11:01:31');
INSERT INTO `categories` VALUES ('26', '老人机', '24', '0', '1', '-24-', '2019-06-14 11:01:31', '2019-06-14 11:01:31');
INSERT INTO `categories` VALUES ('27', '对讲机', '24', '0', '1', '-24-', '2019-06-14 11:01:31', '2019-06-14 11:01:31');

-- ----------------------------
-- Table structure for coupon_codes
-- ----------------------------
DROP TABLE IF EXISTS `coupon_codes`;
CREATE TABLE `coupon_codes` (
  `id` bigint(20) unsigned NOT NULL AUTO_INCREMENT,
  `name` varchar(255) COLLATE utf8mb4_unicode_ci NOT NULL COMMENT '	优惠券的标题',
  `code` varchar(255) COLLATE utf8mb4_unicode_ci NOT NULL COMMENT '优惠码',
  `type` varchar(255) COLLATE utf8mb4_unicode_ci NOT NULL COMMENT '优惠券类型',
  `value` decimal(8,2) NOT NULL COMMENT '折扣值',
  `total` bigint(20) unsigned NOT NULL COMMENT '可兑换的数量',
  `used` bigint(20) unsigned NOT NULL DEFAULT '0' COMMENT '当前已兑换的数量',
  `min_amount` decimal(10,2) NOT NULL COMMENT '使用该优惠券的最低订单金额',
  `not_before` datetime DEFAULT NULL COMMENT '在这个时间之前不可用',
  `not_after` datetime DEFAULT NULL COMMENT '在这个时间之后不可用',
  `enabled` tinyint(1) NOT NULL COMMENT '优惠券是否生效',
  `created_at` timestamp NULL DEFAULT NULL,
  `updated_at` timestamp NULL DEFAULT NULL,
  PRIMARY KEY (`id`),
  UNIQUE KEY `coupon_codes_code_unique` (`code`)
) ENGINE=InnoDB AUTO_INCREMENT=21 DEFAULT CHARSET=utf8mb4 COLLATE=utf8mb4_unicode_ci;

-- ----------------------------
-- Records of coupon_codes
-- ----------------------------
INSERT INTO `coupon_codes` VALUES ('1', 'ut velit mollitia', 'SE0TAM5M002K6QBZ', 'fixed', '77.00', '1000', '0', '77.01', null, null, '1', '2019-06-14 10:41:26', '2019-06-14 10:41:26');
INSERT INTO `coupon_codes` VALUES ('2', 'quasi et qui', '74SPSG4OZTXIK0B6', 'fixed', '106.00', '1000', '0', '106.01', null, null, '1', '2019-06-14 10:41:26', '2019-06-14 10:41:26');
INSERT INTO `coupon_codes` VALUES ('3', 'iste quibusdam quod', '09BPZRWWBCZBQE1M', 'fixed', '155.00', '1000', '0', '155.01', null, null, '1', '2019-06-14 10:41:26', '2019-06-14 10:41:26');
INSERT INTO `coupon_codes` VALUES ('4', 'quia nobis quia', 'KV8QLXJBDAZVH7ZN', 'fixed', '95.00', '1000', '0', '95.01', null, null, '1', '2019-06-14 10:41:26', '2019-06-14 10:41:26');
INSERT INTO `coupon_codes` VALUES ('5', 'non recusandae soluta', 'BOJJR6U2WHQB64HM', 'fixed', '72.00', '1000', '0', '72.01', null, null, '1', '2019-06-14 10:41:26', '2019-06-14 10:41:26');
INSERT INTO `coupon_codes` VALUES ('6', 'recusandae est voluptatem', 'OC6UEZPJREETMTUV', 'percent', '15.00', '1000', '0', '224.00', null, null, '1', '2019-06-14 10:41:26', '2019-06-14 10:41:26');
INSERT INTO `coupon_codes` VALUES ('7', 'et voluptatum maiores', 'G0WYVQ4QUYFCOEJA', 'fixed', '189.00', '1000', '1', '189.01', null, null, '1', '2019-06-14 10:41:26', '2019-06-17 01:58:13');
INSERT INTO `coupon_codes` VALUES ('8', 'veniam nostrum autem', 'MUPUOOZTWVXGKTUS', 'fixed', '55.00', '1000', '0', '55.01', null, null, '1', '2019-06-14 10:41:26', '2019-06-14 10:41:26');
INSERT INTO `coupon_codes` VALUES ('9', 'accusamus tempora omnis', 'G2OHJAAHJOZMKMVU', 'fixed', '25.00', '1000', '0', '25.01', null, null, '1', '2019-06-14 10:41:26', '2019-06-14 10:41:26');
INSERT INTO `coupon_codes` VALUES ('10', 'ut eos sit', 'BWWJLMYG06U80LQC', 'fixed', '113.00', '1000', '0', '113.01', null, null, '1', '2019-06-14 10:41:26', '2019-06-14 10:41:26');
INSERT INTO `coupon_codes` VALUES ('11', 'fugit earum ut', 'WPK6ITAUBBWAK20N', 'percent', '26.00', '1000', '0', '882.00', null, null, '1', '2019-06-14 10:41:26', '2019-06-14 10:41:26');
INSERT INTO `coupon_codes` VALUES ('12', 'occaecati nobis ratione', 'OQOGZMTYTPZCXZ0Q', 'fixed', '42.00', '1000', '0', '42.01', null, null, '1', '2019-06-14 10:41:26', '2019-06-14 10:41:26');
INSERT INTO `coupon_codes` VALUES ('13', 'officiis voluptate beatae', 'TUCNLREGEHANENUZ', 'fixed', '69.00', '1000', '0', '69.01', null, null, '1', '2019-06-14 10:41:26', '2019-06-14 10:41:26');
INSERT INTO `coupon_codes` VALUES ('14', 'modi dolore dolorum', '0CNGAPTVAUQHMM5L', 'fixed', '52.00', '1000', '0', '52.01', null, null, '1', '2019-06-14 10:41:26', '2019-06-14 10:41:26');
INSERT INTO `coupon_codes` VALUES ('15', 'consequuntur aperiam quas', '0FVQ47XZTIM6GWDV', 'fixed', '128.00', '1000', '1', '128.01', null, null, '1', '2019-06-14 10:41:26', '2019-06-26 09:35:15');
INSERT INTO `coupon_codes` VALUES ('16', 'quis voluptates aut', 'FLOV2CEPZ6CTCWIJ', 'percent', '38.00', '1000', '0', '897.00', null, null, '1', '2019-06-14 10:41:26', '2019-06-14 10:41:26');
INSERT INTO `coupon_codes` VALUES ('17', 'numquam eos iste', 'HTMNDIVGDTNXGFFK', 'percent', '23.00', '1000', '27', '0.00', null, null, '1', '2019-06-14 10:41:26', '2019-06-14 10:41:27');
INSERT INTO `coupon_codes` VALUES ('18', 'et vel dignissimos', 'U20WBBDR9CW78ZCE', 'fixed', '159.00', '1000', '0', '159.01', null, null, '1', '2019-06-14 10:41:26', '2019-06-14 10:41:26');
INSERT INTO `coupon_codes` VALUES ('19', 'ut est sit', '4C81ZJINILMFD51K', 'fixed', '133.00', '1000', '0', '133.01', null, null, '1', '2019-06-14 10:41:26', '2019-06-14 10:41:26');
INSERT INTO `coupon_codes` VALUES ('20', 'sit et qui', 'Y4YCMKLN40S72SNT', 'fixed', '95.00', '1000', '0', '95.01', null, null, '1', '2019-06-14 10:41:26', '2019-06-14 10:41:26');

-- ----------------------------
-- Table structure for crowdfunding_products
-- ----------------------------
DROP TABLE IF EXISTS `crowdfunding_products`;
CREATE TABLE `crowdfunding_products` (
  `id` bigint(20) unsigned NOT NULL AUTO_INCREMENT,
  `product_id` bigint(20) unsigned NOT NULL COMMENT '对应商品表的 ID',
  `target_amount` decimal(10,2) NOT NULL COMMENT '众筹目标金额',
  `total_amount` decimal(10,2) NOT NULL DEFAULT '0.00' COMMENT '当前已筹金额',
  `user_count` int(10) unsigned NOT NULL DEFAULT '0' COMMENT '当前参与众筹用户数',
  `end_at` datetime NOT NULL COMMENT '众筹结束时间',
  `status` varchar(255) COLLATE utf8mb4_unicode_ci NOT NULL DEFAULT 'funding' COMMENT '当前筹款的状态',
  PRIMARY KEY (`id`),
  KEY `crowdfunding_products_product_id_foreign` (`product_id`),
  CONSTRAINT `crowdfunding_products_product_id_foreign` FOREIGN KEY (`product_id`) REFERENCES `products` (`id`) ON DELETE CASCADE
) ENGINE=InnoDB AUTO_INCREMENT=3 DEFAULT CHARSET=utf8mb4 COLLATE=utf8mb4_unicode_ci;

-- ----------------------------
-- Records of crowdfunding_products
-- ----------------------------
INSERT INTO `crowdfunding_products` VALUES ('2', '62', '500.00', '0.00', '0', '2019-06-21 00:00:00', 'fail');

-- ----------------------------
-- Table structure for installment_items
-- ----------------------------
DROP TABLE IF EXISTS `installment_items`;
CREATE TABLE `installment_items` (
  `id` bigint(20) unsigned NOT NULL AUTO_INCREMENT,
  `installment_id` bigint(20) unsigned NOT NULL COMMENT '分期 ID',
  `sequence` int(10) unsigned NOT NULL COMMENT '还款顺序编号',
  `base` decimal(8,2) NOT NULL COMMENT '当期本金',
  `fee` decimal(8,2) NOT NULL COMMENT '当期手续费',
  `fine` decimal(8,2) DEFAULT NULL COMMENT '当期逾期费',
  `due_date` datetime NOT NULL COMMENT '还款截止日期',
  `paid_at` datetime DEFAULT NULL COMMENT '还款日期',
  `payment_method` varchar(255) COLLATE utf8mb4_unicode_ci DEFAULT NULL COMMENT '还款支付方式',
  `payment_no` varchar(255) COLLATE utf8mb4_unicode_ci DEFAULT NULL COMMENT '还款支付平台订单号',
  `refund_status` varchar(255) COLLATE utf8mb4_unicode_ci NOT NULL DEFAULT 'pending' COMMENT '退款状态',
  `created_at` timestamp NULL DEFAULT NULL,
  `updated_at` timestamp NULL DEFAULT NULL,
  PRIMARY KEY (`id`),
  KEY `installment_items_installment_id_foreign` (`installment_id`),
  CONSTRAINT `installment_items_installment_id_foreign` FOREIGN KEY (`installment_id`) REFERENCES `installments` (`id`) ON DELETE CASCADE
) ENGINE=InnoDB AUTO_INCREMENT=61 DEFAULT CHARSET=utf8mb4 COLLATE=utf8mb4_unicode_ci;

-- ----------------------------
-- Records of installment_items
-- ----------------------------
INSERT INTO `installment_items` VALUES ('31', '7', '0', '1066.66', '15.99', null, '2019-06-25 00:00:00', '2019-06-25 10:37:07', 'alipay', '810dedde-cd6e-3d83-ac48-2905d454ad8b', 'pending', '2019-06-24 08:32:10', '2019-06-24 08:32:10');
INSERT INTO `installment_items` VALUES ('32', '7', '1', '1066.66', '15.99', null, '2019-07-25 00:00:00', '2019-07-25 10:46:07', 'wechat', 'e19dbac9-c88c-3d62-ada5-3be3279a37ae', 'pending', '2019-06-24 08:32:10', '2019-06-24 08:32:10');
INSERT INTO `installment_items` VALUES ('33', '7', '2', '1066.68', '15.99', null, '2019-08-24 00:00:00', '2019-08-24 10:47:17', 'alipay', 'bf17c1c5-f391-3d5b-be76-26d1c3495c49', 'pending', '2019-06-24 08:32:10', '2019-06-24 08:32:10');
INSERT INTO `installment_items` VALUES ('34', '8', '0', '0.01', '0.00', null, '2019-06-27 00:00:00', null, null, null, 'pending', '2019-06-26 09:35:30', '2019-06-26 09:35:30');
INSERT INTO `installment_items` VALUES ('35', '8', '1', '124.66', '1.86', null, '2019-07-27 00:00:00', null, null, null, 'pending', '2019-06-26 09:35:30', '2019-06-26 09:35:30');
INSERT INTO `installment_items` VALUES ('36', '8', '2', '124.68', '1.86', null, '2019-08-26 00:00:00', null, null, null, 'pending', '2019-06-26 09:35:30', '2019-06-26 09:35:30');
INSERT INTO `installment_items` VALUES ('55', '15', '0', '1666.00', '24.99', null, '2019-07-10 00:00:00', null, null, null, 'pending', '2019-07-09 09:50:37', '2019-07-09 09:50:37');
INSERT INTO `installment_items` VALUES ('56', '15', '1', '1666.00', '24.99', null, '2019-08-09 00:00:00', null, null, null, 'pending', '2019-07-09 09:50:37', '2019-07-09 09:50:37');
INSERT INTO `installment_items` VALUES ('57', '16', '0', '1666.00', '24.99', null, '2019-07-10 00:00:00', null, null, null, 'pending', '2019-07-09 09:50:37', '2019-07-09 09:50:37');
INSERT INTO `installment_items` VALUES ('58', '15', '2', '1666.00', '24.99', null, '2019-09-08 00:00:00', null, null, null, 'pending', '2019-07-09 09:50:37', '2019-07-09 09:50:37');
INSERT INTO `installment_items` VALUES ('59', '16', '1', '1666.00', '24.99', null, '2019-08-09 00:00:00', null, null, null, 'pending', '2019-07-09 09:50:37', '2019-07-09 09:50:37');
INSERT INTO `installment_items` VALUES ('60', '16', '2', '1666.00', '24.99', null, '2019-09-08 00:00:00', null, null, null, 'pending', '2019-07-09 09:50:37', '2019-07-09 09:50:37');

-- ----------------------------
-- Table structure for installments
-- ----------------------------
DROP TABLE IF EXISTS `installments`;
CREATE TABLE `installments` (
  `id` bigint(20) unsigned NOT NULL AUTO_INCREMENT,
  `no` varchar(255) COLLATE utf8mb4_unicode_ci NOT NULL COMMENT '分期流水号',
  `user_id` bigint(20) unsigned NOT NULL COMMENT '用户ID',
  `order_id` bigint(20) unsigned NOT NULL COMMENT '对应的商品订单 ID',
  `total_amount` decimal(8,2) NOT NULL COMMENT '总本金',
  `count` int(10) unsigned NOT NULL COMMENT '还款期数',
  `fee_rate` double(8,2) NOT NULL COMMENT '手续费率',
  `fine_rate` double(8,2) NOT NULL COMMENT '逾期费率',
  `status` varchar(255) COLLATE utf8mb4_unicode_ci NOT NULL DEFAULT 'pending' COMMENT '还款状态',
  `created_at` timestamp NULL DEFAULT NULL,
  `updated_at` timestamp NULL DEFAULT NULL,
  PRIMARY KEY (`id`),
  UNIQUE KEY `installments_no_unique` (`no`),
  KEY `installments_user_id_foreign` (`user_id`),
  KEY `installments_order_id_foreign` (`order_id`),
  CONSTRAINT `installments_order_id_foreign` FOREIGN KEY (`order_id`) REFERENCES `orders` (`id`) ON DELETE CASCADE,
  CONSTRAINT `installments_user_id_foreign` FOREIGN KEY (`user_id`) REFERENCES `users` (`id`) ON DELETE CASCADE
) ENGINE=InnoDB AUTO_INCREMENT=17 DEFAULT CHARSET=utf8mb4 COLLATE=utf8mb4_unicode_ci;

-- ----------------------------
-- Records of installments
-- ----------------------------
INSERT INTO `installments` VALUES ('7', '20190624083210404442', '101', '102', '3200.00', '3', '1.50', '0.05', 'finish', '2019-06-24 08:32:10', '2019-06-24 08:32:10');
INSERT INTO `installments` VALUES ('8', '20190626093530851697', '101', '108', '374.00', '3', '1.50', '0.05', 'pending', '2019-06-26 09:35:30', '2019-06-26 09:35:30');
INSERT INTO `installments` VALUES ('15', '20190709095037271417', '101', '109', '4998.00', '3', '1.50', '0.05', 'pending', '2019-07-09 09:50:37', '2019-07-09 09:50:37');
INSERT INTO `installments` VALUES ('16', '20190709095037558611', '101', '109', '4998.00', '3', '1.50', '0.05', 'pending', '2019-07-09 09:50:37', '2019-07-09 09:50:37');

-- ----------------------------
-- Table structure for migrations
-- ----------------------------
DROP TABLE IF EXISTS `migrations`;
CREATE TABLE `migrations` (
  `id` int(10) unsigned NOT NULL AUTO_INCREMENT,
  `migration` varchar(255) COLLATE utf8mb4_unicode_ci NOT NULL,
  `batch` int(11) NOT NULL,
  PRIMARY KEY (`id`)
) ENGINE=InnoDB AUTO_INCREMENT=37 DEFAULT CHARSET=utf8mb4 COLLATE=utf8mb4_unicode_ci;

-- ----------------------------
-- Records of migrations
-- ----------------------------
INSERT INTO `migrations` VALUES ('15', '2014_10_12_000000_create_users_table', '1');
INSERT INTO `migrations` VALUES ('16', '2014_10_12_100000_create_password_resets_table', '1');
INSERT INTO `migrations` VALUES ('17', '2016_01_04_173148_create_admin_tables', '1');
INSERT INTO `migrations` VALUES ('18', '2019_05_07_080003_create_user_addresses_table', '1');
INSERT INTO `migrations` VALUES ('19', '2019_05_09_064514_create_products_table', '1');
INSERT INTO `migrations` VALUES ('20', '2019_05_09_064801_create_product_skus_table', '1');
INSERT INTO `migrations` VALUES ('21', '2019_05_13_022523_create_user_favorite_products_table', '1');
INSERT INTO `migrations` VALUES ('22', '2019_05_14_063227_create_cart_items_table', '1');
INSERT INTO `migrations` VALUES ('23', '2019_05_14_084813_create_orders_table', '1');
INSERT INTO `migrations` VALUES ('24', '2019_05_14_085958_create_order_items_table', '1');
INSERT INTO `migrations` VALUES ('25', '2019_06_12_074506_create_coupon_codes_table', '1');
INSERT INTO `migrations` VALUES ('26', '2019_06_12_075657_orders_add_coupon_code_id', '1');
INSERT INTO `migrations` VALUES ('27', '2019_06_14_101121_create_categories_table', '1');
INSERT INTO `migrations` VALUES ('28', '2019_06_14_103008_products_add_category_id', '1');
INSERT INTO `migrations` VALUES ('29', '2019_06_18_085159_create_crowdfunding_products_table', '2');
INSERT INTO `migrations` VALUES ('30', '2019_06_18_091022_products_add_type', '2');
INSERT INTO `migrations` VALUES ('31', '2019_06_19_063721_orders_add_type', '3');
INSERT INTO `migrations` VALUES ('32', '2019_06_24_041437_create_installments_table', '4');
INSERT INTO `migrations` VALUES ('33', '2019_06_24_041639_create_installment_items_table', '4');
INSERT INTO `migrations` VALUES ('34', '2019_06_28_064353_create_product_properties_table', '5');
INSERT INTO `migrations` VALUES ('35', '2019_06_28_094303_products_add_long_title', '6');
INSERT INTO `migrations` VALUES ('36', '2019_07_05_093658_create_seckill_products_table', '7');

-- ----------------------------
-- Table structure for order_items
-- ----------------------------
DROP TABLE IF EXISTS `order_items`;
CREATE TABLE `order_items` (
  `id` bigint(20) unsigned NOT NULL AUTO_INCREMENT,
  `order_id` bigint(20) unsigned NOT NULL COMMENT '所属订单 ID',
  `product_id` bigint(20) unsigned NOT NULL COMMENT '对应商品 ID',
  `product_sku_id` bigint(20) unsigned NOT NULL COMMENT '对应商品 SKU ID',
  `amount` int(10) unsigned NOT NULL COMMENT '数量',
  `price` decimal(10,2) NOT NULL COMMENT '单价',
  `rating` int(10) unsigned DEFAULT NULL COMMENT '用户打分',
  `review` text COLLATE utf8mb4_unicode_ci COMMENT '用户评价',
  `reviewed_at` timestamp NULL DEFAULT NULL COMMENT '评价时间',
  PRIMARY KEY (`id`),
  KEY `order_items_order_id_foreign` (`order_id`),
  KEY `order_items_product_id_foreign` (`product_id`),
  KEY `order_items_product_sku_id_foreign` (`product_sku_id`),
  CONSTRAINT `order_items_order_id_foreign` FOREIGN KEY (`order_id`) REFERENCES `orders` (`id`) ON DELETE CASCADE,
  CONSTRAINT `order_items_product_id_foreign` FOREIGN KEY (`product_id`) REFERENCES `products` (`id`) ON DELETE CASCADE,
  CONSTRAINT `order_items_product_sku_id_foreign` FOREIGN KEY (`product_sku_id`) REFERENCES `product_skus` (`id`) ON DELETE CASCADE
) ENGINE=InnoDB AUTO_INCREMENT=209 DEFAULT CHARSET=utf8mb4 COLLATE=utf8mb4_unicode_ci;

-- ----------------------------
-- Records of order_items
-- ----------------------------
INSERT INTO `order_items` VALUES ('201', '102', '62', '182', '4', '800.00', null, null, null);
INSERT INTO `order_items` VALUES ('202', '103', '62', '182', '1', '800.00', null, null, null);
INSERT INTO `order_items` VALUES ('203', '104', '62', '182', '1', '0.00', null, null, null);
INSERT INTO `order_items` VALUES ('204', '105', '62', '182', '1', '0.01', null, null, null);
INSERT INTO `order_items` VALUES ('205', '106', '62', '182', '1', '0.01', null, null, null);
INSERT INTO `order_items` VALUES ('206', '107', '62', '182', '1', '0.00', null, null, null);
INSERT INTO `order_items` VALUES ('207', '108', '55', '163', '1', '502.00', null, null, null);
INSERT INTO `order_items` VALUES ('208', '109', '70', '207', '1', '4998.00', null, null, null);

-- ----------------------------
-- Table structure for orders
-- ----------------------------
DROP TABLE IF EXISTS `orders`;
CREATE TABLE `orders` (
  `id` bigint(20) unsigned NOT NULL AUTO_INCREMENT,
  `type` varchar(255) COLLATE utf8mb4_unicode_ci NOT NULL DEFAULT 'normal',
  `no` varchar(255) COLLATE utf8mb4_unicode_ci NOT NULL COMMENT '订单流水号',
  `user_id` bigint(20) unsigned NOT NULL,
  `address` text COLLATE utf8mb4_unicode_ci NOT NULL COMMENT 'JSON 格式的收货地址',
  `total_amount` decimal(10,2) NOT NULL COMMENT '订单总金额',
  `remark` text COLLATE utf8mb4_unicode_ci COMMENT '订单备注',
  `paid_at` datetime DEFAULT NULL COMMENT '支付时间',
  `coupon_code_id` bigint(20) unsigned DEFAULT NULL,
  `payment_method` varchar(255) COLLATE utf8mb4_unicode_ci DEFAULT NULL COMMENT '支付方式',
  `payment_no` varchar(255) COLLATE utf8mb4_unicode_ci DEFAULT NULL COMMENT '支付平台订单号',
  `refund_status` varchar(255) COLLATE utf8mb4_unicode_ci NOT NULL DEFAULT 'pending' COMMENT '退款状态',
  `refund_no` varchar(255) COLLATE utf8mb4_unicode_ci DEFAULT NULL COMMENT '退款单号',
  `closed` tinyint(1) NOT NULL DEFAULT '0' COMMENT '订单是否关闭',
  `reviewed` tinyint(1) NOT NULL DEFAULT '0' COMMENT '订单是否评价',
  `ship_status` varchar(255) COLLATE utf8mb4_unicode_ci NOT NULL DEFAULT 'pending' COMMENT '物流状态',
  `ship_data` text COLLATE utf8mb4_unicode_ci COMMENT '物流数据',
  `extra` text COLLATE utf8mb4_unicode_ci COMMENT '其他额外的数据',
  `created_at` timestamp NULL DEFAULT NULL,
  `updated_at` timestamp NULL DEFAULT NULL,
  PRIMARY KEY (`id`),
  UNIQUE KEY `orders_no_unique` (`no`),
  UNIQUE KEY `orders_refund_no_unique` (`refund_no`),
  KEY `orders_user_id_foreign` (`user_id`),
  KEY `orders_coupon_code_id_foreign` (`coupon_code_id`),
  CONSTRAINT `orders_coupon_code_id_foreign` FOREIGN KEY (`coupon_code_id`) REFERENCES `coupon_codes` (`id`) ON DELETE SET NULL,
  CONSTRAINT `orders_user_id_foreign` FOREIGN KEY (`user_id`) REFERENCES `users` (`id`) ON DELETE CASCADE
) ENGINE=InnoDB AUTO_INCREMENT=110 DEFAULT CHARSET=utf8mb4 COLLATE=utf8mb4_unicode_ci;

-- ----------------------------
-- Records of orders
-- ----------------------------
INSERT INTO `orders` VALUES ('1', 'normal', '20190614104127253414', '95', '{\"address\":\"\\u5317\\u4eac\\u5e02\\u5e02\\u8f96\\u533a\\u4e1c\\u57ce\\u533a\\u7b2c30\\u8857\\u9053\\u7b2c479\\u53f7\",\"zip\":554300,\"contact_name\":\"\\u690d\\u6587\\u5f6c\",\"contact_phone\":\"18287621264\"}', '17589.00', 'Nihil excepturi eos quos a et.', '2019-06-05 08:06:51', null, 'wechat', '810dedde-cd6e-3d83-ac48-2905d454ad7c', 'pending', null, '0', '0', 'pending', null, '[]', '2019-06-14 10:41:27', '2019-06-14 10:41:28');
INSERT INTO `orders` VALUES ('2', 'normal', '20190614104127286817', '27', '{\"address\":\"\\u5e7f\\u4e1c\\u7701\\u6df1\\u5733\\u5e02\\u798f\\u7530\\u533a\\u7b2c37\\u8857\\u9053\\u7b2c486\\u53f7\",\"zip\":17900,\"contact_name\":\"\\u5eb7\\u6676\",\"contact_phone\":\"13738492234\"}', '4376.00', 'Excepturi earum iste dolores eius.', '2019-05-26 07:39:02', null, 'alipay', 'bcf97230-a680-3801-821c-df33667ff294', 'pending', null, '0', '1', 'pending', null, '[]', '2019-06-14 10:41:27', '2019-06-14 10:41:28');
INSERT INTO `orders` VALUES ('3', 'normal', '20190614104127948232', '36', '{\"address\":\"\\u6cb3\\u5317\\u7701\\u77f3\\u5bb6\\u5e84\\u5e02\\u957f\\u5b89\\u533a\\u7b2c94\\u8857\\u9053\\u7b2c149\\u53f7\",\"zip\":224400,\"contact_name\":\"\\u7ba1\\u6dd1\\u73cd\",\"contact_phone\":\"17804941571\"}', '5034.00', 'Officia blanditiis assumenda dolorum totam est doloremque non praesentium.', '2019-05-25 18:27:48', null, 'alipay', '76c551cb-8faf-3cdb-b5ae-21b63c762036', 'pending', null, '0', '1', 'delivered', '{\"express_company\":\"\\u65b0\\u5b87\\u9f99\\u4fe1\\u606f\\u4f20\\u5a92\\u6709\\u9650\\u516c\\u53f8\",\"express_no\":\"e33ad680-8f5c-36bf-bfde-de8c8802f408\"}', '[]', '2019-06-14 10:41:27', '2019-06-14 10:41:28');
INSERT INTO `orders` VALUES ('4', 'normal', '20190614104127763650', '8', '{\"address\":\"\\u5317\\u4eac\\u5e02\\u5e02\\u8f96\\u533a\\u4e1c\\u57ce\\u533a\\u7b2c36\\u8857\\u9053\\u7b2c420\\u53f7\",\"zip\":745200,\"contact_name\":\"\\u664b\\u4e39\",\"contact_phone\":\"15957866107\"}', '44519.86', 'Laudantium adipisci fugit occaecati laudantium est illo.', '2019-05-31 09:28:32', '17', 'wechat', 'b0586263-eb52-3392-9726-473ca02791ca', 'pending', null, '0', '0', 'delivered', '{\"express_company\":\"\\u521b\\u8054\\u4e16\\u7eaa\\u7f51\\u7edc\\u6709\\u9650\\u516c\\u53f8\",\"express_no\":\"773eab88-ad99-3043-bc0f-2b5c3b6a8624\"}', '[]', '2019-06-14 10:41:27', '2019-06-14 10:41:28');
INSERT INTO `orders` VALUES ('5', 'normal', '20190614104127775125', '87', '{\"address\":\"\\u6cb3\\u5317\\u7701\\u77f3\\u5bb6\\u5e84\\u5e02\\u957f\\u5b89\\u533a\\u7b2c47\\u8857\\u9053\\u7b2c966\\u53f7\",\"zip\":145100,\"contact_name\":\"\\u664b\\u4e91\",\"contact_phone\":\"13663397621\"}', '44604.00', 'Minima et sit debitis sed cum quo sed.', '2019-05-25 16:02:02', null, 'wechat', '17b7b0d8-0b0d-3f32-b0fb-ffdc27b29354', 'pending', null, '0', '1', 'delivered', '{\"express_company\":\"\\u6602\\u6b4c\\u4fe1\\u606f\\u79d1\\u6280\\u6709\\u9650\\u516c\\u53f8\",\"express_no\":\"98af36f3-417e-3497-8acc-5baafd2432ed\"}', '[]', '2019-06-14 10:41:27', '2019-06-14 10:41:28');
INSERT INTO `orders` VALUES ('6', 'normal', '20190614104127623701', '84', '{\"address\":\"\\u5317\\u4eac\\u5e02\\u5e02\\u8f96\\u533a\\u4e1c\\u57ce\\u533a\\u7b2c93\\u8857\\u9053\\u7b2c50\\u53f7\",\"zip\":392100,\"contact_name\":\"\\u7eaa\\u535a\\u6d9b\",\"contact_phone\":\"18239829673\"}', '5286.00', 'Odio consequatur voluptatem natus quibusdam doloremque voluptatem.', '2019-06-10 19:52:09', null, 'wechat', '235a163e-92d4-3ebc-9944-5ca98337d4c3', 'pending', null, '0', '1', 'pending', null, '[]', '2019-06-14 10:41:27', '2019-06-14 10:41:28');
INSERT INTO `orders` VALUES ('7', 'normal', '20190614104127440440', '46', '{\"address\":\"\\u6c5f\\u82cf\\u7701\\u82cf\\u5dde\\u5e02\\u76f8\\u57ce\\u533a\\u7b2c37\\u8857\\u9053\\u7b2c793\\u53f7\",\"zip\":615300,\"contact_name\":\"\\u51b7\\u78ca\",\"contact_phone\":\"13177835194\"}', '18111.00', 'Aperiam voluptatem sit dolorem deleniti omnis.', '2019-06-06 00:19:02', null, 'wechat', '204bff3b-b8d6-37b4-bf97-1a360da498c1', 'pending', null, '0', '1', 'pending', null, '[]', '2019-06-14 10:41:27', '2019-06-14 10:41:28');
INSERT INTO `orders` VALUES ('8', 'normal', '20190614104127926513', '53', '{\"address\":\"\\u6c5f\\u82cf\\u7701\\u5357\\u4eac\\u5e02\\u6d66\\u53e3\\u533a\\u7b2c46\\u8857\\u9053\\u7b2c35\\u53f7\",\"zip\":793100,\"contact_name\":\"\\u53f2\\u9e70\",\"contact_phone\":\"17099899096\"}', '4788.00', 'Nulla est error ullam ut ad.', '2019-05-31 05:14:55', null, 'alipay', 'cf529840-bfeb-323b-b155-befb46503f4b', 'pending', null, '0', '1', 'pending', null, '[]', '2019-06-14 10:41:27', '2019-06-14 10:41:28');
INSERT INTO `orders` VALUES ('9', 'normal', '20190614104127509770', '29', '{\"address\":\"\\u5317\\u4eac\\u5e02\\u5e02\\u8f96\\u533a\\u4e1c\\u57ce\\u533a\\u7b2c42\\u8857\\u9053\\u7b2c510\\u53f7\",\"zip\":578300,\"contact_name\":\"\\u76d6\\u73fa\",\"contact_phone\":\"17094009200\"}', '10198.65', 'Quam autem officia pariatur molestias molestiae quidem.', '2019-05-31 06:46:04', '17', 'wechat', 'dfd2502f-30f0-31c2-9d48-a89853441e74', 'pending', null, '0', '1', 'delivered', '{\"express_company\":\"\\u5f00\\u53d1\\u533a\\u4e16\\u521b\\u7f51\\u7edc\\u6709\\u9650\\u516c\\u53f8\",\"express_no\":\"68f1962a-bf96-3594-8e95-3e51b3c7513a\"}', '[]', '2019-06-14 10:41:27', '2019-06-14 10:41:28');
INSERT INTO `orders` VALUES ('10', 'normal', '20190614104127961597', '59', '{\"address\":\"\\u5317\\u4eac\\u5e02\\u5e02\\u8f96\\u533a\\u4e1c\\u57ce\\u533a\\u7b2c5\\u8857\\u9053\\u7b2c593\\u53f7\",\"zip\":126800,\"contact_name\":\"\\u4fde\\u5e05\",\"contact_phone\":\"17067771019\"}', '28631.00', 'Et quam veniam molestias est et.', '2019-05-29 05:47:40', null, 'wechat', 'a61791f7-e042-3df1-bcc6-e698d539d81b', 'pending', null, '0', '0', 'received', '{\"express_company\":\"\\u6052\\u806a\\u767e\\u6c47\\u4f20\\u5a92\\u6709\\u9650\\u516c\\u53f8\",\"express_no\":\"abccc85b-2cbd-3135-92da-ec4756f5aa7b\"}', '[]', '2019-06-14 10:41:27', '2019-06-14 10:41:28');
INSERT INTO `orders` VALUES ('11', 'normal', '20190614104127282191', '19', '{\"address\":\"\\u5317\\u4eac\\u5e02\\u5e02\\u8f96\\u533a\\u4e1c\\u57ce\\u533a\\u7b2c2\\u8857\\u9053\\u7b2c301\\u53f7\",\"zip\":285600,\"contact_name\":\"\\u90ce\\u6625\\u6885\",\"contact_phone\":\"17092420570\"}', '6733.00', 'Autem odit occaecati sit aut doloremque.', '2019-05-25 20:51:24', null, 'wechat', '5d620e16-982a-31bc-b4ee-899566f4c755', 'pending', null, '0', '1', 'received', '{\"express_company\":\"\\u8bfa\\u4f9d\\u66fc\\u8f6f\\u4ef6\\u7f51\\u7edc\\u6709\\u9650\\u516c\\u53f8\",\"express_no\":\"a045e923-2fa3-3545-b72a-9a6a978a5ccf\"}', '[]', '2019-06-14 10:41:27', '2019-06-14 10:41:28');
INSERT INTO `orders` VALUES ('12', 'normal', '20190614104127062924', '84', '{\"address\":\"\\u6c5f\\u82cf\\u7701\\u5357\\u4eac\\u5e02\\u6d66\\u53e3\\u533a\\u7b2c60\\u8857\\u9053\\u7b2c580\\u53f7\",\"zip\":325300,\"contact_name\":\"\\u4e50\\u5b50\\u5b89\",\"contact_phone\":\"17184972574\"}', '26341.70', 'Esse eius ea molestiae culpa.', '2019-06-02 07:44:49', '17', 'wechat', '1869615c-2ece-327e-9bba-ba1f838870d9', 'success', '8d0b0272e4764c9ebd293ef6d5bf2e79', '0', '1', 'received', '{\"express_company\":\"\\u65f6\\u523b\\u4f20\\u5a92\\u6709\\u9650\\u516c\\u53f8\",\"express_no\":\"a6ae76ed-aa25-30ac-897a-333b5fcf632c\"}', '{\"refund_reason\":\"Commodi porro ullam consectetur quis molestias.\"}', '2019-06-14 10:41:27', '2019-06-14 10:41:28');
INSERT INTO `orders` VALUES ('13', 'normal', '20190614104127508373', '78', '{\"address\":\"\\u6c5f\\u82cf\\u7701\\u82cf\\u5dde\\u5e02\\u76f8\\u57ce\\u533a\\u7b2c32\\u8857\\u9053\\u7b2c391\\u53f7\",\"zip\":634900,\"contact_name\":\"\\u8d3a\\u6ce2\",\"contact_phone\":\"17084810965\"}', '29655.01', 'Culpa quia et autem.', '2019-05-21 10:22:40', '17', 'alipay', '50220e43-1ee9-3b55-9cff-199f4353c3f8', 'pending', null, '0', '0', 'pending', null, '[]', '2019-06-14 10:41:27', '2019-06-14 10:41:28');
INSERT INTO `orders` VALUES ('14', 'normal', '20190614104127104021', '20', '{\"address\":\"\\u5317\\u4eac\\u5e02\\u5e02\\u8f96\\u533a\\u4e1c\\u57ce\\u533a\\u7b2c42\\u8857\\u9053\\u7b2c510\\u53f7\",\"zip\":578300,\"contact_name\":\"\\u76d6\\u73fa\",\"contact_phone\":\"17094009200\"}', '13460.00', 'Eius sunt laboriosam et error adipisci.', '2019-05-30 02:10:53', null, 'wechat', 'ba1ce8ef-754e-31c1-a0bf-2ba9939b70a7', 'pending', null, '0', '1', 'pending', null, '[]', '2019-06-14 10:41:27', '2019-06-14 10:41:28');
INSERT INTO `orders` VALUES ('15', 'normal', '20190614104127227662', '80', '{\"address\":\"\\u5e7f\\u4e1c\\u7701\\u6df1\\u5733\\u5e02\\u798f\\u7530\\u533a\\u7b2c5\\u8857\\u9053\\u7b2c267\\u53f7\",\"zip\":795500,\"contact_name\":\"\\u8def\\u4e39\\u4e39\",\"contact_phone\":\"13490844545\"}', '15749.58', 'Molestiae possimus sed in.', '2019-05-25 16:17:04', '17', 'wechat', '23b80b63-5a5a-32b7-be52-2b813c3a0454', 'pending', null, '0', '1', 'delivered', '{\"express_company\":\"\\u5de8\\u5965\\u4f20\\u5a92\\u6709\\u9650\\u516c\\u53f8\",\"express_no\":\"957aa2e4-67d2-38d3-99cb-8f81704dd9d9\"}', '[]', '2019-06-14 10:41:27', '2019-06-14 10:41:28');
INSERT INTO `orders` VALUES ('16', 'normal', '20190614104127002252', '65', '{\"address\":\"\\u6c5f\\u82cf\\u7701\\u82cf\\u5dde\\u5e02\\u76f8\\u57ce\\u533a\\u7b2c92\\u8857\\u9053\\u7b2c565\\u53f7\",\"zip\":374100,\"contact_name\":\"\\u5510\\u6167\",\"contact_phone\":\"13058321002\"}', '23930.83', 'Accusantium illum veritatis totam dignissimos vel tenetur.', '2019-05-24 23:24:59', '17', 'wechat', '62286423-2eec-3176-ae1f-57303c633867', 'pending', null, '0', '1', 'received', '{\"express_company\":\"\\u5feb\\u8baf\\u4f20\\u5a92\\u6709\\u9650\\u516c\\u53f8\",\"express_no\":\"21918aee-d9af-3602-a645-2e8265112a5b\"}', '[]', '2019-06-14 10:41:27', '2019-06-14 10:41:28');
INSERT INTO `orders` VALUES ('17', 'normal', '20190614104127737616', '8', '{\"address\":\"\\u5317\\u4eac\\u5e02\\u5e02\\u8f96\\u533a\\u4e1c\\u57ce\\u533a\\u7b2c66\\u8857\\u9053\\u7b2c34\\u53f7\",\"zip\":435600,\"contact_name\":\"\\u5f20\\u6d9b\",\"contact_phone\":\"18208668045\"}', '37536.00', 'Odio iste minima sit.', '2019-06-09 20:25:31', null, 'alipay', '7a987b32-ee36-3d4e-963b-f6077a2ff82d', 'success', '5a0fd73e99e3419d88b9d794fb4088f7', '0', '0', 'delivered', '{\"express_company\":\"\\u56fe\\u9f99\\u4fe1\\u606f\\u4f20\\u5a92\\u6709\\u9650\\u516c\\u53f8\",\"express_no\":\"5f3652a0-6f86-315c-9c26-c7c5b741fcf8\"}', '{\"refund_reason\":\"Inventore deserunt doloremque aut mollitia voluptate necessitatibus numquam.\"}', '2019-06-14 10:41:27', '2019-06-14 10:41:28');
INSERT INTO `orders` VALUES ('18', 'normal', '20190614104127642058', '69', '{\"address\":\"\\u6c5f\\u82cf\\u7701\\u5357\\u4eac\\u5e02\\u6d66\\u53e3\\u533a\\u7b2c98\\u8857\\u9053\\u7b2c318\\u53f7\",\"zip\":313400,\"contact_name\":\"\\u5b5f\\u7ea2\\u971e\",\"contact_phone\":\"13265488098\"}', '11083.00', 'Laudantium atque dignissimos beatae sit.', '2019-05-29 18:57:19', null, 'alipay', '5915edfa-86b4-3eee-afdb-816f6e5a06a2', 'pending', null, '0', '1', 'pending', null, '[]', '2019-06-14 10:41:27', '2019-06-14 10:41:28');
INSERT INTO `orders` VALUES ('19', 'normal', '20190614104127734594', '19', '{\"address\":\"\\u5e7f\\u4e1c\\u7701\\u6df1\\u5733\\u5e02\\u798f\\u7530\\u533a\\u7b2c6\\u8857\\u9053\\u7b2c313\\u53f7\",\"zip\":565600,\"contact_name\":\"\\u77f3\\u667a\\u654f\",\"contact_phone\":\"13159642116\"}', '3759.00', 'Eos saepe incidunt quasi est eos.', '2019-05-18 14:31:03', null, 'wechat', '6c40c1ed-6f8c-3b1c-bd86-7c235409bf0f', 'pending', null, '0', '0', 'delivered', '{\"express_company\":\"\\u7cbe\\u82af\\u4fe1\\u606f\\u6709\\u9650\\u516c\\u53f8\",\"express_no\":\"bbdfe900-92ae-3687-89d9-d3308da076e1\"}', '[]', '2019-06-14 10:41:27', '2019-06-14 10:41:28');
INSERT INTO `orders` VALUES ('20', 'normal', '20190614104127202618', '32', '{\"address\":\"\\u6cb3\\u5317\\u7701\\u77f3\\u5bb6\\u5e84\\u5e02\\u957f\\u5b89\\u533a\\u7b2c70\\u8857\\u9053\\u7b2c837\\u53f7\",\"zip\":451500,\"contact_name\":\"\\u960e\\u7ea2\\u971e\",\"contact_phone\":\"13465163378\"}', '39712.75', 'Cumque nostrum in debitis est quidem qui voluptas ducimus.', '2019-06-04 05:30:26', '17', 'wechat', '2b2eb807-5b4e-30c1-96cd-16fe843baee3', 'pending', null, '0', '1', 'pending', null, '[]', '2019-06-14 10:41:27', '2019-06-14 10:41:28');
INSERT INTO `orders` VALUES ('21', 'normal', '20190614104127708739', '21', '{\"address\":\"\\u5e7f\\u4e1c\\u7701\\u6df1\\u5733\\u5e02\\u798f\\u7530\\u533a\\u7b2c73\\u8857\\u9053\\u7b2c589\\u53f7\",\"zip\":803900,\"contact_name\":\"\\u6e38\\u632f\\u56fd\",\"contact_phone\":\"17064759271\"}', '35389.00', 'Rerum modi similique et alias aspernatur rerum deserunt veritatis.', '2019-05-31 00:08:23', null, 'wechat', 'e19dbac9-c88c-3d62-ada5-3be3279a37ec', 'pending', null, '0', '1', 'delivered', '{\"express_company\":\"\\u9e3f\\u777f\\u601d\\u535a\\u4f20\\u5a92\\u6709\\u9650\\u516c\\u53f8\",\"express_no\":\"ce6cb432-6ebe-3ff4-bb6d-76fa512fecd9\"}', '[]', '2019-06-14 10:41:27', '2019-06-14 10:41:28');
INSERT INTO `orders` VALUES ('22', 'normal', '20190614104127661596', '82', '{\"address\":\"\\u6c5f\\u82cf\\u7701\\u82cf\\u5dde\\u5e02\\u76f8\\u57ce\\u533a\\u7b2c7\\u8857\\u9053\\u7b2c179\\u53f7\",\"zip\":168500,\"contact_name\":\"\\u96f7\\u6b63\\u8c6a\",\"contact_phone\":\"13252178950\"}', '56675.00', 'Saepe necessitatibus sed impedit in nostrum autem aliquid.', '2019-06-10 05:05:16', null, 'wechat', '0b9f1dd9-efe1-3906-bd16-1c0226636066', 'pending', null, '0', '1', 'delivered', '{\"express_company\":\"\\u5929\\u76ca\\u4fe1\\u606f\\u6709\\u9650\\u516c\\u53f8\",\"express_no\":\"b0b3f849-9a16-3511-8a79-9bc9755e36e9\"}', '[]', '2019-06-14 10:41:27', '2019-06-14 10:41:28');
INSERT INTO `orders` VALUES ('23', 'normal', '20190614104127117309', '17', '{\"address\":\"\\u6c5f\\u82cf\\u7701\\u82cf\\u5dde\\u5e02\\u76f8\\u57ce\\u533a\\u7b2c62\\u8857\\u9053\\u7b2c364\\u53f7\",\"zip\":76500,\"contact_name\":\"\\u5ed6\\u96f7\",\"contact_phone\":\"14563483562\"}', '14029.00', 'Eveniet blanditiis itaque vel eius ut.', '2019-06-03 13:46:13', null, 'alipay', '5e8df228-9156-3b19-a0b3-1274d4848a0d', 'pending', null, '0', '0', 'delivered', '{\"express_company\":\"\\u601d\\u4f18\\u4fe1\\u606f\\u6709\\u9650\\u516c\\u53f8\",\"express_no\":\"1e7b2b92-ee43-3574-93c9-473340f4dc38\"}', '[]', '2019-06-14 10:41:27', '2019-06-14 10:41:28');
INSERT INTO `orders` VALUES ('24', 'normal', '20190614104127395707', '31', '{\"address\":\"\\u5e7f\\u4e1c\\u7701\\u6df1\\u5733\\u5e02\\u798f\\u7530\\u533a\\u7b2c10\\u8857\\u9053\\u7b2c73\\u53f7\",\"zip\":687900,\"contact_name\":\"\\u5b97\\u5efa\\u56fd\",\"contact_phone\":\"15866136920\"}', '56689.00', 'Vel ipsum soluta ut dolore veniam impedit.', '2019-06-01 00:56:47', null, 'wechat', '241ee3b5-fda2-3322-a1a2-27e20453deb1', 'pending', null, '0', '0', 'pending', null, '[]', '2019-06-14 10:41:27', '2019-06-14 10:41:28');
INSERT INTO `orders` VALUES ('25', 'normal', '20190614104127539362', '71', '{\"address\":\"\\u5e7f\\u4e1c\\u7701\\u6df1\\u5733\\u5e02\\u798f\\u7530\\u533a\\u7b2c52\\u8857\\u9053\\u7b2c73\\u53f7\",\"zip\":686200,\"contact_name\":\"\\u8584\\u5fd7\\u52c7\",\"contact_phone\":\"18791023278\"}', '38690.00', 'Omnis nesciunt quia qui ipsum voluptatem optio voluptatem.', '2019-05-15 23:16:35', null, 'alipay', 'bf17c1c5-f391-3d5b-be76-26d1c3495c38', 'pending', null, '0', '1', 'pending', null, '[]', '2019-06-14 10:41:27', '2019-06-14 10:41:28');
INSERT INTO `orders` VALUES ('26', 'normal', '20190614104127305081', '71', '{\"address\":\"\\u5e7f\\u4e1c\\u7701\\u6df1\\u5733\\u5e02\\u798f\\u7530\\u533a\\u7b2c0\\u8857\\u9053\\u7b2c687\\u53f7\",\"zip\":745500,\"contact_name\":\"\\u5353\\u5168\\u5b89\",\"contact_phone\":\"17095540112\"}', '6955.00', 'Aliquid pariatur vel doloribus vel ea et ab dolore.', '2019-05-19 06:21:02', null, 'wechat', '60eb5ca5-f289-3b77-8068-1c0bccd92716', 'pending', null, '0', '0', 'pending', null, '[]', '2019-06-14 10:41:27', '2019-06-14 10:41:28');
INSERT INTO `orders` VALUES ('27', 'normal', '20190614104127974697', '75', '{\"address\":\"\\u6c5f\\u82cf\\u7701\\u82cf\\u5dde\\u5e02\\u76f8\\u57ce\\u533a\\u7b2c39\\u8857\\u9053\\u7b2c275\\u53f7\",\"zip\":634600,\"contact_name\":\"\\u5d7a\\u6842\\u8363\",\"contact_phone\":\"18067542010\"}', '15258.32', 'Eaque voluptates harum deserunt similique maiores harum.', '2019-06-04 02:44:38', '17', 'alipay', '75db63ae-87ca-3c7f-8473-534a5193e797', 'pending', null, '0', '0', 'delivered', '{\"express_company\":\"\\u51cc\\u9896\\u4fe1\\u606f\\u7f51\\u7edc\\u6709\\u9650\\u516c\\u53f8\",\"express_no\":\"c5187dc9-c102-3f37-b602-1dee551108f8\"}', '[]', '2019-06-14 10:41:27', '2019-06-14 10:41:28');
INSERT INTO `orders` VALUES ('28', 'normal', '20190614104127989509', '29', '{\"address\":\"\\u6c5f\\u82cf\\u7701\\u5357\\u4eac\\u5e02\\u6d66\\u53e3\\u533a\\u7b2c46\\u8857\\u9053\\u7b2c35\\u53f7\",\"zip\":793100,\"contact_name\":\"\\u53f2\\u9e70\",\"contact_phone\":\"17099899096\"}', '32025.00', 'Enim nulla harum ipsa sequi repellendus aut.', '2019-06-07 08:38:57', null, 'wechat', '8c4fdeef-085c-33e0-aa60-652a4f02878d', 'pending', null, '0', '0', 'delivered', '{\"express_company\":\"\\u8fea\\u6469\\u4fe1\\u606f\\u6709\\u9650\\u516c\\u53f8\",\"express_no\":\"68430fbb-4d2e-3cfa-80a8-f1de3ef6895d\"}', '[]', '2019-06-14 10:41:27', '2019-06-14 10:41:28');
INSERT INTO `orders` VALUES ('29', 'normal', '20190614104127552930', '55', '{\"address\":\"\\u6cb3\\u5317\\u7701\\u77f3\\u5bb6\\u5e84\\u5e02\\u957f\\u5b89\\u533a\\u7b2c47\\u8857\\u9053\\u7b2c309\\u53f7\",\"zip\":168400,\"contact_name\":\"\\u6bb7\\u65ed\",\"contact_phone\":\"17051813280\"}', '7738.00', 'Neque consequuntur natus aliquid omnis provident.', '2019-06-01 17:29:56', null, 'alipay', 'a53eb83b-4b79-33a1-a3aa-8574378eed67', 'pending', null, '0', '1', 'delivered', '{\"express_company\":\"\\u56fd\\u8baf\\u7f51\\u7edc\\u6709\\u9650\\u516c\\u53f8\",\"express_no\":\"b784d1d9-a4c5-37e9-8e98-6587226a1c3e\"}', '[]', '2019-06-14 10:41:27', '2019-06-14 10:41:28');
INSERT INTO `orders` VALUES ('30', 'normal', '20190614104127592300', '49', '{\"address\":\"\\u5317\\u4eac\\u5e02\\u5e02\\u8f96\\u533a\\u4e1c\\u57ce\\u533a\\u7b2c89\\u8857\\u9053\\u7b2c14\\u53f7\",\"zip\":734900,\"contact_name\":\"\\u865e\\u6668\",\"contact_phone\":\"15016120515\"}', '50445.01', 'Iste perferendis numquam quia repellendus tempore.', '2019-05-23 02:32:00', '17', 'alipay', '7fa02c1c-18f0-38e2-af53-65ac21716022', 'pending', null, '0', '0', 'delivered', '{\"express_company\":\"\\u6052\\u806a\\u767e\\u6c47\\u4fe1\\u606f\\u6709\\u9650\\u516c\\u53f8\",\"express_no\":\"27ba6123-c3a6-3822-8c18-dcb9832cb623\"}', '[]', '2019-06-14 10:41:27', '2019-06-14 10:41:29');
INSERT INTO `orders` VALUES ('31', 'normal', '20190614104127364379', '50', '{\"address\":\"\\u5e7f\\u4e1c\\u7701\\u6df1\\u5733\\u5e02\\u798f\\u7530\\u533a\\u7b2c37\\u8857\\u9053\\u7b2c486\\u53f7\",\"zip\":17900,\"contact_name\":\"\\u5eb7\\u6676\",\"contact_phone\":\"13738492234\"}', '50573.00', 'Modi reiciendis atque vitae est ullam.', '2019-06-05 17:51:03', null, 'wechat', 'd4d20195-fb7f-338d-aae9-95634a019afb', 'pending', null, '0', '1', 'received', '{\"express_company\":\"\\u5929\\u5f00\\u4fe1\\u606f\\u6709\\u9650\\u516c\\u53f8\",\"express_no\":\"ae67179e-6157-3014-a20a-4a3e71f7065b\"}', '[]', '2019-06-14 10:41:27', '2019-06-14 10:41:29');
INSERT INTO `orders` VALUES ('32', 'normal', '20190614104127793764', '95', '{\"address\":\"\\u6c5f\\u82cf\\u7701\\u5357\\u4eac\\u5e02\\u6d66\\u53e3\\u533a\\u7b2c48\\u8857\\u9053\\u7b2c318\\u53f7\",\"zip\":261600,\"contact_name\":\"\\u5409\\u7434\",\"contact_phone\":\"15775952978\"}', '40337.00', 'Exercitationem quia rerum ipsam delectus quis commodi voluptas.', '2019-06-05 03:24:23', null, 'wechat', 'fac7deab-a284-3a21-a2d4-e168ff9ff8af', 'pending', null, '0', '1', 'delivered', '{\"express_company\":\"\\u6d59\\u5927\\u4e07\\u670b\\u79d1\\u6280\\u6709\\u9650\\u516c\\u53f8\",\"express_no\":\"26d21b1f-40c6-3dea-a985-ffafaf0d8f60\"}', '[]', '2019-06-14 10:41:27', '2019-06-14 10:41:29');
INSERT INTO `orders` VALUES ('33', 'normal', '20190614104127154629', '73', '{\"address\":\"\\u5e7f\\u4e1c\\u7701\\u6df1\\u5733\\u5e02\\u798f\\u7530\\u533a\\u7b2c80\\u8857\\u9053\\u7b2c974\\u53f7\",\"zip\":265600,\"contact_name\":\"\\u848b\\u667a\\u660e\",\"contact_phone\":\"15363292995\"}', '99165.00', 'Molestiae eos ratione unde suscipit commodi sunt.', '2019-06-01 23:24:06', null, 'alipay', 'd23f46d7-eb99-386f-a0f8-a0affe29924d', 'pending', null, '0', '1', 'delivered', '{\"express_company\":\"\\u96e8\\u6797\\u6728\\u98ce\\u8ba1\\u7b97\\u673a\\u4fe1\\u606f\\u6709\\u9650\\u516c\\u53f8\",\"express_no\":\"32f3ef77-a6f3-3609-9179-768ab61ec563\"}', '[]', '2019-06-14 10:41:27', '2019-06-14 10:41:29');
INSERT INTO `orders` VALUES ('34', 'normal', '20190614104127228882', '57', '{\"address\":\"\\u6cb3\\u5317\\u7701\\u77f3\\u5bb6\\u5e84\\u5e02\\u957f\\u5b89\\u533a\\u7b2c27\\u8857\\u9053\\u7b2c902\\u53f7\",\"zip\":113300,\"contact_name\":\"\\u5cb3\\u6667\",\"contact_phone\":\"17152490952\"}', '14319.00', 'Quia amet quibusdam amet amet optio repellat.', '2019-06-08 08:34:27', null, 'wechat', '3e4e98ad-6217-3803-888d-427f0e1601b2', 'pending', null, '0', '1', 'received', '{\"express_company\":\"\\u7ef4\\u6d9b\\u4fe1\\u606f\\u6709\\u9650\\u516c\\u53f8\",\"express_no\":\"30a423b6-f2f8-304c-8220-e608f88e91df\"}', '[]', '2019-06-14 10:41:27', '2019-06-14 10:41:29');
INSERT INTO `orders` VALUES ('35', 'normal', '20190614104127764240', '52', '{\"address\":\"\\u6c5f\\u82cf\\u7701\\u5357\\u4eac\\u5e02\\u6d66\\u53e3\\u533a\\u7b2c33\\u8857\\u9053\\u7b2c83\\u53f7\",\"zip\":243000,\"contact_name\":\"\\u5e94\\u5efa\\u534e\",\"contact_phone\":\"18456492323\"}', '6206.00', 'Perspiciatis expedita aut qui et ut molestiae at.', '2019-05-22 13:23:23', null, 'alipay', '8555295c-8105-32e9-9066-baef2a92a8ff', 'pending', null, '0', '1', 'delivered', '{\"express_company\":\"\\u8054\\u8f6f\\u4f20\\u5a92\\u6709\\u9650\\u516c\\u53f8\",\"express_no\":\"cc2ba155-a8b6-3690-805b-e00ff2edbb40\"}', '[]', '2019-06-14 10:41:27', '2019-06-14 10:41:29');
INSERT INTO `orders` VALUES ('36', 'normal', '20190614104127379154', '74', '{\"address\":\"\\u5317\\u4eac\\u5e02\\u5e02\\u8f96\\u533a\\u4e1c\\u57ce\\u533a\\u7b2c25\\u8857\\u9053\\u7b2c13\\u53f7\",\"zip\":786400,\"contact_name\":\"\\u5180\\u840d\",\"contact_phone\":\"18465348178\"}', '10239.00', 'Voluptate eius at fugit nisi ut quae.', '2019-05-23 20:48:14', null, 'alipay', '020ed2db-312f-36b8-b6fe-539dd46b79b8', 'pending', null, '0', '1', 'pending', null, '[]', '2019-06-14 10:41:27', '2019-06-14 10:41:29');
INSERT INTO `orders` VALUES ('37', 'normal', '20190614104127279236', '36', '{\"address\":\"\\u6cb3\\u5317\\u7701\\u77f3\\u5bb6\\u5e84\\u5e02\\u957f\\u5b89\\u533a\\u7b2c60\\u8857\\u9053\\u7b2c69\\u53f7\",\"zip\":582400,\"contact_name\":\"\\u80e5\\u4e3d\",\"contact_phone\":\"15891334035\"}', '45650.00', 'Et quasi quae maxime qui ipsa quia inventore.', '2019-05-26 04:52:44', null, 'wechat', '65ba8ef0-51cb-39d2-80dc-356b803905e0', 'pending', null, '0', '1', 'received', '{\"express_company\":\"\\u5f00\\u53d1\\u533a\\u4e16\\u521b\\u7f51\\u7edc\\u6709\\u9650\\u516c\\u53f8\",\"express_no\":\"65f8d8d1-263b-309f-b0b1-370aadd82f14\"}', '[]', '2019-06-14 10:41:27', '2019-06-14 10:41:29');
INSERT INTO `orders` VALUES ('38', 'normal', '20190614104127165580', '17', '{\"address\":\"\\u5e7f\\u4e1c\\u7701\\u6df1\\u5733\\u5e02\\u798f\\u7530\\u533a\\u7b2c77\\u8857\\u9053\\u7b2c44\\u53f7\",\"zip\":216000,\"contact_name\":\"\\u859b\\u6668\",\"contact_phone\":\"17088491987\"}', '11726.00', 'Dolorem exercitationem vel beatae quibusdam ad beatae dolores rerum.', '2019-06-03 00:45:42', null, 'alipay', 'c255e3cc-8171-3121-8ca6-7889e63a60da', 'pending', null, '0', '1', 'pending', null, '[]', '2019-06-14 10:41:27', '2019-06-14 10:41:29');
INSERT INTO `orders` VALUES ('39', 'normal', '20190614104127543110', '69', '{\"address\":\"\\u5e7f\\u4e1c\\u7701\\u6df1\\u5733\\u5e02\\u798f\\u7530\\u533a\\u7b2c56\\u8857\\u9053\\u7b2c706\\u53f7\",\"zip\":418800,\"contact_name\":\"\\u67ef\\u6960\",\"contact_phone\":\"18297412576\"}', '21648.00', 'Necessitatibus repellendus reiciendis dolore occaecati dolore tenetur eos.', '2019-06-09 16:13:59', null, 'wechat', '3c1f8b89-4d02-3d0e-8d1e-96228e2d2121', 'pending', null, '0', '1', 'pending', null, '[]', '2019-06-14 10:41:27', '2019-06-14 10:41:29');
INSERT INTO `orders` VALUES ('40', 'normal', '20190614104127558756', '58', '{\"address\":\"\\u6c5f\\u82cf\\u7701\\u5357\\u4eac\\u5e02\\u6d66\\u53e3\\u533a\\u7b2c74\\u8857\\u9053\\u7b2c195\\u53f7\",\"zip\":711200,\"contact_name\":\"\\u90dd\\u677e\",\"contact_phone\":\"18716378432\"}', '68252.00', 'Iste suscipit ea libero fuga consectetur.', '2019-05-18 10:09:19', null, 'wechat', 'b038e0f3-7764-35f9-9149-789083825ba8', 'pending', null, '0', '1', 'received', '{\"express_company\":\"\\u9e3f\\u777f\\u601d\\u535a\\u79d1\\u6280\\u6709\\u9650\\u516c\\u53f8\",\"express_no\":\"3ce58da5-217d-34b8-abda-78acd1d02ca3\"}', '[]', '2019-06-14 10:41:27', '2019-06-14 10:41:29');
INSERT INTO `orders` VALUES ('41', 'normal', '20190614104127512173', '39', '{\"address\":\"\\u5e7f\\u4e1c\\u7701\\u6df1\\u5733\\u5e02\\u798f\\u7530\\u533a\\u7b2c98\\u8857\\u9053\\u7b2c982\\u53f7\",\"zip\":531600,\"contact_name\":\"\\u5b63\\u6842\\u82f1\",\"contact_phone\":\"18612855169\"}', '28953.00', 'Aut rerum ut voluptatem quos qui nemo assumenda.', '2019-05-31 16:24:50', null, 'wechat', '7fdb6053-b71b-328c-b6ad-5341eb200e08', 'pending', null, '0', '0', 'pending', null, '[]', '2019-06-14 10:41:27', '2019-06-14 10:41:29');
INSERT INTO `orders` VALUES ('42', 'normal', '20190614104127208046', '70', '{\"address\":\"\\u6cb3\\u5317\\u7701\\u77f3\\u5bb6\\u5e84\\u5e02\\u957f\\u5b89\\u533a\\u7b2c18\\u8857\\u9053\\u7b2c997\\u53f7\",\"zip\":655900,\"contact_name\":\"\\u90b9\\u660e\",\"contact_phone\":\"17010851317\"}', '4433.66', 'Consequatur laboriosam error aut.', '2019-05-25 04:56:28', '17', 'alipay', '3bde84ac-261d-3417-86ba-19655279b51d', 'pending', null, '0', '1', 'delivered', '{\"express_company\":\"\\u6602\\u6b4c\\u4fe1\\u606f\\u4fe1\\u606f\\u6709\\u9650\\u516c\\u53f8\",\"express_no\":\"ac2ae00a-2544-305d-98c0-9501a24d04ba\"}', '[]', '2019-06-14 10:41:27', '2019-06-14 10:41:29');
INSERT INTO `orders` VALUES ('43', 'normal', '20190614104127168853', '93', '{\"address\":\"\\u6c5f\\u82cf\\u7701\\u5357\\u4eac\\u5e02\\u6d66\\u53e3\\u533a\\u7b2c45\\u8857\\u9053\\u7b2c502\\u53f7\",\"zip\":66900,\"contact_name\":\"\\u5170\\u4e39\\u4e39\",\"contact_phone\":\"18703123881\"}', '26517.00', 'Et illum quo rerum at ipsa nulla.', '2019-06-04 08:21:33', null, 'wechat', '2728a73e-4ea0-3209-b2cc-a9f7fed9a797', 'pending', null, '0', '0', 'received', '{\"express_company\":\"\\u96e8\\u6797\\u6728\\u98ce\\u8ba1\\u7b97\\u673a\\u4fe1\\u606f\\u6709\\u9650\\u516c\\u53f8\",\"express_no\":\"f8abda21-464a-31f6-a622-7e56e03fa3d1\"}', '[]', '2019-06-14 10:41:27', '2019-06-14 10:41:29');
INSERT INTO `orders` VALUES ('44', 'normal', '20190614104127469182', '24', '{\"address\":\"\\u5317\\u4eac\\u5e02\\u5e02\\u8f96\\u533a\\u4e1c\\u57ce\\u533a\\u7b2c72\\u8857\\u9053\\u7b2c141\\u53f7\",\"zip\":843900,\"contact_name\":\"\\u5b5f\\u79c0\\u534e\",\"contact_phone\":\"13923824715\"}', '7738.00', 'Temporibus quasi harum eius veniam fugiat ut accusantium.', '2019-06-13 08:19:36', null, 'alipay', '2f3f6c1e-b905-3691-afb8-41712c76148d', 'pending', null, '0', '1', 'delivered', '{\"express_company\":\"\\u53cc\\u654f\\u7535\\u5b50\\u4f20\\u5a92\\u6709\\u9650\\u516c\\u53f8\",\"express_no\":\"12f93c0b-9f16-3274-935a-507639906c67\"}', '[]', '2019-06-14 10:41:27', '2019-06-14 10:41:29');
INSERT INTO `orders` VALUES ('45', 'normal', '20190614104127833958', '13', '{\"address\":\"\\u6cb3\\u5317\\u7701\\u77f3\\u5bb6\\u5e84\\u5e02\\u957f\\u5b89\\u533a\\u7b2c91\\u8857\\u9053\\u7b2c530\\u53f7\",\"zip\":265300,\"contact_name\":\"\\u8427\\u7fd4\",\"contact_phone\":\"18942291679\"}', '58991.00', 'Aspernatur excepturi quo magnam aliquid porro dolor reiciendis.', '2019-05-29 23:24:59', null, 'alipay', '8f9c6cae-49b3-30c0-9837-fb84bc1f09cb', 'pending', null, '0', '1', 'pending', null, '[]', '2019-06-14 10:41:27', '2019-06-14 10:41:29');
INSERT INTO `orders` VALUES ('46', 'normal', '20190614104127032191', '40', '{\"address\":\"\\u5317\\u4eac\\u5e02\\u5e02\\u8f96\\u533a\\u4e1c\\u57ce\\u533a\\u7b2c31\\u8857\\u9053\\u7b2c661\\u53f7\",\"zip\":654800,\"contact_name\":\"\\u5c60\\u632f\\u56fd\",\"contact_phone\":\"17005892302\"}', '24824.00', 'Voluptates explicabo totam odio nihil.', '2019-06-02 14:16:41', null, 'wechat', '1d0ca3d6-5ccb-364c-be01-946ae08747b8', 'pending', null, '0', '1', 'delivered', '{\"express_company\":\"\\u83ca\\u98ce\\u516c\\u53f8\\u4f20\\u5a92\\u6709\\u9650\\u516c\\u53f8\",\"express_no\":\"da2704d7-a19f-38b9-b13c-008e8781216d\"}', '[]', '2019-06-14 10:41:27', '2019-06-14 10:41:29');
INSERT INTO `orders` VALUES ('47', 'normal', '20190614104127048268', '42', '{\"address\":\"\\u6c5f\\u82cf\\u7701\\u82cf\\u5dde\\u5e02\\u76f8\\u57ce\\u533a\\u7b2c39\\u8857\\u9053\\u7b2c627\\u53f7\",\"zip\":24100,\"contact_name\":\"\\u4f59\\u6842\\u82ac\",\"contact_phone\":\"15547894837\"}', '42122.08', 'Quia assumenda harum corrupti non dolorem et.', '2019-06-06 21:47:20', '17', 'wechat', 'f717205e-1650-33b6-af7a-75c8c87f3385', 'pending', null, '0', '1', 'pending', null, '[]', '2019-06-14 10:41:27', '2019-06-14 10:41:29');
INSERT INTO `orders` VALUES ('48', 'normal', '20190614104127768807', '86', '{\"address\":\"\\u5e7f\\u4e1c\\u7701\\u6df1\\u5733\\u5e02\\u798f\\u7530\\u533a\\u7b2c46\\u8857\\u9053\\u7b2c591\\u53f7\",\"zip\":647000,\"contact_name\":\"\\u6d2a\\u745e\",\"contact_phone\":\"13268091953\"}', '19101.00', 'Quia non omnis vel rem nam alias.', '2019-05-20 17:55:36', null, 'alipay', '4486ad67-9a51-3303-9c5a-57e2b3be9620', 'pending', null, '0', '1', 'delivered', '{\"express_company\":\"\\u8d85\\u827a\\u4f20\\u5a92\\u6709\\u9650\\u516c\\u53f8\",\"express_no\":\"73401295-7fa7-3a23-8be4-0b2c032db991\"}', '[]', '2019-06-14 10:41:27', '2019-06-14 10:41:29');
INSERT INTO `orders` VALUES ('49', 'normal', '20190614104127343712', '29', '{\"address\":\"\\u6cb3\\u5317\\u7701\\u77f3\\u5bb6\\u5e84\\u5e02\\u957f\\u5b89\\u533a\\u7b2c94\\u8857\\u9053\\u7b2c149\\u53f7\",\"zip\":224400,\"contact_name\":\"\\u7ba1\\u6dd1\\u73cd\",\"contact_phone\":\"17804941571\"}', '82955.00', 'Non delectus corporis sit eveniet.', '2019-05-17 03:15:09', null, 'wechat', '106121c9-99eb-379b-9d5f-b52baf9f6123', 'pending', null, '0', '1', 'pending', null, '[]', '2019-06-14 10:41:27', '2019-06-14 10:41:29');
INSERT INTO `orders` VALUES ('50', 'normal', '20190614104127254722', '69', '{\"address\":\"\\u5e7f\\u4e1c\\u7701\\u6df1\\u5733\\u5e02\\u798f\\u7530\\u533a\\u7b2c22\\u8857\\u9053\\u7b2c791\\u53f7\",\"zip\":408200,\"contact_name\":\"\\u6a0a\\u5fd7\\u6587\",\"contact_phone\":\"17185851177\"}', '38322.00', 'Autem autem ut qui qui voluptates.', '2019-05-28 04:38:17', null, 'alipay', 'd371f751-e929-3c53-ab22-0fe2af4bb68a', 'pending', null, '0', '1', 'received', '{\"express_company\":\"\\u7f51\\u65b0\\u6052\\u5929\\u4fe1\\u606f\\u6709\\u9650\\u516c\\u53f8\",\"express_no\":\"66ffc3a2-2c62-38a9-b837-7b74b8f54f63\"}', '[]', '2019-06-14 10:41:27', '2019-06-14 10:41:29');
INSERT INTO `orders` VALUES ('51', 'normal', '20190614104127148760', '29', '{\"address\":\"\\u5e7f\\u4e1c\\u7701\\u6df1\\u5733\\u5e02\\u798f\\u7530\\u533a\\u7b2c98\\u8857\\u9053\\u7b2c982\\u53f7\",\"zip\":531600,\"contact_name\":\"\\u5b63\\u6842\\u82f1\",\"contact_phone\":\"18612855169\"}', '13110.79', 'Cumque aliquid molestiae aspernatur quae qui.', '2019-05-28 13:06:57', '17', 'wechat', 'c51d783b-9aee-32dc-b101-9b7891d31b0e', 'pending', null, '0', '1', 'delivered', '{\"express_company\":\"\\u4fe1\\u8bda\\u81f4\\u8fdc\\u4f20\\u5a92\\u6709\\u9650\\u516c\\u53f8\",\"express_no\":\"2d43c8bc-af60-35eb-b4f9-4cd7b4cb5c77\"}', '[]', '2019-06-14 10:41:27', '2019-06-14 10:41:29');
INSERT INTO `orders` VALUES ('52', 'normal', '20190614104127335318', '78', '{\"address\":\"\\u6cb3\\u5317\\u7701\\u77f3\\u5bb6\\u5e84\\u5e02\\u957f\\u5b89\\u533a\\u7b2c55\\u8857\\u9053\\u7b2c91\\u53f7\",\"zip\":627600,\"contact_name\":\"\\u90b9\\u82f1\",\"contact_phone\":\"17050473328\"}', '19286.19', 'Eveniet totam maxime non aut ratione libero a quos.', '2019-05-15 18:19:57', '17', 'alipay', '3dbf9bd4-bda3-306b-bc13-0d0d3a92a6ba', 'pending', null, '0', '1', 'pending', null, '[]', '2019-06-14 10:41:27', '2019-06-14 10:41:29');
INSERT INTO `orders` VALUES ('53', 'normal', '20190614104127144489', '81', '{\"address\":\"\\u6c5f\\u82cf\\u7701\\u82cf\\u5dde\\u5e02\\u76f8\\u57ce\\u533a\\u7b2c10\\u8857\\u9053\\u7b2c191\\u53f7\",\"zip\":413500,\"contact_name\":\"\\u5189\\u4e3d\\u5a1f\",\"contact_phone\":\"18752235720\"}', '17532.13', 'Qui ut est consequatur porro rerum atque.', '2019-06-05 05:49:50', '17', 'wechat', '53f7f78f-7520-36e1-97b6-bfd362a1369a', 'pending', null, '0', '0', 'delivered', '{\"express_company\":\"\\u65f6\\u523b\\u4f20\\u5a92\\u6709\\u9650\\u516c\\u53f8\",\"express_no\":\"8ba4198c-acd1-37f6-8c89-2d6312194db3\"}', '[]', '2019-06-14 10:41:27', '2019-06-14 10:41:29');
INSERT INTO `orders` VALUES ('54', 'normal', '20190614104127868861', '72', '{\"address\":\"\\u5e7f\\u4e1c\\u7701\\u6df1\\u5733\\u5e02\\u798f\\u7530\\u533a\\u7b2c72\\u8857\\u9053\\u7b2c34\\u53f7\",\"zip\":126100,\"contact_name\":\"\\u51cc\\u96ea\",\"contact_phone\":\"13905388814\"}', '47635.00', 'Possimus placeat similique corrupti iste beatae ratione laudantium.', '2019-05-29 18:06:54', null, 'alipay', '8138527b-784a-3710-805c-28fd64a5acf9', 'pending', null, '0', '1', 'received', '{\"express_company\":\"\\u6234\\u7855\\u7535\\u5b50\\u4fe1\\u606f\\u6709\\u9650\\u516c\\u53f8\",\"express_no\":\"fc9fa690-0693-37a0-8851-78487eb3ff6d\"}', '[]', '2019-06-14 10:41:27', '2019-06-14 10:41:29');
INSERT INTO `orders` VALUES ('55', 'normal', '20190614104127593095', '23', '{\"address\":\"\\u6c5f\\u82cf\\u7701\\u5357\\u4eac\\u5e02\\u6d66\\u53e3\\u533a\\u7b2c13\\u8857\\u9053\\u7b2c445\\u53f7\",\"zip\":514000,\"contact_name\":\"\\u4f59\\u5efa\\u56fd\",\"contact_phone\":\"18157632197\"}', '41786.00', 'Velit a dolorem odio.', '2019-05-21 08:38:45', null, 'wechat', '93f512ae-29a6-3de9-a86a-572b661a1c8c', 'pending', null, '0', '1', 'received', '{\"express_company\":\"\\u827e\\u63d0\\u79d1\\u4fe1\\u4fe1\\u606f\\u6709\\u9650\\u516c\\u53f8\",\"express_no\":\"931a6136-29b9-33e8-b524-060e9258bdc4\"}', '[]', '2019-06-14 10:41:27', '2019-06-14 10:41:29');
INSERT INTO `orders` VALUES ('56', 'normal', '20190614104127610409', '36', '{\"address\":\"\\u6c5f\\u82cf\\u7701\\u82cf\\u5dde\\u5e02\\u76f8\\u57ce\\u533a\\u7b2c62\\u8857\\u9053\\u7b2c768\\u53f7\",\"zip\":284900,\"contact_name\":\"\\u5305\\u83b9\",\"contact_phone\":\"17800635626\"}', '799.00', 'Nesciunt nostrum fugiat sunt fugiat.', '2019-05-28 02:10:22', null, 'alipay', '814995c2-71c5-3b56-89f9-1a254a69c505', 'pending', null, '0', '1', 'received', '{\"express_company\":\"\\u826f\\u8bfa\\u4f20\\u5a92\\u6709\\u9650\\u516c\\u53f8\",\"express_no\":\"e26b0a0b-1cc2-3a95-9482-993000a7e095\"}', '[]', '2019-06-14 10:41:27', '2019-06-14 10:41:29');
INSERT INTO `orders` VALUES ('57', 'normal', '20190614104127165757', '87', '{\"address\":\"\\u6c5f\\u82cf\\u7701\\u82cf\\u5dde\\u5e02\\u76f8\\u57ce\\u533a\\u7b2c39\\u8857\\u9053\\u7b2c627\\u53f7\",\"zip\":24100,\"contact_name\":\"\\u4f59\\u6842\\u82ac\",\"contact_phone\":\"15547894837\"}', '56838.00', 'Cumque nobis fugiat voluptatem facilis optio et.', '2019-06-10 22:37:29', null, 'alipay', '49c1c87a-c8c6-3cb2-a8da-6c0eeadb796d', 'pending', null, '0', '1', 'pending', null, '[]', '2019-06-14 10:41:27', '2019-06-14 10:41:29');
INSERT INTO `orders` VALUES ('58', 'normal', '20190614104127322217', '4', '{\"address\":\"\\u5e7f\\u4e1c\\u7701\\u6df1\\u5733\\u5e02\\u798f\\u7530\\u533a\\u7b2c11\\u8857\\u9053\\u7b2c195\\u53f7\",\"zip\":604300,\"contact_name\":\"\\u5e84\\u96ea\",\"contact_phone\":\"13735846036\"}', '27882.00', 'Nesciunt rerum rerum libero suscipit.', '2019-06-09 07:18:20', null, 'alipay', 'd20e98d6-bde8-3ab8-b1d0-44ceceb9640c', 'pending', null, '0', '1', 'received', '{\"express_company\":\"\\u65b0\\u683c\\u6797\\u8010\\u7279\\u79d1\\u6280\\u6709\\u9650\\u516c\\u53f8\",\"express_no\":\"54e2b280-9dac-35ba-9a1a-fbf445f1b1d8\"}', '[]', '2019-06-14 10:41:27', '2019-06-14 10:41:29');
INSERT INTO `orders` VALUES ('59', 'normal', '20190614104127288972', '34', '{\"address\":\"\\u6c5f\\u82cf\\u7701\\u82cf\\u5dde\\u5e02\\u76f8\\u57ce\\u533a\\u7b2c25\\u8857\\u9053\\u7b2c410\\u53f7\",\"zip\":256600,\"contact_name\":\"\\u5e9e\\u6d01\",\"contact_phone\":\"15259637919\"}', '31653.93', 'Minus et odio veritatis sunt aliquid repellendus similique.', '2019-05-30 22:48:22', '17', 'alipay', 'c56f1195-9a0a-3c51-852c-662ddba2a0ad', 'pending', null, '0', '0', 'received', '{\"express_company\":\"\\u826f\\u8bfa\\u7f51\\u7edc\\u6709\\u9650\\u516c\\u53f8\",\"express_no\":\"70071331-06d9-3ac2-aff7-9412ce46ffa3\"}', '[]', '2019-06-14 10:41:27', '2019-06-14 10:41:29');
INSERT INTO `orders` VALUES ('60', 'normal', '20190614104127162516', '70', '{\"address\":\"\\u5317\\u4eac\\u5e02\\u5e02\\u8f96\\u533a\\u4e1c\\u57ce\\u533a\\u7b2c65\\u8857\\u9053\\u7b2c399\\u53f7\",\"zip\":347400,\"contact_name\":\"\\u7a46\\u51b0\\u51b0\",\"contact_phone\":\"17074186622\"}', '28334.00', 'Inventore nisi omnis aliquam pariatur est.', '2019-06-13 12:47:28', null, 'wechat', 'ac8ff15f-f238-3166-8a9d-e4bcc5f1b01c', 'pending', null, '0', '0', 'delivered', '{\"express_company\":\"\\u6d4e\\u5357\\u4ebf\\u6b21\\u5143\\u4f20\\u5a92\\u6709\\u9650\\u516c\\u53f8\",\"express_no\":\"57c80abd-6d0b-3f76-b42b-aec8452c083a\"}', '[]', '2019-06-14 10:41:27', '2019-06-14 10:41:29');
INSERT INTO `orders` VALUES ('61', 'normal', '20190614104127490242', '84', '{\"address\":\"\\u5317\\u4eac\\u5e02\\u5e02\\u8f96\\u533a\\u4e1c\\u57ce\\u533a\\u7b2c78\\u8857\\u9053\\u7b2c929\\u53f7\",\"zip\":648500,\"contact_name\":\"\\u7fc1\\u78ca\",\"contact_phone\":\"18862388123\"}', '16632.00', 'Deleniti cupiditate est illo voluptas esse iusto quod.', '2019-05-22 03:18:45', null, 'alipay', '1d6f28db-8c9c-36d4-b939-b2f193145fda', 'pending', null, '0', '0', 'pending', null, '[]', '2019-06-14 10:41:27', '2019-06-14 10:41:30');
INSERT INTO `orders` VALUES ('62', 'normal', '20190614104127696892', '72', '{\"address\":\"\\u5317\\u4eac\\u5e02\\u5e02\\u8f96\\u533a\\u4e1c\\u57ce\\u533a\\u7b2c97\\u8857\\u9053\\u7b2c281\\u53f7\",\"zip\":186200,\"contact_name\":\"\\u5c24\\u6d9b\",\"contact_phone\":\"15292837830\"}', '2397.00', 'Alias aut consectetur minus est iste consectetur.', '2019-05-15 17:39:41', null, 'alipay', 'ba0c9ad9-7c06-33fb-8bf6-5b880d29be1e', 'pending', null, '0', '0', 'pending', null, '[]', '2019-06-14 10:41:27', '2019-06-14 10:41:30');
INSERT INTO `orders` VALUES ('63', 'normal', '20190614104127713048', '42', '{\"address\":\"\\u5e7f\\u4e1c\\u7701\\u6df1\\u5733\\u5e02\\u798f\\u7530\\u533a\\u7b2c89\\u8857\\u9053\\u7b2c40\\u53f7\",\"zip\":681800,\"contact_name\":\"\\u803f\\u5229\",\"contact_phone\":\"15821038145\"}', '33921.00', 'Saepe quibusdam similique vel voluptas autem dolores aut.', '2019-05-26 11:13:00', null, 'wechat', 'dd94a87f-296a-3825-8360-886b8992d915', 'pending', null, '0', '0', 'pending', null, '[]', '2019-06-14 10:41:27', '2019-06-14 10:41:30');
INSERT INTO `orders` VALUES ('64', 'normal', '20190614104127038599', '13', '{\"address\":\"\\u5317\\u4eac\\u5e02\\u5e02\\u8f96\\u533a\\u4e1c\\u57ce\\u533a\\u7b2c78\\u8857\\u9053\\u7b2c929\\u53f7\",\"zip\":648500,\"contact_name\":\"\\u7fc1\\u78ca\",\"contact_phone\":\"18862388123\"}', '6206.00', 'Excepturi velit voluptatem repudiandae sint dolorem.', '2019-06-05 10:06:02', null, 'wechat', 'c342deac-6500-3847-84b8-48d1a0d5dfaa', 'pending', null, '0', '0', 'pending', null, '[]', '2019-06-14 10:41:27', '2019-06-14 10:41:30');
INSERT INTO `orders` VALUES ('65', 'normal', '20190614104127536071', '80', '{\"address\":\"\\u6cb3\\u5317\\u7701\\u77f3\\u5bb6\\u5e84\\u5e02\\u957f\\u5b89\\u533a\\u7b2c62\\u8857\\u9053\\u7b2c706\\u53f7\",\"zip\":702700,\"contact_name\":\"\\u94b1\\u745e\",\"contact_phone\":\"17760485003\"}', '27168.00', 'Excepturi a praesentium beatae et ut aspernatur.', '2019-05-22 23:28:31', null, 'alipay', 'cf43ee25-66c5-3380-b409-e4f730a3886a', 'pending', null, '0', '1', 'delivered', '{\"express_company\":\"\\u521b\\u8054\\u4e16\\u7eaa\\u4fe1\\u606f\\u6709\\u9650\\u516c\\u53f8\",\"express_no\":\"5dd391c7-f41e-3c57-b865-a2cb7c2a21d5\"}', '[]', '2019-06-14 10:41:27', '2019-06-14 10:41:30');
INSERT INTO `orders` VALUES ('66', 'normal', '20190614104127413624', '72', '{\"address\":\"\\u6c5f\\u82cf\\u7701\\u5357\\u4eac\\u5e02\\u6d66\\u53e3\\u533a\\u7b2c28\\u8857\\u9053\\u7b2c345\\u53f7\",\"zip\":856400,\"contact_name\":\"\\u695a\\u6b23\",\"contact_phone\":\"13289236097\"}', '47788.00', 'Non officia aut in itaque.', '2019-06-13 05:11:26', null, 'alipay', 'e75c8f2b-3e2a-3408-994f-5ec221eeff77', 'pending', null, '0', '0', 'received', '{\"express_company\":\"\\u7ef4\\u6d9b\\u4fe1\\u606f\\u6709\\u9650\\u516c\\u53f8\",\"express_no\":\"dccd1b7a-3541-334a-98ca-c9afc9d6dd4d\"}', '[]', '2019-06-14 10:41:27', '2019-06-14 10:41:30');
INSERT INTO `orders` VALUES ('67', 'normal', '20190614104127406300', '42', '{\"address\":\"\\u5e7f\\u4e1c\\u7701\\u6df1\\u5733\\u5e02\\u798f\\u7530\\u533a\\u7b2c29\\u8857\\u9053\\u7b2c823\\u53f7\",\"zip\":741500,\"contact_name\":\"\\u5de9\\u9896\",\"contact_phone\":\"14534312900\"}', '3883.00', 'Expedita sint est quo voluptate distinctio impedit.', '2019-05-16 15:26:05', null, 'wechat', '709788fb-f208-3273-b4ca-895dc3bc5c99', 'pending', null, '0', '0', 'pending', null, '[]', '2019-06-14 10:41:27', '2019-06-14 10:41:30');
INSERT INTO `orders` VALUES ('68', 'normal', '20190614104127623800', '11', '{\"address\":\"\\u6c5f\\u82cf\\u7701\\u82cf\\u5dde\\u5e02\\u76f8\\u57ce\\u533a\\u7b2c39\\u8857\\u9053\\u7b2c75\\u53f7\",\"zip\":816300,\"contact_name\":\"\\u4f0f\\u8389\",\"contact_phone\":\"17755286402\"}', '66849.00', 'Id id nulla pariatur unde officiis.', '2019-05-29 06:13:26', null, 'alipay', 'fee06e0f-fb2b-3d19-82cb-0bfe52f86d92', 'pending', null, '0', '1', 'delivered', '{\"express_company\":\"\\u826f\\u8bfa\\u79d1\\u6280\\u6709\\u9650\\u516c\\u53f8\",\"express_no\":\"1f98b97e-04eb-37c4-aeef-0069d76a23e2\"}', '[]', '2019-06-14 10:41:27', '2019-06-14 10:41:30');
INSERT INTO `orders` VALUES ('69', 'normal', '20190614104127413505', '71', '{\"address\":\"\\u5e7f\\u4e1c\\u7701\\u6df1\\u5733\\u5e02\\u798f\\u7530\\u533a\\u7b2c90\\u8857\\u9053\\u7b2c871\\u53f7\",\"zip\":575400,\"contact_name\":\"\\u660e\\u7389\\u534e\",\"contact_phone\":\"14703426272\"}', '4382.84', 'Nesciunt rem est illo.', '2019-05-26 00:27:41', '17', 'alipay', 'f7015836-6209-3e73-bb9c-0ffd4cca9e47', 'pending', null, '0', '1', 'pending', null, '[]', '2019-06-14 10:41:27', '2019-06-14 10:41:30');
INSERT INTO `orders` VALUES ('70', 'normal', '20190614104127331987', '27', '{\"address\":\"\\u6c5f\\u82cf\\u7701\\u5357\\u4eac\\u5e02\\u6d66\\u53e3\\u533a\\u7b2c98\\u8857\\u9053\\u7b2c999\\u53f7\",\"zip\":397400,\"contact_name\":\"\\u7afa\\u6dd1\\u82f1\",\"contact_phone\":\"13824115965\"}', '11997.00', 'Ut et qui consectetur in quasi in iusto.', '2019-05-23 00:01:53', null, 'alipay', '0af94edb-298e-3914-8a8a-171443f83f19', 'pending', null, '0', '1', 'delivered', '{\"express_company\":\"\\u5f00\\u53d1\\u533a\\u4e16\\u521b\\u4fe1\\u606f\\u6709\\u9650\\u516c\\u53f8\",\"express_no\":\"80832ade-3366-3350-93e2-247564f3457a\"}', '[]', '2019-06-14 10:41:27', '2019-06-14 10:41:30');
INSERT INTO `orders` VALUES ('71', 'normal', '20190614104127303140', '70', '{\"address\":\"\\u5317\\u4eac\\u5e02\\u5e02\\u8f96\\u533a\\u4e1c\\u57ce\\u533a\\u7b2c52\\u8857\\u9053\\u7b2c416\\u53f7\",\"zip\":704200,\"contact_name\":\"\\u5353\\u6842\\u829d\",\"contact_phone\":\"13230155408\"}', '7211.82', 'Laudantium qui voluptas sit natus eveniet perspiciatis repellat.', '2019-06-03 02:02:44', '17', 'alipay', 'e6c213d2-5923-3254-8986-ddb2fa491e4f', 'pending', null, '0', '1', 'delivered', '{\"express_company\":\"\\u7ef4\\u65fa\\u660e\\u7f51\\u7edc\\u6709\\u9650\\u516c\\u53f8\",\"express_no\":\"cd82adb8-6bf2-312f-8c0b-ebdc450c8d67\"}', '[]', '2019-06-14 10:41:27', '2019-06-14 10:41:30');
INSERT INTO `orders` VALUES ('72', 'normal', '20190614104127676630', '24', '{\"address\":\"\\u5e7f\\u4e1c\\u7701\\u6df1\\u5733\\u5e02\\u798f\\u7530\\u533a\\u7b2c12\\u8857\\u9053\\u7b2c411\\u53f7\",\"zip\":75600,\"contact_name\":\"\\u5173\\u4e3d\\u534e\",\"contact_phone\":\"18520196111\"}', '36564.00', 'Neque vero ipsam officiis aut cupiditate nisi.', '2019-06-01 21:40:10', null, 'wechat', '0b93a39d-579a-385c-87f5-78be672c1729', 'pending', null, '0', '1', 'pending', null, '[]', '2019-06-14 10:41:27', '2019-06-14 10:41:30');
INSERT INTO `orders` VALUES ('73', 'normal', '20190614104127707026', '62', '{\"address\":\"\\u6c5f\\u82cf\\u7701\\u82cf\\u5dde\\u5e02\\u76f8\\u57ce\\u533a\\u7b2c25\\u8857\\u9053\\u7b2c410\\u53f7\",\"zip\":256600,\"contact_name\":\"\\u5e9e\\u6d01\",\"contact_phone\":\"15259637919\"}', '48589.31', 'Id est ea et quisquam dignissimos commodi harum.', '2019-06-14 02:32:54', '17', 'alipay', 'd896a7b4-f9a7-31c1-bc51-831216bf9e82', 'pending', null, '0', '1', 'delivered', '{\"express_company\":\"\\u8bfa\\u4f9d\\u66fc\\u8f6f\\u4ef6\\u4f20\\u5a92\\u6709\\u9650\\u516c\\u53f8\",\"express_no\":\"51f87a02-1367-3eb0-b30e-f6422150f278\"}', '[]', '2019-06-14 10:41:27', '2019-06-14 10:41:30');
INSERT INTO `orders` VALUES ('74', 'normal', '20190614104127278503', '64', '{\"address\":\"\\u5e7f\\u4e1c\\u7701\\u6df1\\u5733\\u5e02\\u798f\\u7530\\u533a\\u7b2c20\\u8857\\u9053\\u7b2c175\\u53f7\",\"zip\":373600,\"contact_name\":\"\\u9646\\u654f\\u9759\",\"contact_phone\":\"18880397219\"}', '6540.00', 'Temporibus illum voluptatum non porro voluptatibus.', '2019-06-05 10:12:50', null, 'alipay', '624d91be-8853-326e-bde0-95f1fc210c5b', 'pending', null, '0', '1', 'pending', null, '[]', '2019-06-14 10:41:27', '2019-06-14 10:41:30');
INSERT INTO `orders` VALUES ('75', 'normal', '20190614104127926831', '99', '{\"address\":\"\\u5e7f\\u4e1c\\u7701\\u6df1\\u5733\\u5e02\\u798f\\u7530\\u533a\\u7b2c71\\u8857\\u9053\\u7b2c125\\u53f7\",\"zip\":64200,\"contact_name\":\"\\u6765\\u9e70\",\"contact_phone\":\"17195182123\"}', '9622.00', 'Totam ab provident est ut quisquam est rerum voluptatem.', '2019-06-04 23:09:32', null, 'wechat', 'c484bf79-8f62-3b89-9056-ae0da2bbcc26', 'pending', null, '0', '1', 'delivered', '{\"express_company\":\"\\u6d59\\u5927\\u4e07\\u670b\\u4fe1\\u606f\\u6709\\u9650\\u516c\\u53f8\",\"express_no\":\"22d3b8dc-8278-33fa-ac32-230b03f77e41\"}', '[]', '2019-06-14 10:41:27', '2019-06-14 10:41:30');
INSERT INTO `orders` VALUES ('76', 'normal', '20190614104127213661', '31', '{\"address\":\"\\u5317\\u4eac\\u5e02\\u5e02\\u8f96\\u533a\\u4e1c\\u57ce\\u533a\\u7b2c31\\u8857\\u9053\\u7b2c661\\u53f7\",\"zip\":654800,\"contact_name\":\"\\u5c60\\u632f\\u56fd\",\"contact_phone\":\"17005892302\"}', '38114.00', 'Fugit corporis et facilis accusamus culpa.', '2019-06-08 09:09:36', null, 'alipay', '29a27ad7-59f3-3907-9850-8a58e0e3d082', 'pending', null, '0', '0', 'received', '{\"express_company\":\"\\u8054\\u8f6f\\u4fe1\\u606f\\u6709\\u9650\\u516c\\u53f8\",\"express_no\":\"cb73b729-3cf9-3c16-8511-39249aa606b7\"}', '[]', '2019-06-14 10:41:27', '2019-06-14 10:41:30');
INSERT INTO `orders` VALUES ('77', 'normal', '20190614104127774694', '9', '{\"address\":\"\\u5e7f\\u4e1c\\u7701\\u6df1\\u5733\\u5e02\\u798f\\u7530\\u533a\\u7b2c27\\u8857\\u9053\\u7b2c304\\u53f7\",\"zip\":46900,\"contact_name\":\"\\u8303\\u745e\",\"contact_phone\":\"15939013147\"}', '37733.85', 'Quis molestiae ducimus deserunt eos.', '2019-05-23 07:44:31', '17', 'wechat', '2dd53d99-85af-3e5f-af5a-4b490e27bb9b', 'pending', null, '0', '1', 'pending', null, '[]', '2019-06-14 10:41:27', '2019-06-14 10:41:30');
INSERT INTO `orders` VALUES ('78', 'normal', '20190614104127487633', '76', '{\"address\":\"\\u6cb3\\u5317\\u7701\\u77f3\\u5bb6\\u5e84\\u5e02\\u957f\\u5b89\\u533a\\u7b2c50\\u8857\\u9053\\u7b2c39\\u53f7\",\"zip\":667600,\"contact_name\":\"\\u626c\\u6587\",\"contact_phone\":\"13063890464\"}', '26282.41', 'Magni officiis ex ipsum iste incidunt sit vero.', '2019-05-22 03:22:17', '17', 'alipay', '16eeb5e5-0419-34b6-8d98-2b7ba84bc65b', 'pending', null, '0', '1', 'received', '{\"express_company\":\"\\u8bfa\\u4f9d\\u66fc\\u8f6f\\u4ef6\\u79d1\\u6280\\u6709\\u9650\\u516c\\u53f8\",\"express_no\":\"0ff6f082-6f3a-34dc-a8fd-f5b5fd1b30e6\"}', '[]', '2019-06-14 10:41:27', '2019-06-14 10:41:30');
INSERT INTO `orders` VALUES ('79', 'normal', '20190614104127170798', '5', '{\"address\":\"\\u6c5f\\u82cf\\u7701\\u82cf\\u5dde\\u5e02\\u76f8\\u57ce\\u533a\\u7b2c10\\u8857\\u9053\\u7b2c191\\u53f7\",\"zip\":413500,\"contact_name\":\"\\u5189\\u4e3d\\u5a1f\",\"contact_phone\":\"18752235720\"}', '59972.00', 'Neque sunt ipsam voluptas id.', '2019-06-12 16:48:00', null, 'wechat', '564e5d3e-d944-33ae-8c42-d0f8964df330', 'pending', null, '0', '1', 'received', '{\"express_company\":\"\\u5929\\u5f00\\u7f51\\u7edc\\u6709\\u9650\\u516c\\u53f8\",\"express_no\":\"3d5c7a20-dcda-3202-8990-69f073ebefae\"}', '[]', '2019-06-14 10:41:27', '2019-06-14 10:41:30');
INSERT INTO `orders` VALUES ('80', 'normal', '20190614104127560483', '32', '{\"address\":\"\\u6cb3\\u5317\\u7701\\u77f3\\u5bb6\\u5e84\\u5e02\\u957f\\u5b89\\u533a\\u7b2c46\\u8857\\u9053\\u7b2c454\\u53f7\",\"zip\":675200,\"contact_name\":\"\\u970d\\u79c0\\u534e\",\"contact_phone\":\"17005557734\"}', '12988.36', 'Ratione nobis rerum sit dicta temporibus quae.', '2019-05-18 12:10:14', '17', 'wechat', 'a8622c05-ea9a-3408-99f8-34c0f70d8f45', 'pending', null, '0', '1', 'received', '{\"express_company\":\"\\u96e8\\u6797\\u6728\\u98ce\\u8ba1\\u7b97\\u673a\\u4f20\\u5a92\\u6709\\u9650\\u516c\\u53f8\",\"express_no\":\"4b74a6fa-2acb-324e-afa0-c5f633173486\"}', '[]', '2019-06-14 10:41:27', '2019-06-14 10:41:30');
INSERT INTO `orders` VALUES ('81', 'normal', '20190614104127625757', '50', '{\"address\":\"\\u6cb3\\u5317\\u7701\\u77f3\\u5bb6\\u5e84\\u5e02\\u957f\\u5b89\\u533a\\u7b2c50\\u8857\\u9053\\u7b2c39\\u53f7\",\"zip\":667600,\"contact_name\":\"\\u626c\\u6587\",\"contact_phone\":\"13063890464\"}', '22635.69', 'Porro perspiciatis reiciendis qui est.', '2019-06-10 03:58:39', '17', 'alipay', '654fbcff-5d1f-3bdb-88cc-e3a1e5804ee3', 'pending', null, '0', '0', 'pending', null, '[]', '2019-06-14 10:41:27', '2019-06-14 10:41:30');
INSERT INTO `orders` VALUES ('82', 'normal', '20190614104127158594', '35', '{\"address\":\"\\u6c5f\\u82cf\\u7701\\u82cf\\u5dde\\u5e02\\u76f8\\u57ce\\u533a\\u7b2c32\\u8857\\u9053\\u7b2c391\\u53f7\",\"zip\":634900,\"contact_name\":\"\\u8d3a\\u6ce2\",\"contact_phone\":\"17084810965\"}', '19976.00', 'Aut nulla nesciunt et exercitationem rerum.', '2019-06-08 22:56:36', null, 'alipay', '34e4902d-6816-38c2-a0a1-d375f96c48db', 'success', 'c1e40b28a0f348e18163b1d4e40a0c0e', '0', '1', 'pending', null, '{\"refund_reason\":\"In rerum atque quia itaque.\"}', '2019-06-14 10:41:27', '2019-06-14 10:41:30');
INSERT INTO `orders` VALUES ('83', 'normal', '20190614104127168126', '19', '{\"address\":\"\\u5e7f\\u4e1c\\u7701\\u6df1\\u5733\\u5e02\\u798f\\u7530\\u533a\\u7b2c29\\u8857\\u9053\\u7b2c823\\u53f7\",\"zip\":741500,\"contact_name\":\"\\u5de9\\u9896\",\"contact_phone\":\"14534312900\"}', '17831.00', 'Nisi temporibus dolorem sapiente enim.', '2019-05-21 06:02:02', null, 'wechat', '83449bb6-ddba-3723-9d60-bb513e0b28cd', 'pending', null, '0', '1', 'delivered', '{\"express_company\":\"\\u7ef4\\u6d9b\\u4fe1\\u606f\\u6709\\u9650\\u516c\\u53f8\",\"express_no\":\"348ce7bf-4008-3ab6-8097-863f4563d067\"}', '[]', '2019-06-14 10:41:27', '2019-06-14 10:41:30');
INSERT INTO `orders` VALUES ('84', 'normal', '20190614104127733834', '83', '{\"address\":\"\\u5317\\u4eac\\u5e02\\u5e02\\u8f96\\u533a\\u4e1c\\u57ce\\u533a\\u7b2c76\\u8857\\u9053\\u7b2c161\\u53f7\",\"zip\":214700,\"contact_name\":\"\\u8584\\u6587\",\"contact_phone\":\"15896787394\"}', '28585.48', 'Vitae placeat ipsam non explicabo in.', '2019-06-09 08:25:18', '17', 'alipay', 'f4d949ee-4c99-3d58-bc66-c4c9a297894a', 'pending', null, '0', '1', 'received', '{\"express_company\":\"\\u6602\\u6b4c\\u4fe1\\u606f\\u7f51\\u7edc\\u6709\\u9650\\u516c\\u53f8\",\"express_no\":\"5b547918-bb9b-35e1-ac63-18e437630c6e\"}', '[]', '2019-06-14 10:41:27', '2019-06-14 10:41:30');
INSERT INTO `orders` VALUES ('85', 'normal', '20190614104127200583', '61', '{\"address\":\"\\u6cb3\\u5317\\u7701\\u77f3\\u5bb6\\u5e84\\u5e02\\u957f\\u5b89\\u533a\\u7b2c50\\u8857\\u9053\\u7b2c39\\u53f7\",\"zip\":667600,\"contact_name\":\"\\u626c\\u6587\",\"contact_phone\":\"13063890464\"}', '70060.00', 'Itaque voluptatibus dolore sed et esse.', '2019-05-17 06:38:53', null, 'alipay', '8e84fb65-1134-3568-bbdf-dfc892777062', 'pending', null, '0', '1', 'delivered', '{\"express_company\":\"\\u83ca\\u98ce\\u516c\\u53f8\\u7f51\\u7edc\\u6709\\u9650\\u516c\\u53f8\",\"express_no\":\"ec9feb87-7e1d-3f33-b1c1-803fa0ebd661\"}', '[]', '2019-06-14 10:41:27', '2019-06-14 10:41:30');
INSERT INTO `orders` VALUES ('86', 'normal', '20190614104127440266', '31', '{\"address\":\"\\u5317\\u4eac\\u5e02\\u5e02\\u8f96\\u533a\\u4e1c\\u57ce\\u533a\\u7b2c92\\u8857\\u9053\\u7b2c88\\u53f7\",\"zip\":125000,\"contact_name\":\"\\u9f99\\u6587\\u5f6c\",\"contact_phone\":\"15109644830\"}', '6393.00', 'Perferendis tempore iste et.', '2019-05-22 05:16:14', null, 'wechat', 'd182d798-5e80-3a09-8eae-85060e0edc8e', 'success', '14aa4200fcaf41bd91736ff3da17d77e', '0', '1', 'delivered', '{\"express_company\":\"\\u5170\\u91d1\\u7535\\u5b50\\u4fe1\\u606f\\u6709\\u9650\\u516c\\u53f8\",\"express_no\":\"b6e250b5-a69a-38dd-9f43-38a0f727c40a\"}', '{\"refund_reason\":\"Dolor quis aut sint omnis praesentium sunt expedita.\"}', '2019-06-14 10:41:28', '2019-06-14 10:41:30');
INSERT INTO `orders` VALUES ('87', 'normal', '20190614104128728678', '23', '{\"address\":\"\\u6c5f\\u82cf\\u7701\\u82cf\\u5dde\\u5e02\\u76f8\\u57ce\\u533a\\u7b2c86\\u8857\\u9053\\u7b2c11\\u53f7\",\"zip\":314400,\"contact_name\":\"\\u5173\\u4e3d\\u4e3d\",\"contact_phone\":\"15251135356\"}', '17229.00', 'Facere ullam cupiditate quo similique asperiores explicabo.', '2019-06-05 08:27:18', null, 'alipay', '673854b5-07e8-3038-8c78-a25a7d3e245c', 'pending', null, '0', '0', 'delivered', '{\"express_company\":\"\\u592a\\u6781\\u4f20\\u5a92\\u6709\\u9650\\u516c\\u53f8\",\"express_no\":\"4cc89e6c-4071-3edf-9a45-f768ea2873a2\"}', '[]', '2019-06-14 10:41:28', '2019-06-14 10:41:30');
INSERT INTO `orders` VALUES ('88', 'normal', '20190614104128895550', '52', '{\"address\":\"\\u6cb3\\u5317\\u7701\\u77f3\\u5bb6\\u5e84\\u5e02\\u957f\\u5b89\\u533a\\u7b2c28\\u8857\\u9053\\u7b2c250\\u53f7\",\"zip\":696100,\"contact_name\":\"\\u6797\\u5b50\\u5b89\",\"contact_phone\":\"13891806995\"}', '6037.00', 'Sunt blanditiis nihil iste aut labore alias.', '2019-05-22 01:33:21', null, 'alipay', '40789341-2ddc-3b1b-aabc-30604e2f3bb5', 'pending', null, '0', '1', 'delivered', '{\"express_company\":\"\\u9ec4\\u77f3\\u91d1\\u627f\\u79d1\\u6280\\u6709\\u9650\\u516c\\u53f8\",\"express_no\":\"c693102d-a9f8-32fe-9f33-e58aa3830cd0\"}', '[]', '2019-06-14 10:41:28', '2019-06-14 10:41:30');
INSERT INTO `orders` VALUES ('89', 'normal', '20190614104128513278', '45', '{\"address\":\"\\u5317\\u4eac\\u5e02\\u5e02\\u8f96\\u533a\\u4e1c\\u57ce\\u533a\\u7b2c36\\u8857\\u9053\\u7b2c126\\u53f7\",\"zip\":596700,\"contact_name\":\"\\u53f6\\u79c0\\u82f1\",\"contact_phone\":\"13683967907\"}', '34605.00', 'Nisi natus et cumque hic ad.', '2019-05-24 01:32:09', null, 'alipay', '60e64fbb-a1ef-3637-8992-861c65f83ecf', 'pending', null, '0', '1', 'delivered', '{\"express_company\":\"\\u96e8\\u6797\\u6728\\u98ce\\u8ba1\\u7b97\\u673a\\u4fe1\\u606f\\u6709\\u9650\\u516c\\u53f8\",\"express_no\":\"5beaf0c2-fe2c-3499-8c02-88e7094d0005\"}', '[]', '2019-06-14 10:41:28', '2019-06-14 10:41:30');
INSERT INTO `orders` VALUES ('90', 'normal', '20190614104128163008', '73', '{\"address\":\"\\u5e7f\\u4e1c\\u7701\\u6df1\\u5733\\u5e02\\u798f\\u7530\\u533a\\u7b2c81\\u8857\\u9053\\u7b2c254\\u53f7\",\"zip\":794000,\"contact_name\":\"\\u67e5\\u5fd7\\u52c7\",\"contact_phone\":\"15140645371\"}', '38916.00', 'In quas consectetur dicta cum labore enim dicta.', '2019-05-22 06:30:41', null, 'wechat', '0ce439ce-ebaa-381b-bc32-bbeb2259bc53', 'pending', null, '0', '1', 'delivered', '{\"express_company\":\"\\u9e3f\\u777f\\u601d\\u535a\\u7f51\\u7edc\\u6709\\u9650\\u516c\\u53f8\",\"express_no\":\"a97cd524-d4b1-341f-bae0-9ae8e700c2ba\"}', '[]', '2019-06-14 10:41:28', '2019-06-14 10:41:30');
INSERT INTO `orders` VALUES ('91', 'normal', '20190614104128517820', '8', '{\"address\":\"\\u6c5f\\u82cf\\u7701\\u82cf\\u5dde\\u5e02\\u76f8\\u57ce\\u533a\\u7b2c42\\u8857\\u9053\\u7b2c181\\u53f7\",\"zip\":725300,\"contact_name\":\"\\u94b1\\u7433\",\"contact_phone\":\"15589137925\"}', '53114.00', 'Voluptas hic qui qui ad est aut.', '2019-05-16 21:32:44', null, 'wechat', '91f14510-06bf-370a-ae31-c4a9466da947', 'pending', null, '0', '0', 'received', '{\"express_company\":\"\\u4e07\\u8fc5\\u7535\\u8111\\u4fe1\\u606f\\u6709\\u9650\\u516c\\u53f8\",\"express_no\":\"589a1b61-e7fc-36dd-8b7c-93003c9e1f6f\"}', '[]', '2019-06-14 10:41:28', '2019-06-14 10:41:30');
INSERT INTO `orders` VALUES ('92', 'normal', '20190614104128444898', '91', '{\"address\":\"\\u5e7f\\u4e1c\\u7701\\u6df1\\u5733\\u5e02\\u798f\\u7530\\u533a\\u7b2c26\\u8857\\u9053\\u7b2c896\\u53f7\",\"zip\":486100,\"contact_name\":\"\\u5510\\u840d\",\"contact_phone\":\"13654620585\"}', '25437.00', 'Id magni qui et praesentium sit earum voluptatem.', '2019-05-21 11:59:14', null, 'wechat', 'f283d639-e46a-3692-a53f-d06971a5b880', 'pending', null, '0', '1', 'pending', null, '[]', '2019-06-14 10:41:28', '2019-06-14 10:41:30');
INSERT INTO `orders` VALUES ('93', 'normal', '20190614104128034851', '65', '{\"address\":\"\\u5317\\u4eac\\u5e02\\u5e02\\u8f96\\u533a\\u4e1c\\u57ce\\u533a\\u7b2c92\\u8857\\u9053\\u7b2c88\\u53f7\",\"zip\":125000,\"contact_name\":\"\\u9f99\\u6587\\u5f6c\",\"contact_phone\":\"15109644830\"}', '3658.00', 'Dolorum occaecati ut et debitis ea minima.', '2019-05-20 03:38:21', null, 'wechat', '7b384d46-7fd1-3072-82e1-50b22758a9ce', 'pending', null, '0', '1', 'delivered', '{\"express_company\":\"\\u946b\\u535a\\u817e\\u98de\\u79d1\\u6280\\u6709\\u9650\\u516c\\u53f8\",\"express_no\":\"697b8e11-d12f-3426-9267-96b447c21ecd\"}', '[]', '2019-06-14 10:41:28', '2019-06-14 10:41:30');
INSERT INTO `orders` VALUES ('94', 'normal', '20190614104128512620', '58', '{\"address\":\"\\u6c5f\\u82cf\\u7701\\u82cf\\u5dde\\u5e02\\u76f8\\u57ce\\u533a\\u7b2c92\\u8857\\u9053\\u7b2c565\\u53f7\",\"zip\":374100,\"contact_name\":\"\\u5510\\u6167\",\"contact_phone\":\"13058321002\"}', '58429.91', 'Quibusdam laudantium sed rerum tempore laboriosam repellat.', '2019-06-05 12:51:36', '17', 'alipay', '51f54426-3587-398a-8d03-0a30adcacb3d', 'pending', null, '0', '0', 'delivered', '{\"express_company\":\"\\u76df\\u65b0\\u4f20\\u5a92\\u6709\\u9650\\u516c\\u53f8\",\"express_no\":\"01c993c8-c591-35dd-abab-d53f92571ab6\"}', '[]', '2019-06-14 10:41:28', '2019-06-14 10:41:30');
INSERT INTO `orders` VALUES ('95', 'normal', '20190614104128460104', '61', '{\"address\":\"\\u5317\\u4eac\\u5e02\\u5e02\\u8f96\\u533a\\u4e1c\\u57ce\\u533a\\u7b2c85\\u8857\\u9053\\u7b2c980\\u53f7\",\"zip\":267600,\"contact_name\":\"\\u8d39\\u8d85\",\"contact_phone\":\"13103105903\"}', '16618.14', 'Labore sit et est voluptatem.', '2019-05-20 06:13:53', '17', 'wechat', 'b8b99b93-b749-3e2f-a065-410dd9bd35a7', 'pending', null, '0', '0', 'received', '{\"express_company\":\"\\u534e\\u6cf0\\u901a\\u5b89\\u4f20\\u5a92\\u6709\\u9650\\u516c\\u53f8\",\"express_no\":\"e6df4c34-b5f4-3e4f-9a30-cb4c12ba7260\"}', '[]', '2019-06-14 10:41:28', '2019-06-14 10:41:31');
INSERT INTO `orders` VALUES ('96', 'normal', '20190614104128222162', '81', '{\"address\":\"\\u6cb3\\u5317\\u7701\\u77f3\\u5bb6\\u5e84\\u5e02\\u957f\\u5b89\\u533a\\u7b2c73\\u8857\\u9053\\u7b2c394\\u53f7\",\"zip\":461800,\"contact_name\":\"\\u5189\\u971e\",\"contact_phone\":\"18292843401\"}', '1439.13', 'Odit quia possimus accusamus aliquid ipsam ut nisi.', '2019-05-29 19:49:07', '17', 'wechat', '05e23a1f-a37e-3ce3-b851-a85ddbaabdb0', 'pending', null, '0', '1', 'delivered', '{\"express_company\":\"\\u8944\\u6a0a\\u5730\\u7403\\u6751\\u4fe1\\u606f\\u6709\\u9650\\u516c\\u53f8\",\"express_no\":\"f353ed20-faf4-3915-8287-bf9800f0a2cb\"}', '[]', '2019-06-14 10:41:28', '2019-06-14 10:41:31');
INSERT INTO `orders` VALUES ('97', 'normal', '20190614104128027547', '1', '{\"address\":\"\\u6c5f\\u82cf\\u7701\\u82cf\\u5dde\\u5e02\\u76f8\\u57ce\\u533a\\u7b2c92\\u8857\\u9053\\u7b2c565\\u53f7\",\"zip\":374100,\"contact_name\":\"\\u5510\\u6167\",\"contact_phone\":\"13058321002\"}', '22876.70', 'Quo soluta vitae eligendi veritatis.', '2019-05-21 16:48:24', '17', 'alipay', '8903fd33-c464-3f69-a357-a71c1ba9db8d', 'pending', null, '0', '1', 'received', '{\"express_company\":\"\\u5929\\u76ca\\u4f20\\u5a92\\u6709\\u9650\\u516c\\u53f8\",\"express_no\":\"cd3a3cba-7551-34d9-8f0d-2bd58561c4cc\"}', '[]', '2019-06-14 10:41:28', '2019-06-14 10:41:31');
INSERT INTO `orders` VALUES ('98', 'normal', '20190614104128222586', '53', '{\"address\":\"\\u5e7f\\u4e1c\\u7701\\u6df1\\u5733\\u5e02\\u798f\\u7530\\u533a\\u7b2c22\\u8857\\u9053\\u7b2c791\\u53f7\",\"zip\":408200,\"contact_name\":\"\\u6a0a\\u5fd7\\u6587\",\"contact_phone\":\"17185851177\"}', '36550.00', 'Molestiae alias voluptatem maxime.', '2019-05-20 08:58:26', null, 'wechat', 'b769ba53-3b94-3fbd-ad7b-8addd7e4cf5a', 'pending', null, '0', '0', 'delivered', '{\"express_company\":\"\\u6570\\u5b57100\\u4f20\\u5a92\\u6709\\u9650\\u516c\\u53f8\",\"express_no\":\"fbfd9c68-2abd-3f77-94ef-2a8e6112a92e\"}', '[]', '2019-06-14 10:41:28', '2019-06-14 10:41:31');
INSERT INTO `orders` VALUES ('99', 'normal', '20190614104128934297', '62', '{\"address\":\"\\u6c5f\\u82cf\\u7701\\u82cf\\u5dde\\u5e02\\u76f8\\u57ce\\u533a\\u7b2c14\\u8857\\u9053\\u7b2c673\\u53f7\",\"zip\":193000,\"contact_name\":\"\\u67ef\\u5e06\",\"contact_phone\":\"17673052701\"}', '81534.00', 'Labore rem incidunt amet quas necessitatibus molestiae nihil blanditiis.', '2019-05-26 09:58:19', null, 'alipay', '9374db22-d02b-3e5b-a986-71d454463f17', 'pending', null, '0', '1', 'received', '{\"express_company\":\"\\u8bfa\\u4f9d\\u66fc\\u8f6f\\u4ef6\\u79d1\\u6280\\u6709\\u9650\\u516c\\u53f8\",\"express_no\":\"7e0f1268-c34e-3909-a55e-04132dbf6192\"}', '[]', '2019-06-14 10:41:28', '2019-06-14 10:41:31');
INSERT INTO `orders` VALUES ('100', 'normal', '20190614104128224753', '38', '{\"address\":\"\\u5317\\u4eac\\u5e02\\u5e02\\u8f96\\u533a\\u4e1c\\u57ce\\u533a\\u7b2c16\\u8857\\u9053\\u7b2c372\\u53f7\",\"zip\":202500,\"contact_name\":\"\\u53e4\\u5c0f\\u7ea2\",\"contact_phone\":\"13860089639\"}', '64946.00', 'Mollitia aut pariatur aut amet qui libero.', '2019-05-27 23:11:02', null, 'alipay', 'dcd147b8-bddc-3777-b6c6-4ae66d342e3c', 'pending', null, '0', '0', 'delivered', '{\"express_company\":\"\\u65b0\\u5b87\\u9f99\\u4fe1\\u606f\\u7f51\\u7edc\\u6709\\u9650\\u516c\\u53f8\",\"express_no\":\"c672c0ce-efc9-3045-9bc2-aee20f82d28b\"}', '[]', '2019-06-14 10:41:28', '2019-06-14 10:41:31');
INSERT INTO `orders` VALUES ('101', 'normal', '20190617015813305757', '101', '{\"address\":\"\\u5e7f\\u4e1c\\u7701\\u6df1\\u5733\\u5e02\\u5b9d\\u5b89\\u533a\\u897f\\u4e61\\u8857\\u9053\\u5357\\u660c\\u65b0\\u6751\",\"zip\":602700,\"contact_name\":\"\\u5c0f\\u6c6a\",\"contact_phone\":\"13058789211\"}', '727.00', null, null, '7', null, null, 'pending', null, '0', '0', 'pending', null, null, '2019-06-17 01:58:13', '2019-06-17 01:58:13');
INSERT INTO `orders` VALUES ('102', 'normal', '20190619042612425230', '101', '{\"address\":\"\\u5e7f\\u4e1c\\u7701\\u6df1\\u5733\\u5e02\\u5b9d\\u5b89\\u533a\\u897f\\u4e61\\u8857\\u9053\\u5357\\u660c\\u65b0\\u6751\",\"zip\":602700,\"contact_name\":\"\\u5c0f\\u6c6a\",\"contact_phone\":\"13058789211\"}', '3200.00', '', null, null, null, null, 'pending', null, '0', '0', 'pending', null, null, '2019-06-19 04:26:12', '2019-06-19 04:26:12');
INSERT INTO `orders` VALUES ('103', 'crowdfunding', '20190619073756469893', '101', '{\"address\":\"\\u5e7f\\u4e1c\\u7701\\u6df1\\u5733\\u5e02\\u5b9d\\u5b89\\u533a\\u897f\\u4e61\\u8857\\u9053\\u5357\\u660c\\u65b0\\u6751\",\"zip\":602700,\"contact_name\":\"\\u5c0f\\u6c6a\",\"contact_phone\":\"13058789211\"}', '800.00', '', null, null, null, null, 'pending', null, '0', '0', 'pending', null, null, '2019-06-19 07:37:56', '2019-06-19 07:37:56');
INSERT INTO `orders` VALUES ('104', 'crowdfunding', '20190619073923084803', '101', '{\"address\":\"\\u5e7f\\u4e1c\\u7701\\u6df1\\u5733\\u5e02\\u5b9d\\u5b89\\u533a\\u897f\\u4e61\\u8857\\u9053\\u5357\\u660c\\u65b0\\u6751\",\"zip\":602700,\"contact_name\":\"\\u5c0f\\u6c6a\",\"contact_phone\":\"13058789211\"}', '0.00', '', null, null, null, null, 'pending', null, '0', '0', 'pending', null, null, '2019-06-19 07:39:23', '2019-06-19 07:39:23');
INSERT INTO `orders` VALUES ('105', 'crowdfunding', '20190619075152880132', '101', '{\"address\":\"\\u5e7f\\u4e1c\\u7701\\u6df1\\u5733\\u5e02\\u5b9d\\u5b89\\u533a\\u897f\\u4e61\\u8857\\u9053\\u5357\\u660c\\u65b0\\u6751\",\"zip\":602700,\"contact_name\":\"\\u5c0f\\u6c6a\",\"contact_phone\":\"13058789211\"}', '0.01', '', null, null, null, null, 'pending', null, '0', '0', 'pending', null, null, '2019-06-19 07:51:52', '2019-06-19 07:51:52');
INSERT INTO `orders` VALUES ('106', 'crowdfunding', '20190619080152066550', '101', '{\"address\":\"\\u5e7f\\u4e1c\\u7701\\u6df1\\u5733\\u5e02\\u5b9d\\u5b89\\u533a\\u897f\\u4e61\\u8857\\u9053\\u5357\\u660c\\u65b0\\u6751\",\"zip\":602700,\"contact_name\":\"\\u5c0f\\u6c6a\",\"contact_phone\":\"13058789211\"}', '0.01', '', null, null, null, null, 'pending', null, '0', '0', 'pending', null, null, '2019-06-19 08:01:52', '2019-06-19 08:01:52');
INSERT INTO `orders` VALUES ('107', 'crowdfunding', '20190619080243626519', '101', '{\"address\":\"\\u5e7f\\u4e1c\\u7701\\u6df1\\u5733\\u5e02\\u5b9d\\u5b89\\u533a\\u897f\\u4e61\\u8857\\u9053\\u5357\\u660c\\u65b0\\u6751\",\"zip\":602700,\"contact_name\":\"\\u5c0f\\u6c6a\",\"contact_phone\":\"13058789211\"}', '0.00', '', null, null, null, null, 'pending', null, '0', '0', 'pending', null, null, '2019-06-19 08:02:43', '2019-06-19 08:02:43');
INSERT INTO `orders` VALUES ('108', 'normal', '20190626093515198963', '101', '{\"address\":\"\\u5e7f\\u4e1c\\u7701\\u6df1\\u5733\\u5e02\\u5b9d\\u5b89\\u533a\\u897f\\u4e61\\u8857\\u9053\\u5357\\u660c\\u65b0\\u6751\",\"zip\":602700,\"contact_name\":\"\\u5c0f\\u6c6a\",\"contact_phone\":\"13058789211\"}', '374.00', null, null, '15', null, null, 'pending', null, '0', '0', 'pending', null, null, '2019-06-26 09:35:15', '2019-06-26 09:35:15');
INSERT INTO `orders` VALUES ('109', 'seckill', '20190709094805514843', '101', '{\"address\":\"\\u5e7f\\u4e1c\\u7701\\u6df1\\u5733\\u5e02\\u5b9d\\u5b89\\u533a\\u897f\\u4e61\\u8857\\u9053\\u5357\\u660c\\u65b0\\u6751\",\"zip\":602700,\"contact_name\":\"\\u5c0f\\u6c6a\",\"contact_phone\":\"13058789211\"}', '4998.00', '', null, null, null, null, 'pending', null, '0', '0', 'pending', null, null, '2019-07-09 09:48:05', '2019-07-09 09:48:05');

-- ----------------------------
-- Table structure for password_resets
-- ----------------------------
DROP TABLE IF EXISTS `password_resets`;
CREATE TABLE `password_resets` (
  `email` varchar(255) COLLATE utf8mb4_unicode_ci NOT NULL,
  `token` varchar(255) COLLATE utf8mb4_unicode_ci NOT NULL,
  `created_at` timestamp NULL DEFAULT NULL,
  KEY `password_resets_email_index` (`email`)
) ENGINE=InnoDB DEFAULT CHARSET=utf8mb4 COLLATE=utf8mb4_unicode_ci;

-- ----------------------------
-- Records of password_resets
-- ----------------------------

-- ----------------------------
-- Table structure for product_properties
-- ----------------------------
DROP TABLE IF EXISTS `product_properties`;
CREATE TABLE `product_properties` (
  `id` bigint(20) unsigned NOT NULL AUTO_INCREMENT,
  `product_id` bigint(20) unsigned NOT NULL,
  `name` varchar(255) COLLATE utf8mb4_unicode_ci NOT NULL COMMENT '属性名称',
  `value` varchar(255) COLLATE utf8mb4_unicode_ci NOT NULL COMMENT '属性值',
  PRIMARY KEY (`id`),
  KEY `product_properties_product_id_foreign` (`product_id`),
  CONSTRAINT `product_properties_product_id_foreign` FOREIGN KEY (`product_id`) REFERENCES `products` (`id`) ON DELETE CASCADE
) ENGINE=InnoDB AUTO_INCREMENT=43 DEFAULT CHARSET=utf8mb4 COLLATE=utf8mb4_unicode_ci;

-- ----------------------------
-- Records of product_properties
-- ----------------------------
INSERT INTO `product_properties` VALUES ('1', '63', '品牌手机', 'Apple/iPhone X');
INSERT INTO `product_properties` VALUES ('2', '63', '机身颜色', '黑色');
INSERT INTO `product_properties` VALUES ('3', '63', '机身颜色', '金色');
INSERT INTO `product_properties` VALUES ('4', '63', '存储容量', '256G');
INSERT INTO `product_properties` VALUES ('5', '64', '品牌名称', '金士顿');
INSERT INTO `product_properties` VALUES ('6', '64', '内存容量', '8GB');
INSERT INTO `product_properties` VALUES ('7', '64', '传输类型', 'DDR4');
INSERT INTO `product_properties` VALUES ('8', '64', '内存容量', '4GB');
INSERT INTO `product_properties` VALUES ('9', '64', '内存容量', '16GB');
INSERT INTO `product_properties` VALUES ('10', '65', '品牌名称', '威刚');
INSERT INTO `product_properties` VALUES ('11', '65', '传输类型', 'DDR4');
INSERT INTO `product_properties` VALUES ('12', '65', '内存容量', '4GB');
INSERT INTO `product_properties` VALUES ('13', '65', '内存容量', '8GB');
INSERT INTO `product_properties` VALUES ('14', '66', '品牌名称', '金士顿');
INSERT INTO `product_properties` VALUES ('15', '66', '传输类型', 'DDR3');
INSERT INTO `product_properties` VALUES ('16', '66', '内存容量', '4GB');
INSERT INTO `product_properties` VALUES ('17', '66', '内存容量', '8GB');
INSERT INTO `product_properties` VALUES ('18', '67', '品牌名称', '影驰');
INSERT INTO `product_properties` VALUES ('19', '67', '传输类型', 'DDR4');
INSERT INTO `product_properties` VALUES ('20', '67', '内存容量', '8GB');
INSERT INTO `product_properties` VALUES ('21', '67', '内存容量', '16GB');
INSERT INTO `product_properties` VALUES ('22', '68', '品牌名称', '海盗船');
INSERT INTO `product_properties` VALUES ('23', '68', '内存容量', '16GB');
INSERT INTO `product_properties` VALUES ('24', '68', '内存容量', '8GB');
INSERT INTO `product_properties` VALUES ('25', '68', '内存容量', '4GB');
INSERT INTO `product_properties` VALUES ('26', '68', '传输类型', 'DDR4');
INSERT INTO `product_properties` VALUES ('27', '69', '品牌名称', '三星');
INSERT INTO `product_properties` VALUES ('28', '69', '传输类型', 'DDR4');
INSERT INTO `product_properties` VALUES ('29', '69', '内存容量', '8GB');
INSERT INTO `product_properties` VALUES ('30', '69', '内存容量', '16GB');
INSERT INTO `product_properties` VALUES ('31', '70', '机身颜色', '星漾紫');
INSERT INTO `product_properties` VALUES ('32', '70', '机身颜色', '冰原蓝');
INSERT INTO `product_properties` VALUES ('33', '70', '套　　装', '优惠套装1');
INSERT INTO `product_properties` VALUES ('34', '70', '套　　装', '优惠套装2');
INSERT INTO `product_properties` VALUES ('35', '70', '套　　装', '优惠套装3');
INSERT INTO `product_properties` VALUES ('36', '70', '套　　装', '优惠套装4');
INSERT INTO `product_properties` VALUES ('37', '70', '增值保障', '京享无忧2 ￥329');
INSERT INTO `product_properties` VALUES ('38', '70', '增值保障', '碎屏保2年 ￥169');
INSERT INTO `product_properties` VALUES ('39', '70', '增值保障', '原厂电池换 ￥39');
INSERT INTO `product_properties` VALUES ('40', '70', '京东服务', '原厂换屏 ￥159');
INSERT INTO `product_properties` VALUES ('41', '70', '京东服务', '只换不修1年 ￥229');
INSERT INTO `product_properties` VALUES ('42', '70', '京东服务', '数据恢复 ￥39');

-- ----------------------------
-- Table structure for product_skus
-- ----------------------------
DROP TABLE IF EXISTS `product_skus`;
CREATE TABLE `product_skus` (
  `id` bigint(20) unsigned NOT NULL AUTO_INCREMENT,
  `title` varchar(255) COLLATE utf8mb4_unicode_ci NOT NULL COMMENT 'SKU 名称',
  `description` text COLLATE utf8mb4_unicode_ci NOT NULL COMMENT 'SKU 描述',
  `price` decimal(10,2) NOT NULL COMMENT 'SKU 价格',
  `stock` int(10) unsigned NOT NULL COMMENT 'SKU 库存',
  `product_id` bigint(20) unsigned NOT NULL,
  `created_at` timestamp NULL DEFAULT NULL,
  `updated_at` timestamp NULL DEFAULT NULL,
  PRIMARY KEY (`id`),
  KEY `product_skus_product_id_foreign` (`product_id`),
  CONSTRAINT `product_skus_product_id_foreign` FOREIGN KEY (`product_id`) REFERENCES `products` (`id`) ON DELETE CASCADE
) ENGINE=InnoDB AUTO_INCREMENT=208 DEFAULT CHARSET=utf8mb4 COLLATE=utf8mb4_unicode_ci;

-- ----------------------------
-- Records of product_skus
-- ----------------------------
INSERT INTO `product_skus` VALUES ('94', 'nisi', 'Cupiditate maiores ex rerum dolorem.', '8417.00', '41516', '32', '2019-06-18 03:38:07', '2019-06-18 03:38:07');
INSERT INTO `product_skus` VALUES ('95', 'tempora', 'Eos sequi quaerat soluta suscipit.', '9554.00', '27528', '32', '2019-06-18 03:38:07', '2019-06-18 03:38:07');
INSERT INTO `product_skus` VALUES ('96', 'dolores', 'Suscipit quia commodi enim modi.', '9341.00', '31556', '32', '2019-06-18 03:38:07', '2019-06-18 03:38:07');
INSERT INTO `product_skus` VALUES ('97', 'quod', 'Fugiat ut omnis quos totam.', '941.00', '1624', '33', '2019-06-18 03:38:07', '2019-06-18 03:38:07');
INSERT INTO `product_skus` VALUES ('98', 'quisquam', 'Autem vel nesciunt temporibus deserunt commodi totam esse.', '3701.00', '25891', '33', '2019-06-18 03:38:07', '2019-06-18 03:38:07');
INSERT INTO `product_skus` VALUES ('99', 'quasi', 'Architecto et maiores minus saepe illum.', '3788.00', '16189', '33', '2019-06-18 03:38:07', '2019-06-18 03:38:07');
INSERT INTO `product_skus` VALUES ('100', 'mollitia', 'Harum qui similique consequuntur ut numquam nihil suscipit sed.', '5035.00', '81587', '34', '2019-06-18 03:38:07', '2019-06-18 03:38:07');
INSERT INTO `product_skus` VALUES ('101', 'in', 'Autem ad dolorem rem culpa excepturi blanditiis sed.', '4964.00', '52452', '34', '2019-06-18 03:38:07', '2019-06-18 03:38:07');
INSERT INTO `product_skus` VALUES ('102', 'iure', 'Atque quibusdam libero assumenda ea blanditiis porro voluptas.', '9213.00', '25841', '34', '2019-06-18 03:38:07', '2019-06-18 03:38:07');
INSERT INTO `product_skus` VALUES ('103', 'voluptatum', 'Modi hic et qui.', '4407.00', '98948', '35', '2019-06-18 03:38:07', '2019-06-18 03:38:07');
INSERT INTO `product_skus` VALUES ('104', 'dolorem', 'Esse assumenda voluptatem non est labore dicta debitis soluta.', '4777.00', '94569', '35', '2019-06-18 03:38:07', '2019-06-18 03:38:07');
INSERT INTO `product_skus` VALUES ('105', 'in', 'Natus dolorem est aut sit non soluta.', '8946.00', '98152', '35', '2019-06-18 03:38:07', '2019-06-18 03:38:07');
INSERT INTO `product_skus` VALUES ('106', 'facere', 'Accusamus labore maiores debitis ut minima hic.', '3242.00', '11091', '36', '2019-06-18 03:38:07', '2019-06-18 03:38:07');
INSERT INTO `product_skus` VALUES ('107', 'sapiente', 'Molestias ratione qui voluptate.', '3882.00', '82245', '36', '2019-06-18 03:38:07', '2019-06-18 03:38:07');
INSERT INTO `product_skus` VALUES ('108', 'hic', 'Sed debitis nulla incidunt labore.', '8986.00', '82411', '36', '2019-06-18 03:38:07', '2019-06-18 03:38:07');
INSERT INTO `product_skus` VALUES ('109', 'impedit', 'Temporibus distinctio dolores et facere vel ut.', '3840.00', '47982', '37', '2019-06-18 03:38:07', '2019-06-18 03:38:07');
INSERT INTO `product_skus` VALUES ('110', 'veritatis', 'Est omnis dolores delectus nam sint sed eos.', '7176.00', '83893', '37', '2019-06-18 03:38:07', '2019-06-18 03:38:07');
INSERT INTO `product_skus` VALUES ('111', 'dignissimos', 'Ea velit quisquam occaecati officia.', '9455.00', '53074', '37', '2019-06-18 03:38:07', '2019-06-18 03:38:07');
INSERT INTO `product_skus` VALUES ('112', 'et', 'Et dolorem est voluptas aut.', '4139.00', '32761', '38', '2019-06-18 03:38:07', '2019-06-18 03:38:07');
INSERT INTO `product_skus` VALUES ('113', 'voluptates', 'Assumenda natus et sed nobis sed.', '6619.00', '4432', '38', '2019-06-18 03:38:07', '2019-06-18 03:38:07');
INSERT INTO `product_skus` VALUES ('114', 'soluta', 'Voluptatem qui id voluptas nam.', '3611.00', '4638', '38', '2019-06-18 03:38:07', '2019-06-18 03:38:07');
INSERT INTO `product_skus` VALUES ('115', 'dolor', 'Hic incidunt sint tempore cum.', '3127.00', '1604', '39', '2019-06-18 03:38:07', '2019-06-18 03:38:07');
INSERT INTO `product_skus` VALUES ('116', 'placeat', 'Voluptas ut et minima libero delectus omnis.', '3192.00', '81457', '39', '2019-06-18 03:38:07', '2019-06-18 03:38:07');
INSERT INTO `product_skus` VALUES ('117', 'corporis', 'Reprehenderit ea voluptate eos eos quibusdam et perspiciatis sit.', '1854.00', '83784', '39', '2019-06-18 03:38:07', '2019-06-18 03:38:07');
INSERT INTO `product_skus` VALUES ('118', 'aliquam', 'Est nobis occaecati dolor cupiditate.', '1944.00', '19526', '40', '2019-06-18 03:38:07', '2019-06-18 03:38:07');
INSERT INTO `product_skus` VALUES ('119', 'fugiat', 'Mollitia voluptates excepturi laborum esse nesciunt necessitatibus voluptate.', '8077.00', '32944', '40', '2019-06-18 03:38:07', '2019-06-18 03:38:07');
INSERT INTO `product_skus` VALUES ('120', 'reprehenderit', 'Aut dolores et itaque sint non inventore.', '3.00', '23962', '40', '2019-06-18 03:38:07', '2019-06-18 03:38:07');
INSERT INTO `product_skus` VALUES ('121', 'qui', 'Explicabo ratione sequi qui aut tempore in impedit quaerat.', '7252.00', '1890', '41', '2019-06-18 03:38:07', '2019-06-18 03:38:07');
INSERT INTO `product_skus` VALUES ('122', 'maiores', 'Quod quas ullam veniam saepe sed quia harum.', '2516.00', '25637', '41', '2019-06-18 03:38:07', '2019-06-18 03:38:07');
INSERT INTO `product_skus` VALUES ('123', 'ut', 'Et sit odio dicta odio.', '3180.00', '13722', '41', '2019-06-18 03:38:07', '2019-06-18 03:38:07');
INSERT INTO `product_skus` VALUES ('124', 'aut', 'Expedita dolorum aut numquam qui eum est qui.', '8758.00', '35353', '42', '2019-06-18 03:38:07', '2019-06-18 03:38:07');
INSERT INTO `product_skus` VALUES ('125', 'cum', 'Provident dolore consequatur ullam quae voluptates.', '3219.00', '72999', '42', '2019-06-18 03:38:07', '2019-06-18 03:38:07');
INSERT INTO `product_skus` VALUES ('126', 'officiis', 'Aspernatur molestias voluptatem in provident ipsa.', '6955.00', '8899', '42', '2019-06-18 03:38:07', '2019-06-18 03:38:07');
INSERT INTO `product_skus` VALUES ('127', 'impedit', 'Optio nobis expedita repellendus minus pariatur voluptatem.', '4932.00', '7780', '43', '2019-06-18 03:38:07', '2019-06-18 03:38:07');
INSERT INTO `product_skus` VALUES ('128', 'et', 'Perferendis quibusdam suscipit tempore dolor tenetur.', '3129.00', '75781', '43', '2019-06-18 03:38:07', '2019-06-18 03:38:07');
INSERT INTO `product_skus` VALUES ('129', 'aut', 'Quia animi adipisci consequatur rerum ut eum.', '1577.00', '83360', '43', '2019-06-18 03:38:07', '2019-06-18 03:38:07');
INSERT INTO `product_skus` VALUES ('130', 'maiores', 'Non sunt consectetur et.', '2668.00', '17555', '44', '2019-06-18 03:38:07', '2019-06-18 03:38:07');
INSERT INTO `product_skus` VALUES ('131', 'ab', 'Aliquid omnis eum officia est.', '1892.00', '73363', '44', '2019-06-18 03:38:08', '2019-06-18 03:38:08');
INSERT INTO `product_skus` VALUES ('132', 'dolor', 'Commodi omnis ad et tempore sunt.', '4369.00', '24203', '44', '2019-06-18 03:38:08', '2019-06-18 03:38:08');
INSERT INTO `product_skus` VALUES ('133', 'repellendus', 'Ut non libero ut.', '6923.00', '161', '45', '2019-06-18 03:38:08', '2019-06-18 03:38:08');
INSERT INTO `product_skus` VALUES ('134', 'pariatur', 'Odio et commodi et eius itaque veritatis.', '3898.00', '21916', '45', '2019-06-18 03:38:08', '2019-06-18 03:38:08');
INSERT INTO `product_skus` VALUES ('135', 'eos', 'Illum pariatur suscipit corrupti dolores velit ratione magni.', '6730.00', '35709', '45', '2019-06-18 03:38:08', '2019-06-18 03:38:08');
INSERT INTO `product_skus` VALUES ('136', 'aperiam', 'Officiis omnis beatae illo officiis enim veniam ut.', '9441.00', '98405', '46', '2019-06-18 03:38:08', '2019-06-18 03:38:08');
INSERT INTO `product_skus` VALUES ('137', 'commodi', 'Accusamus odit consequatur repellendus deleniti sed.', '4441.00', '41815', '46', '2019-06-18 03:38:08', '2019-06-18 03:38:08');
INSERT INTO `product_skus` VALUES ('138', 'nulla', 'Omnis non saepe eaque assumenda et vel.', '681.00', '70931', '46', '2019-06-18 03:38:08', '2019-06-18 03:38:08');
INSERT INTO `product_skus` VALUES ('139', 'est', 'Necessitatibus sit consequatur voluptates asperiores quia repudiandae sed.', '8753.00', '30767', '47', '2019-06-18 03:38:08', '2019-06-18 03:38:08');
INSERT INTO `product_skus` VALUES ('140', 'itaque', 'Modi non ut nobis illum culpa et nisi.', '7801.00', '52639', '47', '2019-06-18 03:38:08', '2019-06-18 03:38:08');
INSERT INTO `product_skus` VALUES ('141', 'aut', 'Nostrum nihil ducimus ab impedit in culpa.', '6411.00', '5855', '47', '2019-06-18 03:38:08', '2019-06-18 03:38:08');
INSERT INTO `product_skus` VALUES ('142', 'repellat', 'Deleniti dicta reprehenderit ipsa blanditiis ut ducimus.', '9155.00', '12004', '48', '2019-06-18 03:38:08', '2019-06-18 03:38:08');
INSERT INTO `product_skus` VALUES ('143', 'id', 'Voluptates libero excepturi autem expedita et commodi aut.', '4131.00', '10081', '48', '2019-06-18 03:38:08', '2019-06-18 03:38:08');
INSERT INTO `product_skus` VALUES ('144', 'voluptas', 'Facilis voluptas qui ut in et enim repellat.', '8087.00', '72275', '48', '2019-06-18 03:38:08', '2019-06-18 03:38:08');
INSERT INTO `product_skus` VALUES ('145', 'omnis', 'Illo officia possimus dicta expedita.', '5942.00', '37610', '49', '2019-06-18 03:38:08', '2019-06-18 03:38:08');
INSERT INTO `product_skus` VALUES ('146', 'illum', 'Sapiente quis est totam.', '9300.00', '70089', '49', '2019-06-18 03:38:08', '2019-06-18 03:38:08');
INSERT INTO `product_skus` VALUES ('147', 'velit', 'Quia tempore aut non vitae nobis.', '8887.00', '71188', '49', '2019-06-18 03:38:08', '2019-06-18 03:38:08');
INSERT INTO `product_skus` VALUES ('148', 'hic', 'Aliquam repudiandae consequatur deleniti excepturi.', '1268.00', '84926', '50', '2019-06-18 03:38:08', '2019-06-18 03:38:08');
INSERT INTO `product_skus` VALUES ('149', 'officia', 'Impedit autem ab dolores non.', '1434.00', '16806', '50', '2019-06-18 03:38:08', '2019-06-18 03:38:08');
INSERT INTO `product_skus` VALUES ('150', 'atque', 'Dolore quo quo autem perferendis impedit velit sed.', '9179.00', '41950', '50', '2019-06-18 03:38:08', '2019-06-18 03:38:08');
INSERT INTO `product_skus` VALUES ('151', 'assumenda', 'Aut in qui id aut nisi dignissimos esse.', '3672.00', '32082', '51', '2019-06-18 03:38:08', '2019-06-18 03:38:08');
INSERT INTO `product_skus` VALUES ('152', 'eum', 'Impedit consequatur magnam maiores et eos.', '9922.00', '86378', '51', '2019-06-18 03:38:08', '2019-06-18 03:38:08');
INSERT INTO `product_skus` VALUES ('153', 'ducimus', 'Voluptate officia voluptas numquam.', '3962.00', '58363', '51', '2019-06-18 03:38:08', '2019-06-18 03:38:08');
INSERT INTO `product_skus` VALUES ('154', 'et', 'Aut nihil tempora sed aut exercitationem.', '8946.00', '55', '52', '2019-06-18 03:38:08', '2019-06-18 03:38:08');
INSERT INTO `product_skus` VALUES ('155', 'optio', 'Aut velit vero et.', '1804.00', '10121', '52', '2019-06-18 03:38:08', '2019-06-18 03:38:08');
INSERT INTO `product_skus` VALUES ('156', 'dicta', 'Aliquam eligendi saepe aut maiores ut non.', '1629.00', '12899', '52', '2019-06-18 03:38:08', '2019-06-18 03:38:08');
INSERT INTO `product_skus` VALUES ('157', 'cupiditate', 'Voluptas molestiae dolores deleniti aut nihil sit voluptatem.', '8378.00', '38923', '53', '2019-06-18 03:38:08', '2019-06-18 03:38:08');
INSERT INTO `product_skus` VALUES ('158', 'quos', 'Quia dolores itaque ipsum quo officia ut.', '5966.00', '30204', '53', '2019-06-18 03:38:08', '2019-06-18 03:38:08');
INSERT INTO `product_skus` VALUES ('159', 'quod', 'Itaque esse est unde quo voluptatum.', '1492.00', '63161', '53', '2019-06-18 03:38:08', '2019-06-18 03:38:08');
INSERT INTO `product_skus` VALUES ('160', 'iusto', 'Voluptas et rerum sit exercitationem optio at.', '8715.00', '25042', '54', '2019-06-18 03:38:08', '2019-06-18 03:38:08');
INSERT INTO `product_skus` VALUES ('161', 'non', 'Accusantium nihil dolor eos quia velit.', '8266.00', '5347', '54', '2019-06-18 03:38:08', '2019-06-18 03:38:08');
INSERT INTO `product_skus` VALUES ('162', 'quam', 'Doloribus esse sit qui deleniti quas corrupti dolorem.', '1949.00', '1780', '54', '2019-06-18 03:38:08', '2019-06-18 03:38:08');
INSERT INTO `product_skus` VALUES ('163', 'in', 'Aut assumenda debitis quidem accusantium ut.', '502.00', '15483', '55', '2019-06-18 03:38:08', '2019-06-26 09:35:15');
INSERT INTO `product_skus` VALUES ('164', 'omnis', 'Libero dolor doloremque totam rerum.', '2856.00', '18311', '55', '2019-06-18 03:38:08', '2019-06-18 03:38:08');
INSERT INTO `product_skus` VALUES ('165', 'reiciendis', 'Quia ratione distinctio repudiandae tempora error numquam voluptatem.', '9318.00', '72952', '55', '2019-06-18 03:38:08', '2019-06-18 03:38:08');
INSERT INTO `product_skus` VALUES ('166', 'dolores', 'Totam maxime dolorum cumque accusantium.', '3164.00', '4195', '56', '2019-06-18 03:38:08', '2019-06-18 03:38:08');
INSERT INTO `product_skus` VALUES ('167', 'quos', 'Voluptatem quasi quas est perspiciatis.', '7630.00', '77241', '56', '2019-06-18 03:38:08', '2019-06-18 03:38:08');
INSERT INTO `product_skus` VALUES ('168', 'recusandae', 'Porro dolorem totam magnam cumque odit deserunt incidunt.', '9029.00', '88512', '56', '2019-06-18 03:38:08', '2019-06-18 03:38:08');
INSERT INTO `product_skus` VALUES ('169', 'necessitatibus', 'Deleniti in aliquid a magnam debitis.', '5218.00', '28192', '57', '2019-06-18 03:38:08', '2019-06-18 03:38:08');
INSERT INTO `product_skus` VALUES ('170', 'deserunt', 'Voluptas eaque nisi eos ut voluptatum dolor nihil.', '5382.00', '46777', '57', '2019-06-18 03:38:08', '2019-06-18 03:38:08');
INSERT INTO `product_skus` VALUES ('171', 'molestiae', 'Voluptate est qui non et voluptas repellat.', '8270.00', '11447', '57', '2019-06-18 03:38:08', '2019-06-18 03:38:08');
INSERT INTO `product_skus` VALUES ('172', 'ut', 'Voluptas quos debitis dolores sed nihil expedita quasi.', '6788.00', '37529', '58', '2019-06-18 03:38:08', '2019-06-18 03:38:08');
INSERT INTO `product_skus` VALUES ('173', 'cum', 'Et ad saepe est.', '2445.00', '77672', '58', '2019-06-18 03:38:08', '2019-06-18 03:38:08');
INSERT INTO `product_skus` VALUES ('174', 'facilis', 'Nostrum et et ratione.', '2296.00', '23525', '58', '2019-06-18 03:38:08', '2019-06-18 03:38:08');
INSERT INTO `product_skus` VALUES ('175', 'nisi', 'Non amet quia laborum omnis aut unde.', '800.00', '24608', '59', '2019-06-18 03:38:08', '2019-06-18 03:38:08');
INSERT INTO `product_skus` VALUES ('176', 'culpa', 'Suscipit sed sint ipsam.', '3094.00', '506', '59', '2019-06-18 03:38:08', '2019-06-18 03:38:08');
INSERT INTO `product_skus` VALUES ('177', 'voluptatem', 'Quod aut dolorum accusamus fuga nisi sint.', '5559.00', '39509', '59', '2019-06-18 03:38:08', '2019-06-18 03:38:08');
INSERT INTO `product_skus` VALUES ('178', 'aspernatur', 'Eos qui voluptatum tenetur earum distinctio sint.封装代码后是否可行', '5908.00', '45140', '60', '2019-06-18 03:38:08', '2019-06-19 03:12:05');
INSERT INTO `product_skus` VALUES ('179', 'ad', 'Voluptatem ipsa tempora necessitatibus aut.', '2173.00', '37632', '60', '2019-06-18 03:38:08', '2019-06-18 03:38:08');
INSERT INTO `product_skus` VALUES ('180', 'veniam', 'Est odit molestias quia qui ullam.', '7821.00', '12681', '60', '2019-06-18 03:38:08', '2019-06-18 03:38:08');
INSERT INTO `product_skus` VALUES ('182', 'honor/荣耀 畅玩8C全网通4G手机畅玩7C畅玩8X7A 32G', '8c(4+32G)铂光金 假一赔三', '0.01', '191', '62', '2019-06-18 10:53:46', '2019-06-21 09:08:05');
INSERT INTO `product_skus` VALUES ('183', '黑色256G', '黑色256G', '8888.00', '100', '63', '2019-06-28 07:34:18', '2019-06-28 07:34:18');
INSERT INTO `product_skus` VALUES ('184', '金色256G', '金色256G', '8888.00', '100', '63', '2019-06-28 07:34:18', '2019-06-28 07:34:18');
INSERT INTO `product_skus` VALUES ('185', '8GB 黑色', '8GB 2400 DDR4 黑色', '549.00', '999', '64', '2019-07-01 07:13:41', '2019-07-01 07:13:41');
INSERT INTO `product_skus` VALUES ('186', '8GB 绿色', '8GB 2400 DDR4 绿色', '529.00', '999', '64', '2019-07-01 07:13:41', '2019-07-01 07:13:41');
INSERT INTO `product_skus` VALUES ('187', '16GB', '2400 16GB', '1299.00', '999', '64', '2019-07-01 07:13:41', '2019-07-01 07:13:41');
INSERT INTO `product_skus` VALUES ('188', '4GB', '2400 4GB', '399.00', '999', '64', '2019-07-01 07:13:41', '2019-07-01 07:13:41');
INSERT INTO `product_skus` VALUES ('189', '8GB DDR4 2400', '8GB DDR4 2400 XPG单条', '489.00', '999', '65', '2019-07-01 07:13:42', '2019-07-01 07:13:42');
INSERT INTO `product_skus` VALUES ('190', '4GB 万紫千红 DDR4 2133', '4GB 万紫千红 DDR4 2133', '489.00', '999', '65', '2019-07-01 07:13:42', '2019-07-01 07:13:42');
INSERT INTO `product_skus` VALUES ('191', 'DDR3 1600 8G', 'DDR3 1600 8G', '439.00', '999', '66', '2019-07-01 07:13:42', '2019-07-01 07:13:42');
INSERT INTO `product_skus` VALUES ('192', 'DDR3 1600 4G', 'DDR3 1600 4G', '239.00', '999', '66', '2019-07-01 07:13:42', '2019-07-01 07:13:42');
INSERT INTO `product_skus` VALUES ('193', 'DDR3 1333 4G', 'DDR3 1333 4G', '259.00', '999', '66', '2019-07-01 07:13:42', '2019-07-01 07:13:42');
INSERT INTO `product_skus` VALUES ('194', '16GB 3000', '16GB 3000 8GB*2', '1199.00', '999', '67', '2019-07-01 07:13:42', '2019-07-01 07:13:42');
INSERT INTO `product_skus` VALUES ('195', '16GB 3600', '16GB 3600 8GB*2', '1379.00', '999', '67', '2019-07-01 07:13:42', '2019-07-01 07:13:42');
INSERT INTO `product_skus` VALUES ('196', '8GB 2400', '8GB 2400 DDR4', '489.00', '999', '67', '2019-07-01 07:13:42', '2019-07-01 07:13:42');
INSERT INTO `product_skus` VALUES ('197', '8GB 3000', '8GB 3000 DDR4', '519.00', '999', '67', '2019-07-01 07:13:42', '2019-07-01 07:13:42');
INSERT INTO `product_skus` VALUES ('198', 'DDR4 8G 2400', 'DDR4 8G 2400', '519.00', '999', '68', '2019-07-01 07:13:42', '2019-07-01 07:13:42');
INSERT INTO `product_skus` VALUES ('199', 'DDR4 4G 2400', 'DDR4 4G 2400', '359.00', '999', '68', '2019-07-01 07:13:42', '2019-07-01 07:13:42');
INSERT INTO `product_skus` VALUES ('200', 'DDR4 8G*2 2400', 'DDR4 8G*2 2400', '1279.00', '999', '68', '2019-07-01 07:13:42', '2019-07-01 07:13:42');
INSERT INTO `product_skus` VALUES ('201', 'DDR4 16G 2400', 'DDR4 16G 2400', '1279.00', '999', '68', '2019-07-01 07:13:42', '2019-07-01 07:13:42');
INSERT INTO `product_skus` VALUES ('202', 'DDR4 2400 8G', 'DDR4 2400 8G', '539.00', '999', '69', '2019-07-01 07:13:42', '2019-07-01 07:13:42');
INSERT INTO `product_skus` VALUES ('203', 'DDR4 2133 8G', 'DDR4 2133 8G', '539.00', '999', '69', '2019-07-01 07:13:42', '2019-07-01 07:13:42');
INSERT INTO `product_skus` VALUES ('204', 'DDR4 2666 8G', 'DDR4 2666 8G', '589.00', '999', '69', '2019-07-01 07:13:42', '2019-07-01 07:13:42');
INSERT INTO `product_skus` VALUES ('205', 'DDR4 2400 16G', 'DDR4 2400 16G', '1199.00', '999', '69', '2019-07-01 07:13:42', '2019-07-01 07:13:42');
INSERT INTO `product_skus` VALUES ('206', '冰原蓝', 'vivo NEX 双屏版 AI三摄 游戏手机 10GB+128GB', '4998.00', '200', '70', '2019-07-05 10:23:17', '2019-07-05 10:23:17');
INSERT INTO `product_skus` VALUES ('207', '星漾紫', 'vivo NEX 双屏版 AI三摄 游戏手机 10GB+128GB', '4998.00', '99', '70', '2019-07-05 10:23:17', '2019-07-09 09:48:05');

-- ----------------------------
-- Table structure for products
-- ----------------------------
DROP TABLE IF EXISTS `products`;
CREATE TABLE `products` (
  `id` bigint(20) unsigned NOT NULL AUTO_INCREMENT,
  `type` varchar(255) COLLATE utf8mb4_unicode_ci NOT NULL DEFAULT 'normal',
  `category_id` bigint(20) unsigned DEFAULT NULL,
  `title` varchar(255) COLLATE utf8mb4_unicode_ci NOT NULL COMMENT '商品名称',
  `long_title` varchar(255) COLLATE utf8mb4_unicode_ci NOT NULL COMMENT '商品长标题',
  `description` text COLLATE utf8mb4_unicode_ci NOT NULL COMMENT '商品详情',
  `image` varchar(255) COLLATE utf8mb4_unicode_ci NOT NULL COMMENT '商品封面图片文件路径',
  `on_sale` tinyint(1) NOT NULL DEFAULT '1' COMMENT '在售',
  `rating` double(8,2) NOT NULL DEFAULT '5.00' COMMENT '评分',
  `sold_count` int(10) unsigned NOT NULL DEFAULT '0' COMMENT '销量',
  `review_count` int(10) unsigned NOT NULL DEFAULT '0' COMMENT '评价数量',
  `price` decimal(10,2) NOT NULL COMMENT 'SKU 最低价格',
  `created_at` timestamp NULL DEFAULT NULL,
  `updated_at` timestamp NULL DEFAULT NULL,
  PRIMARY KEY (`id`),
  KEY `products_category_id_foreign` (`category_id`),
  KEY `products_type_index` (`type`),
  CONSTRAINT `products_category_id_foreign` FOREIGN KEY (`category_id`) REFERENCES `categories` (`id`) ON DELETE SET NULL
) ENGINE=InnoDB AUTO_INCREMENT=71 DEFAULT CHARSET=utf8mb4 COLLATE=utf8mb4_unicode_ci;

-- ----------------------------
-- Records of products
-- ----------------------------
INSERT INTO `products` VALUES ('32', 'normal', '21', 'nihil', '', 'Officia qui numquam veritatis earum doloribus ratione.', 'https://iocaffcdn.phphub.org/uploads/images/201806/01/5320/82Wf2sg8gM.jpg', '1', '5.00', '0', '0', '8417.00', '2019-06-18 03:38:07', '2019-06-18 03:38:07');
INSERT INTO `products` VALUES ('33', 'normal', '25', 'ab', '', 'Aut ut sapiente eligendi recusandae autem.', 'https://iocaffcdn.phphub.org/uploads/images/201806/01/5320/C0bVuKB2nt.jpg', '1', '1.00', '0', '0', '941.00', '2019-06-18 03:38:07', '2019-06-18 03:38:07');
INSERT INTO `products` VALUES ('34', 'normal', '15', 'aut', '', 'Sed impedit praesentium voluptas aperiam autem.', 'https://iocaffcdn.phphub.org/uploads/images/201806/01/5320/nIvBAQO5Pj.jpg', '1', '0.00', '0', '0', '4964.00', '2019-06-18 03:38:07', '2019-06-18 03:38:07');
INSERT INTO `products` VALUES ('35', 'normal', '25', 'mollitia', '', 'A maxime ab beatae nam.', 'https://iocaffcdn.phphub.org/uploads/images/201806/01/5320/uYEHCJ1oRp.jpg', '1', '4.00', '0', '0', '4407.00', '2019-06-18 03:38:07', '2019-06-18 03:38:07');
INSERT INTO `products` VALUES ('36', 'normal', '11', 'temporibus', '', 'Libero perspiciatis ex eos reiciendis.', 'https://iocaffcdn.phphub.org/uploads/images/201806/01/5320/82Wf2sg8gM.jpg', '1', '2.00', '0', '0', '3242.00', '2019-06-18 03:38:07', '2019-06-18 03:38:07');
INSERT INTO `products` VALUES ('37', 'normal', '12', 'dolore', '', 'Et velit a quaerat rerum.', 'https://iocaffcdn.phphub.org/uploads/images/201806/01/5320/2JMRaFwRpo.jpg', '1', '5.00', '0', '0', '3840.00', '2019-06-18 03:38:07', '2019-06-18 03:38:07');
INSERT INTO `products` VALUES ('38', 'normal', '5', 'consequuntur', '', 'Repellendus et nisi ad hic ipsum odit nostrum.', 'https://iocaffcdn.phphub.org/uploads/images/201806/01/5320/XrtIwzrxj7.jpg', '1', '1.00', '0', '0', '3611.00', '2019-06-18 03:38:07', '2019-06-18 03:38:07');
INSERT INTO `products` VALUES ('39', 'normal', '3', 'non', '', 'Porro aut ipsum a neque nobis voluptatem molestias molestiae.', 'https://iocaffcdn.phphub.org/uploads/images/201806/01/5320/2JMRaFwRpo.jpg', '1', '1.00', '0', '0', '1854.00', '2019-06-18 03:38:07', '2019-06-18 03:38:07');
INSERT INTO `products` VALUES ('40', 'normal', '22', 'autem', '', 'Aut non molestias voluptatem similique soluta nisi fugit quia.', 'https://iocaffcdn.phphub.org/uploads/images/201806/01/5320/pa7DrV43Mw.jpg', '1', '0.00', '0', '0', '3.00', '2019-06-18 03:38:07', '2019-06-18 03:38:07');
INSERT INTO `products` VALUES ('41', 'normal', '2', 'quod', '', 'Blanditiis sunt et quo laudantium.', 'https://iocaffcdn.phphub.org/uploads/images/201806/01/5320/uYEHCJ1oRp.jpg', '1', '3.00', '0', '0', '2516.00', '2019-06-18 03:38:07', '2019-06-18 03:38:07');
INSERT INTO `products` VALUES ('42', 'normal', '20', 'corporis', '', 'Temporibus doloribus blanditiis harum dolorem ut consectetur quo.', 'https://iocaffcdn.phphub.org/uploads/images/201806/01/5320/uYEHCJ1oRp.jpg', '1', '1.00', '0', '0', '3219.00', '2019-06-18 03:38:07', '2019-06-18 03:38:07');
INSERT INTO `products` VALUES ('43', 'normal', '11', 'corrupti', '', 'Qui quia iure sapiente ullam qui.', 'https://iocaffcdn.phphub.org/uploads/images/201806/01/5320/1B3n0ATKrn.jpg', '1', '5.00', '0', '0', '1577.00', '2019-06-18 03:38:07', '2019-06-18 03:38:07');
INSERT INTO `products` VALUES ('44', 'normal', '21', 'cupiditate', '', 'Ut ab neque non et.', 'https://iocaffcdn.phphub.org/uploads/images/201806/01/5320/2JMRaFwRpo.jpg', '1', '2.00', '0', '0', '1892.00', '2019-06-18 03:38:07', '2019-06-18 03:38:08');
INSERT INTO `products` VALUES ('45', 'normal', '14', 'occaecati', '', 'Distinctio sit odio voluptas maxime dolor quisquam nobis qui.', 'https://iocaffcdn.phphub.org/uploads/images/201806/01/5320/XrtIwzrxj7.jpg', '1', '2.00', '0', '0', '3898.00', '2019-06-18 03:38:07', '2019-06-18 03:38:08');
INSERT INTO `products` VALUES ('46', 'normal', '22', 'et', '', 'Illum consequuntur quasi sapiente maxime deserunt est omnis.', 'https://iocaffcdn.phphub.org/uploads/images/201806/01/5320/uYEHCJ1oRp.jpg', '1', '1.00', '0', '0', '681.00', '2019-06-18 03:38:07', '2019-06-18 03:38:08');
INSERT INTO `products` VALUES ('47', 'normal', '19', 'dolor', '', 'Reiciendis dolores voluptatem dolorum ad.', 'https://iocaffcdn.phphub.org/uploads/images/201806/01/5320/pa7DrV43Mw.jpg', '1', '5.00', '0', '0', '6411.00', '2019-06-18 03:38:07', '2019-06-18 03:38:08');
INSERT INTO `products` VALUES ('48', 'normal', '12', 'omnis', '', 'Sint voluptatem qui beatae quasi molestias est dolores.', 'https://iocaffcdn.phphub.org/uploads/images/201806/01/5320/2JMRaFwRpo.jpg', '1', '2.00', '0', '0', '4131.00', '2019-06-18 03:38:07', '2019-06-18 03:38:08');
INSERT INTO `products` VALUES ('49', 'normal', '9', 'est', '', 'Atque voluptate voluptas ex aliquid libero.', 'https://iocaffcdn.phphub.org/uploads/images/201806/01/5320/XrtIwzrxj7.jpg', '1', '4.00', '0', '0', '5942.00', '2019-06-18 03:38:07', '2019-06-18 03:38:08');
INSERT INTO `products` VALUES ('50', 'normal', '12', 'earum', '', 'Animi ipsam quod earum placeat qui.', 'https://iocaffcdn.phphub.org/uploads/images/201806/01/5320/pa7DrV43Mw.jpg', '1', '3.00', '0', '0', '1268.00', '2019-06-18 03:38:07', '2019-06-18 03:38:08');
INSERT INTO `products` VALUES ('51', 'normal', '25', 'ab', '', 'Itaque eligendi praesentium blanditiis cupiditate.', 'https://iocaffcdn.phphub.org/uploads/images/201806/01/5320/1B3n0ATKrn.jpg', '1', '1.00', '0', '0', '3672.00', '2019-06-18 03:38:07', '2019-06-18 03:38:08');
INSERT INTO `products` VALUES ('52', 'normal', '18', 'id', '', 'Et dolores doloremque dolorem et perferendis quod.', 'https://iocaffcdn.phphub.org/uploads/images/201806/01/5320/pa7DrV43Mw.jpg', '1', '4.00', '0', '0', '1629.00', '2019-06-18 03:38:07', '2019-06-18 03:38:08');
INSERT INTO `products` VALUES ('53', 'normal', '6', 'ut', '', 'Et beatae earum veritatis ut esse.', 'https://iocaffcdn.phphub.org/uploads/images/201806/01/5320/uYEHCJ1oRp.jpg', '1', '2.00', '0', '0', '1492.00', '2019-06-18 03:38:07', '2019-06-18 03:38:08');
INSERT INTO `products` VALUES ('54', 'normal', '12', 'quo', '', 'Omnis in est tempore in reiciendis.', 'https://iocaffcdn.phphub.org/uploads/images/201806/01/5320/C0bVuKB2nt.jpg', '1', '2.00', '0', '0', '1949.00', '2019-06-18 03:38:07', '2019-06-18 03:38:08');
INSERT INTO `products` VALUES ('55', 'normal', '6', 'id', '', 'Ut soluta omnis ab ut.', 'https://iocaffcdn.phphub.org/uploads/images/201806/01/5320/nIvBAQO5Pj.jpg', '1', '3.00', '0', '0', '502.00', '2019-06-18 03:38:07', '2019-06-18 03:38:08');
INSERT INTO `products` VALUES ('56', 'normal', '4', 'voluptas', '', 'Rem et eos consequatur fugit beatae.', 'https://iocaffcdn.phphub.org/uploads/images/201806/01/5320/XrtIwzrxj7.jpg', '1', '0.00', '0', '0', '3164.00', '2019-06-18 03:38:07', '2019-06-18 03:38:08');
INSERT INTO `products` VALUES ('57', 'normal', '27', 'velit', '', 'Qui facilis qui est qui at id consectetur.', 'https://iocaffcdn.phphub.org/uploads/images/201806/01/5320/1B3n0ATKrn.jpg', '1', '2.00', '0', '0', '5218.00', '2019-06-18 03:38:07', '2019-06-18 03:38:08');
INSERT INTO `products` VALUES ('58', 'normal', '2', 'eum', '', 'Deserunt expedita veritatis id odio.', 'https://iocaffcdn.phphub.org/uploads/images/201806/01/5320/1B3n0ATKrn.jpg', '1', '5.00', '0', '0', '2296.00', '2019-06-18 03:38:07', '2019-06-18 03:38:08');
INSERT INTO `products` VALUES ('59', 'normal', '4', 'velit', '', 'Quo rerum repudiandae omnis quo modi.', 'https://iocaffcdn.phphub.org/uploads/images/201806/01/5320/C0bVuKB2nt.jpg', '1', '1.00', '0', '0', '800.00', '2019-06-18 03:38:07', '2019-06-18 03:38:08');
INSERT INTO `products` VALUES ('60', 'normal', '22', 'dolore', '', 'Quia illum dolores eum et dolores tempore saepe.\r\n封装代码后是否可行', 'https://iocaffcdn.phphub.org/uploads/images/201806/01/5320/XrtIwzrxj7.jpg', '1', '3.00', '0', '0', '2173.00', '2019-06-18 03:38:07', '2019-06-19 03:12:05');
INSERT INTO `products` VALUES ('62', 'crowdfunding', '18', 'honor/荣耀 畅玩8C全网通4G手机畅玩7C畅玩8X7A', '', 'CCC证书编号:&nbsp;2018011606105291 产品名称:&nbsp;honor/荣耀 畅玩8C 网络类型:&nbsp;4G全网通 4G+全网通 品牌:&nbsp;honor/荣耀 型号:&nbsp;畅玩8C 宝贝成色:&nbsp;全新 售后服务:&nbsp;全国联保 电池类型:&nbsp;不祥 分辨率:&nbsp;1520x720 核心数:&nbsp;不祥 机身颜色:&nbsp;8C（4+32G）铂光金假一赔三 8C（4+32G）幻夜黑假一赔三 8C（4+32G）极光蓝假一赔三 8C（4+32G）星云紫假一赔三 8X（4+64G）梦幻紫假一赔三 8X（4+64G）幻夜黑假一赔三 8X（4+64G）魅海蓝假一赔三 8X（4+64G）魅焰红假一赔三 套餐类型:&nbsp;官方标配 触摸屏类型:&nbsp;不祥 键盘类型:&nbsp;虚拟导航键 后置摄像头:&nbsp;1300万像素（彩色，f/1.8光圈）+200万像素（黑白， 运行内存RAM:&nbsp;4GB 存储容量:&nbsp;16GB 32GB 64GB 手机类型:&nbsp;不祥 摄像头类型:&nbsp;不祥 网络模式:&nbsp;双卡双待 电信设备进网许可证编号:&nbsp;02-5043-183016 附加功能:&nbsp;不祥 版本类型:&nbsp;中国大陆 操作系统:&nbsp;Android 8.1 款式:&nbsp;直板 视频显示格式:&nbsp;不祥 CPU品牌:&nbsp;不祥 上市时间:&nbsp;2018-10 屏幕尺寸:&nbsp;6.26英寸 产品名称:&nbsp;畅玩8C 电池容量:&nbsp;4000mAh 机身厚度:&nbsp;0mm 给你不一样的体验', 'images/6f929d3ffb8079d9c0859bae647f3e8c.jpg', '1', '5.00', '0', '0', '0.01', '2019-06-18 10:53:46', '2019-06-21 09:08:05');
INSERT INTO `products` VALUES ('63', 'normal', '25', 'iPhone X', '2018年最新款iPhone X 256G Apple 苹果手机', '最新款iPhone X 有64G 128G 256G等', 'images/c20f48db98188f669a5fcf5ae67e97cb.jpg', '1', '5.00', '0', '0', '8888.00', '2019-06-28 07:34:18', '2019-06-28 09:48:39');
INSERT INTO `products` VALUES ('64', 'normal', '13', 'Kingston/金士顿 HX424C15FB/8', '金士顿 骇客神条 ddr4 2400 8g 台式机 电脑 四代内存条 吃鸡内存', '', 'https://img.alicdn.com/bao/uploaded/i2/TB1iqkaLVXXXXagXXXXObG1FpXX_091208.jpg_b.jpg', '1', '5.00', '0', '0', '399.00', '2019-07-01 07:13:41', '2019-07-01 07:13:41');
INSERT INTO `products` VALUES ('65', 'normal', '13', 'AData/威刚 8G DDR4 2400 (XPG 单条） ', 'ADATA/威刚 8G 16G 3200 3000 2666 2400游戏台式机内存条DDR4套条', '', 'https://img.alicdn.com/bao/uploaded/i4/TB1URYGHVXXXXXsaXXXtD198VXX_032444.jpg_b.jpg', '1', '5.00', '0', '0', '489.00', '2019-07-01 07:13:42', '2019-07-01 07:13:42');
INSERT INTO `products` VALUES ('66', 'normal', '13', 'Kingston/金士顿 金士顿DDR3 1600 8GB', 'Kingston/金士顿 DDR3 1600 8G 台式机电脑 三代 内存条 兼容1333', '', 'https://img.alicdn.com/bao/uploaded/i5/TB1up8DGXXXXXaAaXXXszso_pXX_060025.jpg_b.jpg', '1', '5.00', '0', '0', '239.00', '2019-07-01 07:13:42', '2019-07-01 07:13:42');
INSERT INTO `products` VALUES ('67', 'normal', '13', '影驰 Gamer DDR4-2133 8G ', '影驰 Gamer DDR4-2400/3000 8G/8G*2 单条/套条 台式机呼吸内存条', '', 'https://img.alicdn.com/bao/uploaded/i3/TB1oIQJKVXXXXc3XXXXa0s37FXX_013328.jpg_b.jpg', '1', '5.00', '0', '0', '489.00', '2019-07-01 07:13:42', '2019-07-01 07:13:42');
INSERT INTO `products` VALUES ('68', 'normal', '13', '美商海盗船 LPX系列 ', '美商海盗船复仇者DDR4 8G 2400内存条电脑台式主机吃鸡4G16G 3000', '', 'https://img.alicdn.com/bao/uploaded/i2/TB1SynxMVXXXXaVXFXX_qyp.VXX_111729.jpg_b.jpg', '1', '5.00', '0', '0', '359.00', '2019-07-01 07:13:42', '2019-07-01 07:13:42');
INSERT INTO `products` VALUES ('69', 'normal', '13', 'Samsung/三星 8G DDR4 2400', '三星内存条8g DDR4 2400 2133 2666 笔记本内存条16g四代吃鸡内存', '  ', 'https://img.alicdn.com/bao/uploaded/i8/TB1nkDwATJYBeNjy1zelIqhzVXa_020604.jpg_b.jpg', '1', '5.00', '0', '0', '539.00', '2019-07-01 07:13:42', '2019-07-01 07:13:42');
INSERT INTO `products` VALUES ('70', 'seckill', '25', 'vivo NEX', '2018年最新款vivo NEX 256G  vivo NEX手机', 'vivo NEX 双屏版 AI三摄 游戏手机 10GB+128GB 冰原蓝 移动联通电信全网通4G手机', 'images/vivo NEX.jpg', '1', '5.00', '0', '0', '4998.00', '2019-07-05 10:23:17', '2019-07-05 10:23:17');

-- ----------------------------
-- Table structure for seckill_products
-- ----------------------------
DROP TABLE IF EXISTS `seckill_products`;
CREATE TABLE `seckill_products` (
  `id` bigint(20) unsigned NOT NULL AUTO_INCREMENT,
  `product_id` bigint(20) unsigned NOT NULL COMMENT '对应商品的id',
  `start_at` datetime NOT NULL COMMENT '秒杀开始时间',
  `end_at` datetime NOT NULL COMMENT '秒杀结束时间',
  PRIMARY KEY (`id`),
  KEY `seckill_products_product_id_foreign` (`product_id`),
  CONSTRAINT `seckill_products_product_id_foreign` FOREIGN KEY (`product_id`) REFERENCES `products` (`id`) ON DELETE CASCADE
) ENGINE=InnoDB AUTO_INCREMENT=2 DEFAULT CHARSET=utf8mb4 COLLATE=utf8mb4_unicode_ci;

-- ----------------------------
-- Records of seckill_products
-- ----------------------------
INSERT INTO `seckill_products` VALUES ('1', '70', '2019-07-10 00:00:00', '2019-07-27 00:00:00');

-- ----------------------------
-- Table structure for user_addresses
-- ----------------------------
DROP TABLE IF EXISTS `user_addresses`;
CREATE TABLE `user_addresses` (
  `id` bigint(20) unsigned NOT NULL AUTO_INCREMENT,
  `user_id` bigint(20) unsigned NOT NULL,
  `province` varchar(255) COLLATE utf8mb4_unicode_ci NOT NULL COMMENT '省',
  `city` varchar(255) COLLATE utf8mb4_unicode_ci NOT NULL COMMENT '市',
  `district` varchar(255) COLLATE utf8mb4_unicode_ci NOT NULL COMMENT '区',
  `address` varchar(255) COLLATE utf8mb4_unicode_ci NOT NULL COMMENT '具体地址',
  `zip` int(10) unsigned NOT NULL COMMENT '邮编',
  `contact_name` varchar(255) COLLATE utf8mb4_unicode_ci NOT NULL COMMENT '联系人姓名',
  `contact_phone` varchar(255) COLLATE utf8mb4_unicode_ci NOT NULL COMMENT '联系人电话',
  `last_used_at` datetime DEFAULT NULL COMMENT '最后一次使用时间',
  `created_at` timestamp NULL DEFAULT NULL,
  `updated_at` timestamp NULL DEFAULT NULL,
  PRIMARY KEY (`id`),
  KEY `user_addresses_user_id_foreign` (`user_id`),
  CONSTRAINT `user_addresses_user_id_foreign` FOREIGN KEY (`user_id`) REFERENCES `users` (`id`) ON DELETE CASCADE
) ENGINE=InnoDB AUTO_INCREMENT=201 DEFAULT CHARSET=utf8mb4 COLLATE=utf8mb4_unicode_ci;

-- ----------------------------
-- Records of user_addresses
-- ----------------------------
INSERT INTO `user_addresses` VALUES ('1', '1', '江苏省', '苏州市', '相城区', '第37街道第230号', '116800', '卜斌', '17891190485', null, '2019-06-14 10:41:23', '2019-06-14 10:41:23');
INSERT INTO `user_addresses` VALUES ('2', '1', '北京市', '市辖区', '东城区', '第97街道第281号', '186200', '尤涛', '15292837830', null, '2019-06-14 10:41:23', '2019-06-14 10:41:23');
INSERT INTO `user_addresses` VALUES ('3', '1', '河北省', '石家庄市', '长安区', '第36街道第850号', '713500', '保旭', '17195553254', null, '2019-06-14 10:41:23', '2019-06-14 10:41:23');
INSERT INTO `user_addresses` VALUES ('4', '2', '北京市', '市辖区', '东城区', '第82街道第358号', '276200', '强帅', '13781580570', null, '2019-06-14 10:41:23', '2019-06-14 10:41:23');
INSERT INTO `user_addresses` VALUES ('5', '2', '江苏省', '苏州市', '相城区', '第86街道第845号', '162400', '韩楠', '17101700288', null, '2019-06-14 10:41:23', '2019-06-14 10:41:23');
INSERT INTO `user_addresses` VALUES ('6', '3', '河北省', '石家庄市', '长安区', '第81街道第255号', '501100', '申婷婷', '15243494572', null, '2019-06-14 10:41:23', '2019-06-14 10:41:23');
INSERT INTO `user_addresses` VALUES ('7', '4', '北京市', '市辖区', '东城区', '第16街道第372号', '202500', '古小红', '13860089639', null, '2019-06-14 10:41:23', '2019-06-14 10:41:23');
INSERT INTO `user_addresses` VALUES ('8', '5', '广东省', '深圳市', '福田区', '第47街道第366号', '495100', '田婷', '13835369645', null, '2019-06-14 10:41:23', '2019-06-14 10:41:23');
INSERT INTO `user_addresses` VALUES ('9', '5', '河北省', '石家庄市', '长安区', '第75街道第933号', '15300', '沉平', '15515416688', null, '2019-06-14 10:41:23', '2019-06-14 10:41:23');
INSERT INTO `user_addresses` VALUES ('10', '5', '江苏省', '南京市', '浦口区', '第75街道第699号', '263700', '宋帅', '18835506588', null, '2019-06-14 10:41:23', '2019-06-14 10:41:23');
INSERT INTO `user_addresses` VALUES ('11', '6', '北京市', '市辖区', '东城区', '第31街道第336号', '842900', '饶明', '13478917385', null, '2019-06-14 10:41:23', '2019-06-14 10:41:23');
INSERT INTO `user_addresses` VALUES ('12', '6', '江苏省', '南京市', '浦口区', '第89街道第992号', '376000', '都志强', '15961595653', null, '2019-06-14 10:41:23', '2019-06-14 10:41:23');
INSERT INTO `user_addresses` VALUES ('13', '7', '北京市', '市辖区', '东城区', '第95街道第267号', '341800', '庄鹏程', '15531641768', null, '2019-06-14 10:41:23', '2019-06-14 10:41:23');
INSERT INTO `user_addresses` VALUES ('14', '7', '河北省', '石家庄市', '长安区', '第56街道第724号', '543800', '潘丹', '15383603683', null, '2019-06-14 10:41:23', '2019-06-14 10:41:23');
INSERT INTO `user_addresses` VALUES ('15', '7', '北京市', '市辖区', '东城区', '第83街道第827号', '815800', '官辉', '14567852280', null, '2019-06-14 10:41:23', '2019-06-14 10:41:23');
INSERT INTO `user_addresses` VALUES ('16', '8', '北京市', '市辖区', '东城区', '第66街道第34号', '435600', '张涛', '18208668045', null, '2019-06-14 10:41:23', '2019-06-14 10:41:23');
INSERT INTO `user_addresses` VALUES ('17', '8', '江苏省', '苏州市', '相城区', '第59街道第582号', '577700', '韩俊', '18112242389', null, '2019-06-14 10:41:23', '2019-06-14 10:41:23');
INSERT INTO `user_addresses` VALUES ('18', '8', '北京市', '市辖区', '东城区', '第30街道第479号', '554300', '植文彬', '18287621264', null, '2019-06-14 10:41:23', '2019-06-14 10:41:23');
INSERT INTO `user_addresses` VALUES ('19', '9', '江苏省', '苏州市', '相城区', '第3街道第375号', '376000', '阎峰', '18843408628', null, '2019-06-14 10:41:23', '2019-06-14 10:41:23');
INSERT INTO `user_addresses` VALUES ('20', '9', '江苏省', '苏州市', '相城区', '第59街道第857号', '562800', '毛雪梅', '18588558454', null, '2019-06-14 10:41:23', '2019-06-14 10:41:23');
INSERT INTO `user_addresses` VALUES ('21', '9', '江苏省', '苏州市', '相城区', '第54街道第372号', '564000', '彭毅', '15056060122', null, '2019-06-14 10:41:23', '2019-06-14 10:41:23');
INSERT INTO `user_addresses` VALUES ('22', '10', '河北省', '石家庄市', '长安区', '第18街道第997号', '655900', '邹明', '17010851317', null, '2019-06-14 10:41:23', '2019-06-14 10:41:23');
INSERT INTO `user_addresses` VALUES ('23', '10', '广东省', '深圳市', '福田区', '第75街道第216号', '606600', '廉爱华', '15862083714', null, '2019-06-14 10:41:23', '2019-06-14 10:41:23');
INSERT INTO `user_addresses` VALUES ('24', '11', '河北省', '石家庄市', '长安区', '第70街道第130号', '413700', '植刚', '17099924557', null, '2019-06-14 10:41:23', '2019-06-14 10:41:23');
INSERT INTO `user_addresses` VALUES ('25', '11', '广东省', '深圳市', '福田区', '第52街道第73号', '686200', '薄志勇', '18791023278', null, '2019-06-14 10:41:23', '2019-06-14 10:41:23');
INSERT INTO `user_addresses` VALUES ('26', '11', '江苏省', '苏州市', '相城区', '第69街道第344号', '737700', '苗丽', '13204706239', null, '2019-06-14 10:41:23', '2019-06-14 10:41:23');
INSERT INTO `user_addresses` VALUES ('27', '12', '江苏省', '南京市', '浦口区', '第40街道第845号', '501000', '汤鹰', '17779050259', null, '2019-06-14 10:41:23', '2019-06-14 10:41:23');
INSERT INTO `user_addresses` VALUES ('28', '12', '广东省', '深圳市', '福田区', '第98街道第982号', '531600', '季桂英', '18612855169', null, '2019-06-14 10:41:23', '2019-06-14 10:41:23');
INSERT INTO `user_addresses` VALUES ('29', '12', '北京市', '市辖区', '东城区', '第37街道第106号', '302800', '屠智明', '17668443563', null, '2019-06-14 10:41:23', '2019-06-14 10:41:23');
INSERT INTO `user_addresses` VALUES ('30', '13', '江苏省', '南京市', '浦口区', '第30街道第948号', '434000', '蒋波', '15240107907', null, '2019-06-14 10:41:23', '2019-06-14 10:41:23');
INSERT INTO `user_addresses` VALUES ('31', '14', '江苏省', '苏州市', '相城区', '第39街道第75号', '816300', '伏莉', '17755286402', null, '2019-06-14 10:41:23', '2019-06-14 10:41:23');
INSERT INTO `user_addresses` VALUES ('32', '14', '江苏省', '南京市', '浦口区', '第57街道第354号', '122700', '钟红梅', '18273873572', null, '2019-06-14 10:41:23', '2019-06-14 10:41:23');
INSERT INTO `user_addresses` VALUES ('33', '14', '北京市', '市辖区', '东城区', '第12街道第706号', '465800', '田斌', '18891414886', null, '2019-06-14 10:41:23', '2019-06-14 10:41:23');
INSERT INTO `user_addresses` VALUES ('34', '15', '河北省', '石家庄市', '长安区', '第15街道第268号', '397100', '钱晧', '18115389215', null, '2019-06-14 10:41:23', '2019-06-14 10:41:23');
INSERT INTO `user_addresses` VALUES ('35', '16', '江苏省', '南京市', '浦口区', '第13街道第13号', '563000', '林佳', '17875565181', null, '2019-06-14 10:41:23', '2019-06-14 10:41:23');
INSERT INTO `user_addresses` VALUES ('36', '16', '江苏省', '南京市', '浦口区', '第80街道第823号', '492700', '瞿丽娟', '18896418452', null, '2019-06-14 10:41:23', '2019-06-14 10:41:23');
INSERT INTO `user_addresses` VALUES ('37', '16', '江苏省', '苏州市', '相城区', '第12街道第129号', '641500', '冯丽华', '18569230517', null, '2019-06-14 10:41:23', '2019-06-14 10:41:23');
INSERT INTO `user_addresses` VALUES ('38', '17', '江苏省', '苏州市', '相城区', '第39街道第275号', '634600', '嵺桂荣', '18067542010', null, '2019-06-14 10:41:23', '2019-06-14 10:41:23');
INSERT INTO `user_addresses` VALUES ('39', '17', '河北省', '石家庄市', '长安区', '第98街道第303号', '524100', '谈瑶', '18399123212', null, '2019-06-14 10:41:23', '2019-06-14 10:41:23');
INSERT INTO `user_addresses` VALUES ('40', '18', '河北省', '石家庄市', '长安区', '第13街道第861号', '368100', '韦松', '15885215636', null, '2019-06-14 10:41:23', '2019-06-14 10:41:23');
INSERT INTO `user_addresses` VALUES ('41', '18', '河北省', '石家庄市', '长安区', '第57街道第833号', '163500', '全志文', '15691177311', null, '2019-06-14 10:41:23', '2019-06-14 10:41:23');
INSERT INTO `user_addresses` VALUES ('42', '19', '广东省', '深圳市', '福田区', '第67街道第263号', '293400', '包智渊', '18867911496', null, '2019-06-14 10:41:23', '2019-06-14 10:41:23');
INSERT INTO `user_addresses` VALUES ('43', '19', '广东省', '深圳市', '福田区', '第91街道第303号', '188000', '牛志勇', '18666709359', null, '2019-06-14 10:41:23', '2019-06-14 10:41:23');
INSERT INTO `user_addresses` VALUES ('44', '20', '河北省', '石家庄市', '长安区', '第50街道第39号', '667600', '扬文', '13063890464', null, '2019-06-14 10:41:23', '2019-06-14 10:41:23');
INSERT INTO `user_addresses` VALUES ('45', '21', '江苏省', '南京市', '浦口区', '第71街道第181号', '635400', '白正平', '15531056585', null, '2019-06-14 10:41:23', '2019-06-14 10:41:23');
INSERT INTO `user_addresses` VALUES ('46', '22', '江苏省', '苏州市', '相城区', '第40街道第585号', '335300', '高凤英', '17053179453', null, '2019-06-14 10:41:23', '2019-06-14 10:41:23');
INSERT INTO `user_addresses` VALUES ('47', '22', '江苏省', '苏州市', '相城区', '第39街道第627号', '24100', '余桂芬', '15547894837', null, '2019-06-14 10:41:23', '2019-06-14 10:41:23');
INSERT INTO `user_addresses` VALUES ('48', '22', '江苏省', '南京市', '浦口区', '第48街道第318号', '261600', '吉琴', '15775952978', null, '2019-06-14 10:41:23', '2019-06-14 10:41:23');
INSERT INTO `user_addresses` VALUES ('49', '23', '北京市', '市辖区', '东城区', '第68街道第503号', '244200', '庞建', '18433875419', null, '2019-06-14 10:41:23', '2019-06-14 10:41:23');
INSERT INTO `user_addresses` VALUES ('50', '23', '北京市', '市辖区', '东城区', '第52街道第416号', '704200', '卓桂芝', '13230155408', null, '2019-06-14 10:41:23', '2019-06-14 10:41:23');
INSERT INTO `user_addresses` VALUES ('51', '24', '江苏省', '苏州市', '相城区', '第24街道第110号', '481000', '雷桂兰', '13871947436', null, '2019-06-14 10:41:23', '2019-06-14 10:41:23');
INSERT INTO `user_addresses` VALUES ('52', '25', '江苏省', '苏州市', '相城区', '第37街道第793号', '615300', '冷磊', '13177835194', null, '2019-06-14 10:41:23', '2019-06-14 10:41:23');
INSERT INTO `user_addresses` VALUES ('53', '25', '江苏省', '苏州市', '相城区', '第8街道第27号', '724800', '傅飞', '13486751503', null, '2019-06-14 10:41:23', '2019-06-14 10:41:23');
INSERT INTO `user_addresses` VALUES ('54', '26', '北京市', '市辖区', '东城区', '第50街道第776号', '474200', '迟伦', '15966255222', null, '2019-06-14 10:41:23', '2019-06-14 10:41:23');
INSERT INTO `user_addresses` VALUES ('55', '26', '江苏省', '苏州市', '相城区', '第95街道第888号', '573100', '衣霞', '18893353120', null, '2019-06-14 10:41:23', '2019-06-14 10:41:23');
INSERT INTO `user_addresses` VALUES ('56', '26', '江苏省', '南京市', '浦口区', '第63街道第456号', '272400', '晏祥', '17083942274', null, '2019-06-14 10:41:23', '2019-06-14 10:41:23');
INSERT INTO `user_addresses` VALUES ('57', '27', '河北省', '石家庄市', '长安区', '第19街道第4号', '393900', '陈凤兰', '15814744456', null, '2019-06-14 10:41:23', '2019-06-14 10:41:23');
INSERT INTO `user_addresses` VALUES ('58', '27', '江苏省', '南京市', '浦口区', '第28街道第345号', '856400', '楚欣', '13289236097', null, '2019-06-14 10:41:23', '2019-06-14 10:41:23');
INSERT INTO `user_addresses` VALUES ('59', '28', '北京市', '市辖区', '东城区', '第85街道第980号', '267600', '费超', '13103105903', null, '2019-06-14 10:41:23', '2019-06-14 10:41:23');
INSERT INTO `user_addresses` VALUES ('60', '28', '江苏省', '苏州市', '相城区', '第25街道第410号', '256600', '庞洁', '15259637919', null, '2019-06-14 10:41:23', '2019-06-14 10:41:23');
INSERT INTO `user_addresses` VALUES ('61', '28', '河北省', '石家庄市', '长安区', '第91街道第530号', '265300', '萧翔', '18942291679', null, '2019-06-14 10:41:23', '2019-06-14 10:41:23');
INSERT INTO `user_addresses` VALUES ('62', '29', '江苏省', '苏州市', '相城区', '第92街道第565号', '374100', '唐慧', '13058321002', null, '2019-06-14 10:41:23', '2019-06-14 10:41:23');
INSERT INTO `user_addresses` VALUES ('63', '30', '河北省', '石家庄市', '长安区', '第37街道第471号', '744700', '谭洋', '15072483313', null, '2019-06-14 10:41:23', '2019-06-14 10:41:23');
INSERT INTO `user_addresses` VALUES ('64', '30', '江苏省', '苏州市', '相城区', '第13街道第467号', '413100', '栾秀英', '17098487984', null, '2019-06-14 10:41:23', '2019-06-14 10:41:23');
INSERT INTO `user_addresses` VALUES ('65', '31', '北京市', '市辖区', '东城区', '第5街道第593号', '126800', '俞帅', '17067771019', null, '2019-06-14 10:41:23', '2019-06-14 10:41:23');
INSERT INTO `user_addresses` VALUES ('66', '31', '江苏省', '南京市', '浦口区', '第33街道第83号', '243000', '应建华', '18456492323', null, '2019-06-14 10:41:23', '2019-06-14 10:41:23');
INSERT INTO `user_addresses` VALUES ('67', '31', '河北省', '石家庄市', '长安区', '第27街道第902号', '113300', '岳晧', '17152490952', null, '2019-06-14 10:41:23', '2019-06-14 10:41:23');
INSERT INTO `user_addresses` VALUES ('68', '32', '广东省', '深圳市', '福田区', '第37街道第486号', '17900', '康晶', '13738492234', null, '2019-06-14 10:41:23', '2019-06-14 10:41:23');
INSERT INTO `user_addresses` VALUES ('69', '33', '河北省', '石家庄市', '长安区', '第91街道第932号', '362600', '何玉', '15276134150', null, '2019-06-14 10:41:23', '2019-06-14 10:41:23');
INSERT INTO `user_addresses` VALUES ('70', '33', '河北省', '石家庄市', '长安区', '第87街道第38号', '14700', '姚龙', '18557492821', null, '2019-06-14 10:41:23', '2019-06-14 10:41:23');
INSERT INTO `user_addresses` VALUES ('71', '34', '江苏省', '苏州市', '相城区', '第32街道第391号', '634900', '贺波', '17084810965', null, '2019-06-14 10:41:23', '2019-06-14 10:41:23');
INSERT INTO `user_addresses` VALUES ('72', '35', '河北省', '石家庄市', '长安区', '第39街道第934号', '406100', '许桂英', '17888106780', null, '2019-06-14 10:41:23', '2019-06-14 10:41:23');
INSERT INTO `user_addresses` VALUES ('73', '35', '北京市', '市辖区', '东城区', '第36街道第126号', '596700', '叶秀英', '13683967907', null, '2019-06-14 10:41:23', '2019-06-14 10:41:23');
INSERT INTO `user_addresses` VALUES ('74', '36', '江苏省', '苏州市', '相城区', '第62街道第768号', '284900', '包莹', '17800635626', null, '2019-06-14 10:41:23', '2019-06-14 10:41:23');
INSERT INTO `user_addresses` VALUES ('75', '36', '江苏省', '苏州市', '相城区', '第14街道第673号', '193000', '柯帆', '17673052701', null, '2019-06-14 10:41:23', '2019-06-14 10:41:23');
INSERT INTO `user_addresses` VALUES ('76', '37', '广东省', '深圳市', '福田区', '第22街道第791号', '408200', '樊志文', '17185851177', null, '2019-06-14 10:41:23', '2019-06-14 10:41:23');
INSERT INTO `user_addresses` VALUES ('77', '38', '江苏省', '苏州市', '相城区', '第14街道第13号', '156100', '熊桂芝', '18787097269', null, '2019-06-14 10:41:23', '2019-06-14 10:41:23');
INSERT INTO `user_addresses` VALUES ('78', '39', '北京市', '市辖区', '东城区', '第65街道第399号', '347400', '穆冰冰', '17074186622', null, '2019-06-14 10:41:23', '2019-06-14 10:41:23');
INSERT INTO `user_addresses` VALUES ('79', '39', '广东省', '深圳市', '福田区', '第11街道第195号', '604300', '庄雪', '13735846036', null, '2019-06-14 10:41:23', '2019-06-14 10:41:23');
INSERT INTO `user_addresses` VALUES ('80', '40', '广东省', '深圳市', '福田区', '第0街道第521号', '485100', '谭秀华', '13159605590', null, '2019-06-14 10:41:23', '2019-06-14 10:41:23');
INSERT INTO `user_addresses` VALUES ('81', '40', '北京市', '市辖区', '东城区', '第21街道第190号', '653300', '巩淑珍', '18820436759', null, '2019-06-14 10:41:23', '2019-06-14 10:41:23');
INSERT INTO `user_addresses` VALUES ('82', '40', '河北省', '石家庄市', '长安区', '第55街道第91号', '627600', '邹英', '17050473328', null, '2019-06-14 10:41:23', '2019-06-14 10:41:23');
INSERT INTO `user_addresses` VALUES ('83', '41', '广东省', '深圳市', '福田区', '第73街道第589号', '803900', '游振国', '17064759271', null, '2019-06-14 10:41:23', '2019-06-14 10:41:23');
INSERT INTO `user_addresses` VALUES ('84', '41', '河北省', '石家庄市', '长安区', '第46街道第454号', '675200', '霍秀华', '17005557734', null, '2019-06-14 10:41:23', '2019-06-14 10:41:23');
INSERT INTO `user_addresses` VALUES ('85', '42', '北京市', '市辖区', '东城区', '第84街道第623号', '472100', '边文彬', '18713505862', null, '2019-06-14 10:41:23', '2019-06-14 10:41:23');
INSERT INTO `user_addresses` VALUES ('86', '43', '江苏省', '苏州市', '相城区', '第92街道第898号', '36400', '强全安', '17072423945', null, '2019-06-14 10:41:23', '2019-06-14 10:41:23');
INSERT INTO `user_addresses` VALUES ('87', '43', '江苏省', '南京市', '浦口区', '第1街道第157号', '516900', '许雷', '17082662254', null, '2019-06-14 10:41:23', '2019-06-14 10:41:23');
INSERT INTO `user_addresses` VALUES ('88', '43', '北京市', '市辖区', '东城区', '第76街道第161号', '214700', '薄文', '15896787394', null, '2019-06-14 10:41:23', '2019-06-14 10:41:23');
INSERT INTO `user_addresses` VALUES ('89', '44', '江苏省', '苏州市', '相城区', '第87街道第929号', '467800', '巩刚', '17017583068', null, '2019-06-14 10:41:23', '2019-06-14 10:41:23');
INSERT INTO `user_addresses` VALUES ('90', '44', '广东省', '深圳市', '福田区', '第10街道第73号', '687900', '宗建国', '15866136920', null, '2019-06-14 10:41:23', '2019-06-14 10:41:23');
INSERT INTO `user_addresses` VALUES ('91', '45', '广东省', '深圳市', '福田区', '第12街道第411号', '75600', '关丽华', '18520196111', null, '2019-06-14 10:41:23', '2019-06-14 10:41:23');
INSERT INTO `user_addresses` VALUES ('92', '45', '江苏省', '苏州市', '相城区', '第57街道第957号', '541400', '卞燕', '17867027846', null, '2019-06-14 10:41:23', '2019-06-14 10:41:23');
INSERT INTO `user_addresses` VALUES ('93', '46', '广东省', '深圳市', '福田区', '第0街道第687号', '745500', '卓全安', '17095540112', null, '2019-06-14 10:41:23', '2019-06-14 10:41:23');
INSERT INTO `user_addresses` VALUES ('94', '46', '河北省', '石家庄市', '长安区', '第21街道第6号', '554300', '保桂兰', '17742623238', null, '2019-06-14 10:41:23', '2019-06-14 10:41:23');
INSERT INTO `user_addresses` VALUES ('95', '46', '河北省', '石家庄市', '长安区', '第67街道第371号', '307200', '薄荣', '13410086859', null, '2019-06-14 10:41:23', '2019-06-14 10:41:23');
INSERT INTO `user_addresses` VALUES ('96', '47', '河北省', '石家庄市', '长安区', '第35街道第125号', '813200', '尹智明', '17778653452', null, '2019-06-14 10:41:23', '2019-06-14 10:41:23');
INSERT INTO `user_addresses` VALUES ('97', '47', '河北省', '石家庄市', '长安区', '第54街道第986号', '276600', '闵翼', '15828089357', null, '2019-06-14 10:41:23', '2019-06-14 10:41:23');
INSERT INTO `user_addresses` VALUES ('98', '48', '河北省', '石家庄市', '长安区', '第94街道第149号', '224400', '管淑珍', '17804941571', null, '2019-06-14 10:41:23', '2019-06-14 10:41:23');
INSERT INTO `user_addresses` VALUES ('99', '49', '北京市', '市辖区', '东城区', '第64街道第195号', '404400', '程涛', '17084417294', null, '2019-06-14 10:41:23', '2019-06-14 10:41:23');
INSERT INTO `user_addresses` VALUES ('100', '50', '北京市', '市辖区', '东城区', '第92街道第88号', '125000', '龙文彬', '15109644830', null, '2019-06-14 10:41:24', '2019-06-14 10:41:24');
INSERT INTO `user_addresses` VALUES ('101', '51', '河北省', '石家庄市', '长安区', '第73街道第394号', '461800', '冉霞', '18292843401', null, '2019-06-14 10:41:24', '2019-06-14 10:41:24');
INSERT INTO `user_addresses` VALUES ('102', '51', '广东省', '深圳市', '福田区', '第56街道第706号', '418800', '柯楠', '18297412576', null, '2019-06-14 10:41:24', '2019-06-14 10:41:24');
INSERT INTO `user_addresses` VALUES ('103', '52', '北京市', '市辖区', '东城区', '第89街道第90号', '42300', '夏莹', '18495601871', null, '2019-06-14 10:41:24', '2019-06-14 10:41:24');
INSERT INTO `user_addresses` VALUES ('104', '53', '广东省', '深圳市', '福田区', '第27街道第304号', '46900', '范瑞', '15939013147', null, '2019-06-14 10:41:24', '2019-06-14 10:41:24');
INSERT INTO `user_addresses` VALUES ('105', '54', '广东省', '深圳市', '福田区', '第90街道第871号', '575400', '明玉华', '14703426272', null, '2019-06-14 10:41:24', '2019-06-14 10:41:24');
INSERT INTO `user_addresses` VALUES ('106', '55', '江苏省', '南京市', '浦口区', '第45街道第502号', '66900', '兰丹丹', '18703123881', null, '2019-06-14 10:41:24', '2019-06-14 10:41:24');
INSERT INTO `user_addresses` VALUES ('107', '55', '广东省', '深圳市', '福田区', '第29街道第823号', '741500', '巩颖', '14534312900', null, '2019-06-14 10:41:24', '2019-06-14 10:41:24');
INSERT INTO `user_addresses` VALUES ('108', '55', '江苏省', '南京市', '浦口区', '第46街道第35号', '793100', '史鹰', '17099899096', null, '2019-06-14 10:41:24', '2019-06-14 10:41:24');
INSERT INTO `user_addresses` VALUES ('109', '56', '江苏省', '苏州市', '相城区', '第24街道第559号', '233600', '景红梅', '13769608974', null, '2019-06-14 10:41:24', '2019-06-14 10:41:24');
INSERT INTO `user_addresses` VALUES ('110', '56', '北京市', '市辖区', '东城区', '第72街道第674号', '406800', '闵志强', '13198757572', null, '2019-06-14 10:41:24', '2019-06-14 10:41:24');
INSERT INTO `user_addresses` VALUES ('111', '56', '江苏省', '苏州市', '相城区', '第7街道第179号', '168500', '雷正豪', '13252178950', null, '2019-06-14 10:41:24', '2019-06-14 10:41:24');
INSERT INTO `user_addresses` VALUES ('112', '57', '北京市', '市辖区', '东城区', '第42街道第510号', '578300', '盖珺', '17094009200', null, '2019-06-14 10:41:24', '2019-06-14 10:41:24');
INSERT INTO `user_addresses` VALUES ('113', '57', '北京市', '市辖区', '东城区', '第78街道第929号', '648500', '翁磊', '18862388123', null, '2019-06-14 10:41:24', '2019-06-14 10:41:24');
INSERT INTO `user_addresses` VALUES ('114', '57', '河北省', '石家庄市', '长安区', '第13街道第855号', '408000', '迟静', '18193318145', null, '2019-06-14 10:41:24', '2019-06-14 10:41:24');
INSERT INTO `user_addresses` VALUES ('115', '58', '河北省', '石家庄市', '长安区', '第8街道第809号', '304100', '郜钟', '13393579837', null, '2019-06-14 10:41:24', '2019-06-14 10:41:24');
INSERT INTO `user_addresses` VALUES ('116', '58', '江苏省', '南京市', '浦口区', '第48街道第304号', '583800', '盖峰', '18095183244', null, '2019-06-14 10:41:24', '2019-06-14 10:41:24');
INSERT INTO `user_addresses` VALUES ('117', '58', '广东省', '深圳市', '福田区', '第6街道第343号', '195400', '全欣', '18874159510', null, '2019-06-14 10:41:24', '2019-06-14 10:41:24');
INSERT INTO `user_addresses` VALUES ('118', '59', '广东省', '深圳市', '福田区', '第42街道第447号', '34900', '宗嘉俊', '13986456800', null, '2019-06-14 10:41:24', '2019-06-14 10:41:24');
INSERT INTO `user_addresses` VALUES ('119', '60', '北京市', '市辖区', '东城区', '第89街道第14号', '734900', '虞晨', '15016120515', null, '2019-06-14 10:41:24', '2019-06-14 10:41:24');
INSERT INTO `user_addresses` VALUES ('120', '60', '北京市', '市辖区', '东城区', '第42街道第453号', '324300', '孔桂香', '18122565652', null, '2019-06-14 10:41:24', '2019-06-14 10:41:24');
INSERT INTO `user_addresses` VALUES ('121', '61', '河北省', '石家庄市', '长安区', '第30街道第564号', '732200', '褚晨', '17192524529', null, '2019-06-14 10:41:24', '2019-06-14 10:41:24');
INSERT INTO `user_addresses` VALUES ('122', '61', '江苏省', '苏州市', '相城区', '第25街道第605号', '536300', '鲍勇', '17193203242', null, '2019-06-14 10:41:24', '2019-06-14 10:41:24');
INSERT INTO `user_addresses` VALUES ('123', '61', '广东省', '深圳市', '福田区', '第80街道第974号', '265600', '蒋智明', '15363292995', null, '2019-06-14 10:41:24', '2019-06-14 10:41:24');
INSERT INTO `user_addresses` VALUES ('124', '62', '江苏省', '南京市', '浦口区', '第39街道第548号', '215800', '江昱然', '18226224964', null, '2019-06-14 10:41:24', '2019-06-14 10:41:24');
INSERT INTO `user_addresses` VALUES ('125', '62', '北京市', '市辖区', '东城区', '第72街道第141号', '843900', '孟秀华', '13923824715', null, '2019-06-14 10:41:24', '2019-06-14 10:41:24');
INSERT INTO `user_addresses` VALUES ('126', '62', '广东省', '深圳市', '福田区', '第46街道第591号', '647000', '洪瑞', '13268091953', null, '2019-06-14 10:41:24', '2019-06-14 10:41:24');
INSERT INTO `user_addresses` VALUES ('127', '63', '北京市', '市辖区', '东城区', '第40街道第263号', '65800', '卢琳', '15209081358', null, '2019-06-14 10:41:24', '2019-06-14 10:41:24');
INSERT INTO `user_addresses` VALUES ('128', '63', '北京市', '市辖区', '东城区', '第25街道第13号', '786400', '冀萍', '18465348178', null, '2019-06-14 10:41:24', '2019-06-14 10:41:24');
INSERT INTO `user_addresses` VALUES ('129', '63', '北京市', '市辖区', '东城区', '第99街道第463号', '423900', '白欣', '15598086153', null, '2019-06-14 10:41:24', '2019-06-14 10:41:24');
INSERT INTO `user_addresses` VALUES ('130', '64', '江苏省', '苏州市', '相城区', '第1街道第493号', '314000', '许芬', '13868378297', null, '2019-06-14 10:41:24', '2019-06-14 10:41:24');
INSERT INTO `user_addresses` VALUES ('131', '64', '北京市', '市辖区', '东城区', '第5街道第246号', '602800', '温宇', '17195159441', null, '2019-06-14 10:41:24', '2019-06-14 10:41:24');
INSERT INTO `user_addresses` VALUES ('132', '65', '广东省', '深圳市', '福田区', '第48街道第601号', '778800', '谢智明', '17010959841', null, '2019-06-14 10:41:24', '2019-06-14 10:41:24');
INSERT INTO `user_addresses` VALUES ('133', '66', '河北省', '石家庄市', '长安区', '第47街道第309号', '168400', '殷旭', '17051813280', null, '2019-06-14 10:41:24', '2019-06-14 10:41:24');
INSERT INTO `user_addresses` VALUES ('134', '66', '江苏省', '苏州市', '相城区', '第46街道第485号', '305300', '席爱华', '17069889638', null, '2019-06-14 10:41:24', '2019-06-14 10:41:24');
INSERT INTO `user_addresses` VALUES ('135', '66', '北京市', '市辖区', '东城区', '第93街道第50号', '392100', '纪博涛', '18239829673', null, '2019-06-14 10:41:24', '2019-06-14 10:41:24');
INSERT INTO `user_addresses` VALUES ('136', '67', '江苏省', '苏州市', '相城区', '第56街道第240号', '562300', '车欢', '17698192010', null, '2019-06-14 10:41:24', '2019-06-14 10:41:24');
INSERT INTO `user_addresses` VALUES ('137', '67', '河北省', '石家庄市', '长安区', '第3街道第898号', '366900', '韩文娟', '15064549024', null, '2019-06-14 10:41:24', '2019-06-14 10:41:24');
INSERT INTO `user_addresses` VALUES ('138', '68', '北京市', '市辖区', '东城区', '第36街道第420号', '745200', '晋丹', '15957866107', null, '2019-06-14 10:41:24', '2019-06-14 10:41:24');
INSERT INTO `user_addresses` VALUES ('139', '68', '广东省', '深圳市', '福田区', '第71街道第125号', '64200', '来鹰', '17195182123', null, '2019-06-14 10:41:24', '2019-06-14 10:41:24');
INSERT INTO `user_addresses` VALUES ('140', '68', '广东省', '深圳市', '福田区', '第62街道第0号', '371200', '乐娟', '15288548521', null, '2019-06-14 10:41:24', '2019-06-14 10:41:24');
INSERT INTO `user_addresses` VALUES ('141', '69', '江苏省', '南京市', '浦口区', '第9街道第90号', '844700', '巫瑜', '15387368531', null, '2019-06-14 10:41:24', '2019-06-14 10:41:24');
INSERT INTO `user_addresses` VALUES ('142', '69', '江苏省', '苏州市', '相城区', '第91街道第186号', '434700', '解亮', '13823856283', null, '2019-06-14 10:41:24', '2019-06-14 10:41:24');
INSERT INTO `user_addresses` VALUES ('143', '70', '北京市', '市辖区', '东城区', '第2街道第301号', '285600', '郎春梅', '17092420570', null, '2019-06-14 10:41:24', '2019-06-14 10:41:24');
INSERT INTO `user_addresses` VALUES ('144', '71', '河北省', '石家庄市', '长安区', '第47街道第966号', '145100', '晋云', '13663397621', null, '2019-06-14 10:41:24', '2019-06-14 10:41:24');
INSERT INTO `user_addresses` VALUES ('145', '71', '河北省', '石家庄市', '长安区', '第31街道第348号', '225800', '井凯', '15505224604', null, '2019-06-14 10:41:24', '2019-06-14 10:41:24');
INSERT INTO `user_addresses` VALUES ('146', '71', '江苏省', '苏州市', '相城区', '第70街道第131号', '668000', '郜华', '15833312299', null, '2019-06-14 10:41:24', '2019-06-14 10:41:24');
INSERT INTO `user_addresses` VALUES ('147', '72', '北京市', '市辖区', '东城区', '第74街道第557号', '635800', '祝勇', '17003048254', null, '2019-06-14 10:41:24', '2019-06-14 10:41:24');
INSERT INTO `user_addresses` VALUES ('148', '73', '广东省', '深圳市', '福田区', '第5街道第267号', '795500', '路丹丹', '13490844545', null, '2019-06-14 10:41:24', '2019-06-14 10:41:24');
INSERT INTO `user_addresses` VALUES ('149', '73', '江苏省', '苏州市', '相城区', '第62街道第364号', '76500', '廖雷', '14563483562', null, '2019-06-14 10:41:24', '2019-06-14 10:41:24');
INSERT INTO `user_addresses` VALUES ('150', '74', '广东省', '深圳市', '福田区', '第20街道第175号', '373600', '陆敏静', '18880397219', null, '2019-06-14 10:41:24', '2019-06-14 10:41:24');
INSERT INTO `user_addresses` VALUES ('151', '74', '广东省', '深圳市', '福田区', '第89街道第40号', '681800', '耿利', '15821038145', null, '2019-06-14 10:41:24', '2019-06-14 10:41:24');
INSERT INTO `user_addresses` VALUES ('152', '74', '河北省', '石家庄市', '长安区', '第99街道第479号', '566500', '贾智明', '13471578453', null, '2019-06-14 10:41:24', '2019-06-14 10:41:24');
INSERT INTO `user_addresses` VALUES ('153', '75', '广东省', '深圳市', '福田区', '第85街道第781号', '517000', '关翔', '14564709822', null, '2019-06-14 10:41:24', '2019-06-14 10:41:24');
INSERT INTO `user_addresses` VALUES ('154', '75', '江苏省', '苏州市', '相城区', '第42街道第181号', '725300', '钱琳', '15589137925', null, '2019-06-14 10:41:24', '2019-06-14 10:41:24');
INSERT INTO `user_addresses` VALUES ('155', '76', '北京市', '市辖区', '东城区', '第28街道第472号', '713300', '桂嘉', '17009564855', null, '2019-06-14 10:41:24', '2019-06-14 10:41:24');
INSERT INTO `user_addresses` VALUES ('156', '76', '江苏省', '苏州市', '相城区', '第95街道第812号', '233100', '项小红', '14794591836', null, '2019-06-14 10:41:24', '2019-06-14 10:41:24');
INSERT INTO `user_addresses` VALUES ('157', '77', '河北省', '石家庄市', '长安区', '第46街道第310号', '704800', '严丹', '18665022605', null, '2019-06-14 10:41:24', '2019-06-14 10:41:24');
INSERT INTO `user_addresses` VALUES ('158', '77', '广东省', '深圳市', '福田区', '第33街道第631号', '144800', '滕小红', '17183871393', null, '2019-06-14 10:41:24', '2019-06-14 10:41:24');
INSERT INTO `user_addresses` VALUES ('159', '78', '江苏省', '南京市', '浦口区', '第48街道第512号', '718100', '文桂兰', '18507116656', null, '2019-06-14 10:41:24', '2019-06-14 10:41:24');
INSERT INTO `user_addresses` VALUES ('160', '79', '北京市', '市辖区', '东城区', '第11街道第916号', '83800', '洪珺', '17743189566', null, '2019-06-14 10:41:24', '2019-06-14 10:41:24');
INSERT INTO `user_addresses` VALUES ('161', '79', '江苏省', '南京市', '浦口区', '第66街道第158号', '403400', '邬欢', '13032813254', null, '2019-06-14 10:41:24', '2019-06-14 10:41:24');
INSERT INTO `user_addresses` VALUES ('162', '79', '江苏省', '南京市', '浦口区', '第60街道第580号', '325300', '乐子安', '17184972574', null, '2019-06-14 10:41:24', '2019-06-14 10:41:24');
INSERT INTO `user_addresses` VALUES ('163', '80', '江苏省', '南京市', '浦口区', '第99街道第68号', '751200', '陆敏', '15705071776', null, '2019-06-14 10:41:24', '2019-06-14 10:41:24');
INSERT INTO `user_addresses` VALUES ('164', '81', '江苏省', '苏州市', '相城区', '第72街道第759号', '784800', '台志明', '17096417934', null, '2019-06-14 10:41:24', '2019-06-14 10:41:24');
INSERT INTO `user_addresses` VALUES ('165', '81', '江苏省', '苏州市', '相城区', '第47街道第73号', '616000', '柴瑞', '18935682234', null, '2019-06-14 10:41:24', '2019-06-14 10:41:24');
INSERT INTO `user_addresses` VALUES ('166', '81', '北京市', '市辖区', '东城区', '第90街道第305号', '598000', '朱海燕', '13806246880', null, '2019-06-14 10:41:24', '2019-06-14 10:41:24');
INSERT INTO `user_addresses` VALUES ('167', '82', '江苏省', '南京市', '浦口区', '第98街道第318号', '313400', '孟红霞', '13265488098', null, '2019-06-14 10:41:24', '2019-06-14 10:41:24');
INSERT INTO `user_addresses` VALUES ('168', '83', '河北省', '石家庄市', '长安区', '第70街道第837号', '451500', '阎红霞', '13465163378', null, '2019-06-14 10:41:24', '2019-06-14 10:41:24');
INSERT INTO `user_addresses` VALUES ('169', '83', '广东省', '深圳市', '福田区', '第72街道第34号', '126100', '凌雪', '13905388814', null, '2019-06-14 10:41:24', '2019-06-14 10:41:24');
INSERT INTO `user_addresses` VALUES ('170', '83', '江苏省', '南京市', '浦口区', '第13街道第445号', '514000', '余建国', '18157632197', null, '2019-06-14 10:41:24', '2019-06-14 10:41:24');
INSERT INTO `user_addresses` VALUES ('171', '84', '广东省', '深圳市', '福田区', '第28街道第172号', '728800', '郜磊', '18292270262', null, '2019-06-14 10:41:24', '2019-06-14 10:41:24');
INSERT INTO `user_addresses` VALUES ('172', '85', '河北省', '石家庄市', '长安区', '第60街道第69号', '582400', '胥丽', '15891334035', null, '2019-06-14 10:41:24', '2019-06-14 10:41:24');
INSERT INTO `user_addresses` VALUES ('173', '86', '广东省', '深圳市', '福田区', '第6街道第313号', '565600', '石智敏', '13159642116', null, '2019-06-14 10:41:24', '2019-06-14 10:41:24');
INSERT INTO `user_addresses` VALUES ('174', '86', '广东省', '深圳市', '福田区', '第47街道第376号', '852300', '井春梅', '15672319037', null, '2019-06-14 10:41:24', '2019-06-14 10:41:24');
INSERT INTO `user_addresses` VALUES ('175', '86', '江苏省', '苏州市', '相城区', '第86街道第11号', '314400', '关丽丽', '15251135356', null, '2019-06-14 10:41:24', '2019-06-14 10:41:24');
INSERT INTO `user_addresses` VALUES ('176', '87', '河北省', '石家庄市', '长安区', '第86街道第67号', '692200', '苏嘉', '15502836500', null, '2019-06-14 10:41:24', '2019-06-14 10:41:24');
INSERT INTO `user_addresses` VALUES ('177', '88', '北京市', '市辖区', '东城区', '第81街道第756号', '67200', '萧燕', '17804124525', null, '2019-06-14 10:41:24', '2019-06-14 10:41:24');
INSERT INTO `user_addresses` VALUES ('178', '89', '广东省', '深圳市', '福田区', '第81街道第254号', '794000', '查志勇', '15140645371', null, '2019-06-14 10:41:24', '2019-06-14 10:41:24');
INSERT INTO `user_addresses` VALUES ('179', '89', '广东省', '深圳市', '福田区', '第42街道第931号', '701700', '齐成', '13967448562', null, '2019-06-14 10:41:24', '2019-06-14 10:41:24');
INSERT INTO `user_addresses` VALUES ('180', '89', '江苏省', '南京市', '浦口区', '第74街道第195号', '711200', '郝松', '18716378432', null, '2019-06-14 10:41:24', '2019-06-14 10:41:24');
INSERT INTO `user_addresses` VALUES ('181', '90', '江苏省', '苏州市', '相城区', '第10街道第191号', '413500', '冉丽娟', '18752235720', null, '2019-06-14 10:41:24', '2019-06-14 10:41:24');
INSERT INTO `user_addresses` VALUES ('182', '90', '北京市', '市辖区', '东城区', '第31街道第661号', '654800', '屠振国', '17005892302', null, '2019-06-14 10:41:24', '2019-06-14 10:41:24');
INSERT INTO `user_addresses` VALUES ('183', '91', '江苏省', '苏州市', '相城区', '第40街道第522号', '62100', '邬博', '15708428144', null, '2019-06-14 10:41:24', '2019-06-14 10:41:24');
INSERT INTO `user_addresses` VALUES ('184', '91', '河北省', '石家庄市', '长安区', '第62街道第706号', '702700', '钱瑞', '17760485003', null, '2019-06-14 10:41:24', '2019-06-14 10:41:24');
INSERT INTO `user_addresses` VALUES ('185', '92', '广东省', '深圳市', '福田区', '第26街道第896号', '486100', '唐萍', '13654620585', null, '2019-06-14 10:41:24', '2019-06-14 10:41:24');
INSERT INTO `user_addresses` VALUES ('186', '93', '江苏省', '南京市', '浦口区', '第98街道第999号', '397400', '竺淑英', '13824115965', null, '2019-06-14 10:41:24', '2019-06-14 10:41:24');
INSERT INTO `user_addresses` VALUES ('187', '93', '江苏省', '苏州市', '相城区', '第80街道第373号', '608000', '张文君', '18301648574', null, '2019-06-14 10:41:24', '2019-06-14 10:41:24');
INSERT INTO `user_addresses` VALUES ('188', '93', '北京市', '市辖区', '东城区', '第29街道第74号', '357600', '薛桂英', '18220337063', null, '2019-06-14 10:41:24', '2019-06-14 10:41:24');
INSERT INTO `user_addresses` VALUES ('189', '94', '江苏省', '南京市', '浦口区', '第83街道第478号', '358000', '和秀梅', '17199974691', null, '2019-06-14 10:41:24', '2019-06-14 10:41:24');
INSERT INTO `user_addresses` VALUES ('190', '94', '江苏省', '苏州市', '相城区', '第90街道第984号', '233400', '银军', '17671884901', null, '2019-06-14 10:41:24', '2019-06-14 10:41:24');
INSERT INTO `user_addresses` VALUES ('191', '95', '江苏省', '苏州市', '相城区', '第53街道第440号', '815700', '薄洋', '13189845379', null, '2019-06-14 10:41:24', '2019-06-14 10:41:24');
INSERT INTO `user_addresses` VALUES ('192', '96', '北京市', '市辖区', '东城区', '第21街道第501号', '802000', '苗宁', '13525157135', null, '2019-06-14 10:41:24', '2019-06-14 10:41:24');
INSERT INTO `user_addresses` VALUES ('193', '97', '河北省', '石家庄市', '长安区', '第28街道第250号', '696100', '林子安', '13891806995', null, '2019-06-14 10:41:24', '2019-06-14 10:41:24');
INSERT INTO `user_addresses` VALUES ('194', '97', '河北省', '石家庄市', '长安区', '第87街道第217号', '682900', '史馨予', '15197801771', null, '2019-06-14 10:41:24', '2019-06-14 10:41:24');
INSERT INTO `user_addresses` VALUES ('195', '98', '北京市', '市辖区', '东城区', '第79街道第655号', '153000', '岳斌', '13399493084', null, '2019-06-14 10:41:24', '2019-06-14 10:41:24');
INSERT INTO `user_addresses` VALUES ('196', '99', '江苏省', '南京市', '浦口区', '第22街道第74号', '523800', '畅瑞', '13788390642', null, '2019-06-14 10:41:24', '2019-06-14 10:41:24');
INSERT INTO `user_addresses` VALUES ('197', '100', '江苏省', '南京市', '浦口区', '第39街道第596号', '447200', '于洁', '17656198796', null, '2019-06-14 10:41:24', '2019-06-14 10:41:24');
INSERT INTO `user_addresses` VALUES ('198', '100', '江苏省', '南京市', '浦口区', '第63街道第414号', '373400', '连君', '15941459824', null, '2019-06-14 10:41:24', '2019-06-14 10:41:24');
INSERT INTO `user_addresses` VALUES ('199', '100', '广东省', '深圳市', '福田区', '第77街道第44号', '216000', '薛晨', '17088491987', null, '2019-06-14 10:41:24', '2019-06-14 10:41:24');
INSERT INTO `user_addresses` VALUES ('200', '101', '广东省', '深圳市', '宝安区', '西乡街道南昌新村', '602700', '小汪', '13058789211', '2019-07-09 09:48:05', '2019-06-17 01:57:31', '2019-07-09 09:48:05');

-- ----------------------------
-- Table structure for user_favorite_products
-- ----------------------------
DROP TABLE IF EXISTS `user_favorite_products`;
CREATE TABLE `user_favorite_products` (
  `id` bigint(20) unsigned NOT NULL AUTO_INCREMENT,
  `user_id` bigint(20) unsigned NOT NULL,
  `product_id` bigint(20) unsigned NOT NULL,
  `created_at` timestamp NULL DEFAULT NULL,
  `updated_at` timestamp NULL DEFAULT NULL,
  PRIMARY KEY (`id`),
  KEY `user_favorite_products_user_id_foreign` (`user_id`),
  KEY `user_favorite_products_product_id_foreign` (`product_id`),
  CONSTRAINT `user_favorite_products_product_id_foreign` FOREIGN KEY (`product_id`) REFERENCES `products` (`id`) ON DELETE CASCADE,
  CONSTRAINT `user_favorite_products_user_id_foreign` FOREIGN KEY (`user_id`) REFERENCES `users` (`id`) ON DELETE CASCADE
) ENGINE=InnoDB DEFAULT CHARSET=utf8mb4 COLLATE=utf8mb4_unicode_ci;

-- ----------------------------
-- Records of user_favorite_products
-- ----------------------------

-- ----------------------------
-- Table structure for users
-- ----------------------------
DROP TABLE IF EXISTS `users`;
CREATE TABLE `users` (
  `id` bigint(20) unsigned NOT NULL AUTO_INCREMENT,
  `name` varchar(255) COLLATE utf8mb4_unicode_ci NOT NULL,
  `email` varchar(255) COLLATE utf8mb4_unicode_ci NOT NULL,
  `email_verified_at` timestamp NULL DEFAULT NULL,
  `password` varchar(255) COLLATE utf8mb4_unicode_ci NOT NULL,
  `remember_token` varchar(100) COLLATE utf8mb4_unicode_ci DEFAULT NULL,
  `created_at` timestamp NULL DEFAULT NULL,
  `updated_at` timestamp NULL DEFAULT NULL,
  PRIMARY KEY (`id`),
  UNIQUE KEY `users_email_unique` (`email`)
) ENGINE=InnoDB AUTO_INCREMENT=102 DEFAULT CHARSET=utf8mb4 COLLATE=utf8mb4_unicode_ci;

-- ----------------------------
-- Records of users
-- ----------------------------
INSERT INTO `users` VALUES ('1', '霍鑫', 'minima.ut@example.net', '2019-06-14 10:41:22', '$2y$10$92IXUNpkjO0rOQ5byMi.Ye4oKoEa3Ro9llC/.og/at2.uheWG/igi', 'PW55IWYo5kE23zlVdJNPHeKEWWJyw5ASu74C5drC7G9MXP70clYbXmrzw32P', '2019-06-14 10:41:22', '2019-06-14 10:41:22');
INSERT INTO `users` VALUES ('2', '白瑜', 'usimilique@example.net', '2019-06-14 10:41:22', '$2y$10$92IXUNpkjO0rOQ5byMi.Ye4oKoEa3Ro9llC/.og/at2.uheWG/igi', 'wxTx8197B0', '2019-06-14 10:41:22', '2019-06-14 10:41:22');
INSERT INTO `users` VALUES ('3', '龙阳', 'maxime_at@example.com', '2019-06-14 10:41:22', '$2y$10$92IXUNpkjO0rOQ5byMi.Ye4oKoEa3Ro9llC/.og/at2.uheWG/igi', 'yceUKUAhTU', '2019-06-14 10:41:22', '2019-06-14 10:41:22');
INSERT INTO `users` VALUES ('4', '封凤兰', 'nnostrum@example.org', '2019-06-14 10:41:22', '$2y$10$92IXUNpkjO0rOQ5byMi.Ye4oKoEa3Ro9llC/.og/at2.uheWG/igi', 'oKUIcot1W0', '2019-06-14 10:41:22', '2019-06-14 10:41:22');
INSERT INTO `users` VALUES ('5', '柏瑜', 'kdolor@example.org', '2019-06-14 10:41:22', '$2y$10$92IXUNpkjO0rOQ5byMi.Ye4oKoEa3Ro9llC/.og/at2.uheWG/igi', 'nZhoVcf3p7', '2019-06-14 10:41:22', '2019-06-14 10:41:22');
INSERT INTO `users` VALUES ('6', '冯淑珍', 'odio.illo@example.org', '2019-06-14 10:41:22', '$2y$10$92IXUNpkjO0rOQ5byMi.Ye4oKoEa3Ro9llC/.og/at2.uheWG/igi', '9NnukIO9Fx', '2019-06-14 10:41:22', '2019-06-14 10:41:22');
INSERT INTO `users` VALUES ('7', '沉秀英', 'perferendis.illo@example.net', '2019-06-14 10:41:22', '$2y$10$92IXUNpkjO0rOQ5byMi.Ye4oKoEa3Ro9llC/.og/at2.uheWG/igi', 'o5fvNf8oaN', '2019-06-14 10:41:22', '2019-06-14 10:41:22');
INSERT INTO `users` VALUES ('8', '叶琴', 'et.harum@example.com', '2019-06-14 10:41:22', '$2y$10$92IXUNpkjO0rOQ5byMi.Ye4oKoEa3Ro9llC/.og/at2.uheWG/igi', 'O4PT46Xoye', '2019-06-14 10:41:22', '2019-06-14 10:41:22');
INSERT INTO `users` VALUES ('9', '范杨', 'velit_quidem@example.net', '2019-06-14 10:41:22', '$2y$10$92IXUNpkjO0rOQ5byMi.Ye4oKoEa3Ro9llC/.og/at2.uheWG/igi', 'xYdxc5Bxiv', '2019-06-14 10:41:22', '2019-06-14 10:41:22');
INSERT INTO `users` VALUES ('10', '花楼', 'iure77@example.com', '2019-06-14 10:41:22', '$2y$10$92IXUNpkjO0rOQ5byMi.Ye4oKoEa3Ro9llC/.og/at2.uheWG/igi', '4h4E1lTWqn', '2019-06-14 10:41:22', '2019-06-14 10:41:22');
INSERT INTO `users` VALUES ('11', '时辉', 'aut_adipisci@example.com', '2019-06-14 10:41:22', '$2y$10$92IXUNpkjO0rOQ5byMi.Ye4oKoEa3Ro9llC/.og/at2.uheWG/igi', 'F8uPcrC9vy', '2019-06-14 10:41:22', '2019-06-14 10:41:22');
INSERT INTO `users` VALUES ('12', '叶帅', 'beatae_omnis@example.com', '2019-06-14 10:41:22', '$2y$10$92IXUNpkjO0rOQ5byMi.Ye4oKoEa3Ro9llC/.og/at2.uheWG/igi', 'FVuvX3a3q1', '2019-06-14 10:41:22', '2019-06-14 10:41:22');
INSERT INTO `users` VALUES ('13', '程志新', 'qui_deserunt@example.com', '2019-06-14 10:41:22', '$2y$10$92IXUNpkjO0rOQ5byMi.Ye4oKoEa3Ro9llC/.og/at2.uheWG/igi', '3Hzcdm6L4K', '2019-06-14 10:41:22', '2019-06-14 10:41:22');
INSERT INTO `users` VALUES ('14', '席智明', 'sed75@example.net', '2019-06-14 10:41:22', '$2y$10$92IXUNpkjO0rOQ5byMi.Ye4oKoEa3Ro9llC/.og/at2.uheWG/igi', 'FTTPw6w3ox', '2019-06-14 10:41:22', '2019-06-14 10:41:22');
INSERT INTO `users` VALUES ('15', '鲍君', 'fuga_sapiente@example.org', '2019-06-14 10:41:22', '$2y$10$92IXUNpkjO0rOQ5byMi.Ye4oKoEa3Ro9llC/.og/at2.uheWG/igi', '8SlJnRKSzP', '2019-06-14 10:41:22', '2019-06-14 10:41:22');
INSERT INTO `users` VALUES ('16', '华林', 'maiores52@example.net', '2019-06-14 10:41:22', '$2y$10$92IXUNpkjO0rOQ5byMi.Ye4oKoEa3Ro9llC/.og/at2.uheWG/igi', 'AbopvajluP', '2019-06-14 10:41:22', '2019-06-14 10:41:22');
INSERT INTO `users` VALUES ('17', '阎君', 'sed.qui@example.org', '2019-06-14 10:41:22', '$2y$10$92IXUNpkjO0rOQ5byMi.Ye4oKoEa3Ro9llC/.og/at2.uheWG/igi', 'ZqWEqT0mZA', '2019-06-14 10:41:22', '2019-06-14 10:41:22');
INSERT INTO `users` VALUES ('18', '李勇', 'pid@example.net', '2019-06-14 10:41:22', '$2y$10$92IXUNpkjO0rOQ5byMi.Ye4oKoEa3Ro9llC/.og/at2.uheWG/igi', 'u3sEEfT1RJ', '2019-06-14 10:41:22', '2019-06-14 10:41:22');
INSERT INTO `users` VALUES ('19', '章欣', 'knumquam@example.org', '2019-06-14 10:41:22', '$2y$10$92IXUNpkjO0rOQ5byMi.Ye4oKoEa3Ro9llC/.og/at2.uheWG/igi', 'UFrNrFsojP', '2019-06-14 10:41:22', '2019-06-14 10:41:22');
INSERT INTO `users` VALUES ('20', '来洁', 'numquam_repudiandae@example.org', '2019-06-14 10:41:22', '$2y$10$92IXUNpkjO0rOQ5byMi.Ye4oKoEa3Ro9llC/.og/at2.uheWG/igi', 'B7MoVmulFB', '2019-06-14 10:41:22', '2019-06-14 10:41:22');
INSERT INTO `users` VALUES ('21', '金佳', 'libero_voluptatum@example.com', '2019-06-14 10:41:22', '$2y$10$92IXUNpkjO0rOQ5byMi.Ye4oKoEa3Ro9llC/.og/at2.uheWG/igi', 'WFdvd5GKy9', '2019-06-14 10:41:22', '2019-06-14 10:41:22');
INSERT INTO `users` VALUES ('22', '仲亮', 'molestias_ad@example.net', '2019-06-14 10:41:22', '$2y$10$92IXUNpkjO0rOQ5byMi.Ye4oKoEa3Ro9llC/.og/at2.uheWG/igi', 'Db86QRf9nX', '2019-06-14 10:41:22', '2019-06-14 10:41:22');
INSERT INTO `users` VALUES ('23', '曲嘉', 'pporro@example.net', '2019-06-14 10:41:22', '$2y$10$92IXUNpkjO0rOQ5byMi.Ye4oKoEa3Ro9llC/.og/at2.uheWG/igi', 'AxulD5pRNy', '2019-06-14 10:41:22', '2019-06-14 10:41:22');
INSERT INTO `users` VALUES ('24', '丛松', 'nulla_molestiae@example.com', '2019-06-14 10:41:22', '$2y$10$92IXUNpkjO0rOQ5byMi.Ye4oKoEa3Ro9llC/.og/at2.uheWG/igi', 'iMMcRvmIEC', '2019-06-14 10:41:22', '2019-06-14 10:41:22');
INSERT INTO `users` VALUES ('25', '彭成', 'qlaborum@example.org', '2019-06-14 10:41:22', '$2y$10$92IXUNpkjO0rOQ5byMi.Ye4oKoEa3Ro9llC/.og/at2.uheWG/igi', 'hB27LsCt4c', '2019-06-14 10:41:22', '2019-06-14 10:41:22');
INSERT INTO `users` VALUES ('26', '江帅', 'exercitationem_atque@example.net', '2019-06-14 10:41:22', '$2y$10$92IXUNpkjO0rOQ5byMi.Ye4oKoEa3Ro9llC/.og/at2.uheWG/igi', '009XoxVqVs', '2019-06-14 10:41:22', '2019-06-14 10:41:22');
INSERT INTO `users` VALUES ('27', '郑红霞', 'ipsa.consectetur@example.com', '2019-06-14 10:41:22', '$2y$10$92IXUNpkjO0rOQ5byMi.Ye4oKoEa3Ro9llC/.og/at2.uheWG/igi', 'x8wS5gabcX', '2019-06-14 10:41:22', '2019-06-14 10:41:22');
INSERT INTO `users` VALUES ('28', '保建军', 'optio_deleniti@example.com', '2019-06-14 10:41:22', '$2y$10$92IXUNpkjO0rOQ5byMi.Ye4oKoEa3Ro9llC/.og/at2.uheWG/igi', 'VRq7EfAjzK', '2019-06-14 10:41:22', '2019-06-14 10:41:22');
INSERT INTO `users` VALUES ('29', '冼敏', 'tenetur_autem@example.org', '2019-06-14 10:41:22', '$2y$10$92IXUNpkjO0rOQ5byMi.Ye4oKoEa3Ro9llC/.og/at2.uheWG/igi', 'EnxPiE73cd', '2019-06-14 10:41:22', '2019-06-14 10:41:22');
INSERT INTO `users` VALUES ('30', '余怡', 'officiis_quo@example.com', '2019-06-14 10:41:22', '$2y$10$92IXUNpkjO0rOQ5byMi.Ye4oKoEa3Ro9llC/.og/at2.uheWG/igi', 'MIzpkEzw9m', '2019-06-14 10:41:22', '2019-06-14 10:41:22');
INSERT INTO `users` VALUES ('31', '都毅', 'quis.atque@example.com', '2019-06-14 10:41:22', '$2y$10$92IXUNpkjO0rOQ5byMi.Ye4oKoEa3Ro9llC/.og/at2.uheWG/igi', 'eBj7foz3i0', '2019-06-14 10:41:22', '2019-06-14 10:41:22');
INSERT INTO `users` VALUES ('32', '樊佳', 'zeius@example.net', '2019-06-14 10:41:22', '$2y$10$92IXUNpkjO0rOQ5byMi.Ye4oKoEa3Ro9llC/.og/at2.uheWG/igi', 'r1EYjehvcj', '2019-06-14 10:41:22', '2019-06-14 10:41:22');
INSERT INTO `users` VALUES ('33', '杜鹰', 'enim.perferendis@example.org', '2019-06-14 10:41:22', '$2y$10$92IXUNpkjO0rOQ5byMi.Ye4oKoEa3Ro9llC/.og/at2.uheWG/igi', 'Mj0owV8XUP', '2019-06-14 10:41:22', '2019-06-14 10:41:22');
INSERT INTO `users` VALUES ('34', '袁毅', 'totam.et@example.net', '2019-06-14 10:41:22', '$2y$10$92IXUNpkjO0rOQ5byMi.Ye4oKoEa3Ro9llC/.og/at2.uheWG/igi', 'ZUroDzIT6W', '2019-06-14 10:41:22', '2019-06-14 10:41:22');
INSERT INTO `users` VALUES ('35', '蒙军', 'ex.excepturi@example.org', '2019-06-14 10:41:22', '$2y$10$92IXUNpkjO0rOQ5byMi.Ye4oKoEa3Ro9llC/.og/at2.uheWG/igi', 'aZN61EHacU', '2019-06-14 10:41:22', '2019-06-14 10:41:22');
INSERT INTO `users` VALUES ('36', '隋明霞', 'rerum.consequuntur@example.org', '2019-06-14 10:41:22', '$2y$10$92IXUNpkjO0rOQ5byMi.Ye4oKoEa3Ro9llC/.og/at2.uheWG/igi', 'rjAaE48vDD', '2019-06-14 10:41:22', '2019-06-14 10:41:22');
INSERT INTO `users` VALUES ('37', '毛兰英', 'oiure@example.org', '2019-06-14 10:41:22', '$2y$10$92IXUNpkjO0rOQ5byMi.Ye4oKoEa3Ro9llC/.og/at2.uheWG/igi', '4JlG7yiqSq', '2019-06-14 10:41:22', '2019-06-14 10:41:22');
INSERT INTO `users` VALUES ('38', '鞠娟', 'rem05@example.net', '2019-06-14 10:41:22', '$2y$10$92IXUNpkjO0rOQ5byMi.Ye4oKoEa3Ro9llC/.og/at2.uheWG/igi', 'S9YxipycgF', '2019-06-14 10:41:22', '2019-06-14 10:41:22');
INSERT INTO `users` VALUES ('39', '木全安', 'laudantium_distinctio@example.org', '2019-06-14 10:41:22', '$2y$10$92IXUNpkjO0rOQ5byMi.Ye4oKoEa3Ro9llC/.og/at2.uheWG/igi', '3HQjqRiFFZ', '2019-06-14 10:41:22', '2019-06-14 10:41:22');
INSERT INTO `users` VALUES ('40', '杨勇', 'dolore_ut@example.net', '2019-06-14 10:41:22', '$2y$10$92IXUNpkjO0rOQ5byMi.Ye4oKoEa3Ro9llC/.og/at2.uheWG/igi', 'pQcYBQhHdB', '2019-06-14 10:41:22', '2019-06-14 10:41:22');
INSERT INTO `users` VALUES ('41', '简瑞', 'reiciendis.dolorem@example.org', '2019-06-14 10:41:22', '$2y$10$92IXUNpkjO0rOQ5byMi.Ye4oKoEa3Ro9llC/.og/at2.uheWG/igi', 'AGzQf0i1US', '2019-06-14 10:41:22', '2019-06-14 10:41:22');
INSERT INTO `users` VALUES ('42', '庞建', 'uculpa@example.net', '2019-06-14 10:41:22', '$2y$10$92IXUNpkjO0rOQ5byMi.Ye4oKoEa3Ro9llC/.og/at2.uheWG/igi', 'dlxnhEh6Mq', '2019-06-14 10:41:22', '2019-06-14 10:41:22');
INSERT INTO `users` VALUES ('43', '冀璐', 'est_perferendis@example.com', '2019-06-14 10:41:22', '$2y$10$92IXUNpkjO0rOQ5byMi.Ye4oKoEa3Ro9llC/.og/at2.uheWG/igi', '5qmY05DsRH', '2019-06-14 10:41:22', '2019-06-14 10:41:22');
INSERT INTO `users` VALUES ('44', '钟萍', 'animi.dicta@example.net', '2019-06-14 10:41:22', '$2y$10$92IXUNpkjO0rOQ5byMi.Ye4oKoEa3Ro9llC/.og/at2.uheWG/igi', 'ck8rMATiz0', '2019-06-14 10:41:22', '2019-06-14 10:41:22');
INSERT INTO `users` VALUES ('45', '焦兰英', 'anatus@example.com', '2019-06-14 10:41:22', '$2y$10$92IXUNpkjO0rOQ5byMi.Ye4oKoEa3Ro9llC/.og/at2.uheWG/igi', 'PFKdsXNv77', '2019-06-14 10:41:22', '2019-06-14 10:41:22');
INSERT INTO `users` VALUES ('46', '鲁丽', 'aut_mollitia@example.com', '2019-06-14 10:41:22', '$2y$10$92IXUNpkjO0rOQ5byMi.Ye4oKoEa3Ro9llC/.og/at2.uheWG/igi', 'bbJYGEGnbE', '2019-06-14 10:41:22', '2019-06-14 10:41:22');
INSERT INTO `users` VALUES ('47', '蔡智渊', 'possimus.voluptas@example.com', '2019-06-14 10:41:22', '$2y$10$92IXUNpkjO0rOQ5byMi.Ye4oKoEa3Ro9llC/.og/at2.uheWG/igi', 'j7uZXZ5tVc', '2019-06-14 10:41:22', '2019-06-14 10:41:22');
INSERT INTO `users` VALUES ('48', '花宇', 'somnis@example.net', '2019-06-14 10:41:22', '$2y$10$92IXUNpkjO0rOQ5byMi.Ye4oKoEa3Ro9llC/.og/at2.uheWG/igi', 'HqyqKfEiIW', '2019-06-14 10:41:22', '2019-06-14 10:41:22');
INSERT INTO `users` VALUES ('49', '汪博涛', 'fuga_exercitationem@example.org', '2019-06-14 10:41:22', '$2y$10$92IXUNpkjO0rOQ5byMi.Ye4oKoEa3Ro9llC/.og/at2.uheWG/igi', '30wIFnuCDA', '2019-06-14 10:41:22', '2019-06-14 10:41:22');
INSERT INTO `users` VALUES ('50', '屈玉兰', 'cupiditate.assumenda@example.com', '2019-06-14 10:41:22', '$2y$10$92IXUNpkjO0rOQ5byMi.Ye4oKoEa3Ro9llC/.og/at2.uheWG/igi', 'efoxTezres', '2019-06-14 10:41:22', '2019-06-14 10:41:22');
INSERT INTO `users` VALUES ('51', '原腊梅', 'bnatus@example.com', '2019-06-14 10:41:22', '$2y$10$92IXUNpkjO0rOQ5byMi.Ye4oKoEa3Ro9llC/.og/at2.uheWG/igi', 'QtT1dPGGPw', '2019-06-14 10:41:22', '2019-06-14 10:41:22');
INSERT INTO `users` VALUES ('52', '巩智明', 'fsoluta@example.org', '2019-06-14 10:41:22', '$2y$10$92IXUNpkjO0rOQ5byMi.Ye4oKoEa3Ro9llC/.og/at2.uheWG/igi', 'x7tfDGXF5F', '2019-06-14 10:41:22', '2019-06-14 10:41:22');
INSERT INTO `users` VALUES ('53', '巩倩', 'excepturi09@example.com', '2019-06-14 10:41:22', '$2y$10$92IXUNpkjO0rOQ5byMi.Ye4oKoEa3Ro9llC/.og/at2.uheWG/igi', 'hSaa2V22HQ', '2019-06-14 10:41:22', '2019-06-14 10:41:22');
INSERT INTO `users` VALUES ('54', '古欣', 'natus_temporibus@example.com', '2019-06-14 10:41:22', '$2y$10$92IXUNpkjO0rOQ5byMi.Ye4oKoEa3Ro9llC/.og/at2.uheWG/igi', 'efFaeQTEM9', '2019-06-14 10:41:22', '2019-06-14 10:41:22');
INSERT INTO `users` VALUES ('55', '朱峰', 'qest@example.com', '2019-06-14 10:41:22', '$2y$10$92IXUNpkjO0rOQ5byMi.Ye4oKoEa3Ro9llC/.og/at2.uheWG/igi', 'XJdYWU8XsP', '2019-06-14 10:41:22', '2019-06-14 10:41:22');
INSERT INTO `users` VALUES ('56', '唐宁', 'aut22@example.net', '2019-06-14 10:41:22', '$2y$10$92IXUNpkjO0rOQ5byMi.Ye4oKoEa3Ro9llC/.og/at2.uheWG/igi', 'iGQ9qPxA5m', '2019-06-14 10:41:22', '2019-06-14 10:41:22');
INSERT INTO `users` VALUES ('57', '沿建平', 'aperiam_ut@example.org', '2019-06-14 10:41:22', '$2y$10$92IXUNpkjO0rOQ5byMi.Ye4oKoEa3Ro9llC/.og/at2.uheWG/igi', '899GhCtyqm', '2019-06-14 10:41:22', '2019-06-14 10:41:22');
INSERT INTO `users` VALUES ('58', '谌建', 'vsed@example.com', '2019-06-14 10:41:22', '$2y$10$92IXUNpkjO0rOQ5byMi.Ye4oKoEa3Ro9llC/.og/at2.uheWG/igi', 'sV6WzcTJPR', '2019-06-14 10:41:22', '2019-06-14 10:41:22');
INSERT INTO `users` VALUES ('59', '柏丽娟', 'suscipit.ut@example.com', '2019-06-14 10:41:22', '$2y$10$92IXUNpkjO0rOQ5byMi.Ye4oKoEa3Ro9llC/.og/at2.uheWG/igi', 'dMIXD1E41E', '2019-06-14 10:41:22', '2019-06-14 10:41:22');
INSERT INTO `users` VALUES ('60', '祁磊', 'labore_quia@example.net', '2019-06-14 10:41:22', '$2y$10$92IXUNpkjO0rOQ5byMi.Ye4oKoEa3Ro9llC/.og/at2.uheWG/igi', 'iGJTiLaa0c', '2019-06-14 10:41:22', '2019-06-14 10:41:22');
INSERT INTO `users` VALUES ('61', '牛建', 'autem42@example.net', '2019-06-14 10:41:22', '$2y$10$92IXUNpkjO0rOQ5byMi.Ye4oKoEa3Ro9llC/.og/at2.uheWG/igi', 'BQT4YrMqC0', '2019-06-14 10:41:22', '2019-06-14 10:41:22');
INSERT INTO `users` VALUES ('62', '欧阳琴', 'laboriosam_aut@example.net', '2019-06-14 10:41:22', '$2y$10$92IXUNpkjO0rOQ5byMi.Ye4oKoEa3Ro9llC/.og/at2.uheWG/igi', 'lEPSUSuBlp', '2019-06-14 10:41:22', '2019-06-14 10:41:22');
INSERT INTO `users` VALUES ('63', '颜昱然', 'vero06@example.org', '2019-06-14 10:41:22', '$2y$10$92IXUNpkjO0rOQ5byMi.Ye4oKoEa3Ro9llC/.og/at2.uheWG/igi', 'dT5LQfv89m', '2019-06-14 10:41:22', '2019-06-14 10:41:22');
INSERT INTO `users` VALUES ('64', '单宁', 'aliquid49@example.net', '2019-06-14 10:41:22', '$2y$10$92IXUNpkjO0rOQ5byMi.Ye4oKoEa3Ro9llC/.og/at2.uheWG/igi', 'aZRelWEHFP', '2019-06-14 10:41:22', '2019-06-14 10:41:22');
INSERT INTO `users` VALUES ('65', '丁瑶', 'ycorporis@example.org', '2019-06-14 10:41:22', '$2y$10$92IXUNpkjO0rOQ5byMi.Ye4oKoEa3Ro9llC/.og/at2.uheWG/igi', 'ypSCgkU6Mn', '2019-06-14 10:41:22', '2019-06-14 10:41:22');
INSERT INTO `users` VALUES ('66', '都芬', 'sconsequuntur@example.com', '2019-06-14 10:41:22', '$2y$10$92IXUNpkjO0rOQ5byMi.Ye4oKoEa3Ro9llC/.og/at2.uheWG/igi', 'CxhKKqRoaC', '2019-06-14 10:41:22', '2019-06-14 10:41:22');
INSERT INTO `users` VALUES ('67', '蒙文', 'mdebitis@example.org', '2019-06-14 10:41:22', '$2y$10$92IXUNpkjO0rOQ5byMi.Ye4oKoEa3Ro9llC/.og/at2.uheWG/igi', 'YZO91xL2UI', '2019-06-14 10:41:22', '2019-06-14 10:41:22');
INSERT INTO `users` VALUES ('68', '银冰冰', 'accusamus_laudantium@example.net', '2019-06-14 10:41:22', '$2y$10$92IXUNpkjO0rOQ5byMi.Ye4oKoEa3Ro9llC/.og/at2.uheWG/igi', 'spTsl09kva', '2019-06-14 10:41:22', '2019-06-14 10:41:22');
INSERT INTO `users` VALUES ('69', '房丽丽', 'fitaque@example.org', '2019-06-14 10:41:22', '$2y$10$92IXUNpkjO0rOQ5byMi.Ye4oKoEa3Ro9llC/.og/at2.uheWG/igi', 'rUBrVtQ5Tn', '2019-06-14 10:41:22', '2019-06-14 10:41:22');
INSERT INTO `users` VALUES ('70', '保娜', 'numquam.aperiam@example.com', '2019-06-14 10:41:22', '$2y$10$92IXUNpkjO0rOQ5byMi.Ye4oKoEa3Ro9llC/.og/at2.uheWG/igi', '7aeYfG6TMP', '2019-06-14 10:41:22', '2019-06-14 10:41:22');
INSERT INTO `users` VALUES ('71', '迟琳', 'squam@example.com', '2019-06-14 10:41:22', '$2y$10$92IXUNpkjO0rOQ5byMi.Ye4oKoEa3Ro9llC/.og/at2.uheWG/igi', 'ljcUiFABMt', '2019-06-14 10:41:22', '2019-06-14 10:41:22');
INSERT INTO `users` VALUES ('72', '景丽', 'non10@example.org', '2019-06-14 10:41:22', '$2y$10$92IXUNpkjO0rOQ5byMi.Ye4oKoEa3Ro9llC/.og/at2.uheWG/igi', 'Pr6mO7ONOF', '2019-06-14 10:41:22', '2019-06-14 10:41:22');
INSERT INTO `users` VALUES ('73', '扬勇', 'iste09@example.org', '2019-06-14 10:41:22', '$2y$10$92IXUNpkjO0rOQ5byMi.Ye4oKoEa3Ro9llC/.og/at2.uheWG/igi', 'GvZB83WYGz', '2019-06-14 10:41:22', '2019-06-14 10:41:22');
INSERT INTO `users` VALUES ('74', '司志新', 'uqui@example.net', '2019-06-14 10:41:22', '$2y$10$92IXUNpkjO0rOQ5byMi.Ye4oKoEa3Ro9llC/.og/at2.uheWG/igi', 'ddQbB68V5y', '2019-06-14 10:41:23', '2019-06-14 10:41:23');
INSERT INTO `users` VALUES ('75', '薛涛', 'nesciunt45@example.net', '2019-06-14 10:41:22', '$2y$10$92IXUNpkjO0rOQ5byMi.Ye4oKoEa3Ro9llC/.og/at2.uheWG/igi', 'I4k3QfaAaw', '2019-06-14 10:41:23', '2019-06-14 10:41:23');
INSERT INTO `users` VALUES ('76', '翟春梅', 'dolorum27@example.org', '2019-06-14 10:41:22', '$2y$10$92IXUNpkjO0rOQ5byMi.Ye4oKoEa3Ro9llC/.og/at2.uheWG/igi', 't1yYEwLqsL', '2019-06-14 10:41:23', '2019-06-14 10:41:23');
INSERT INTO `users` VALUES ('77', '林龙', 'quasi_et@example.com', '2019-06-14 10:41:22', '$2y$10$92IXUNpkjO0rOQ5byMi.Ye4oKoEa3Ro9llC/.og/at2.uheWG/igi', 'KOb614SdwL', '2019-06-14 10:41:23', '2019-06-14 10:41:23');
INSERT INTO `users` VALUES ('78', '陈浩', 'id35@example.net', '2019-06-14 10:41:22', '$2y$10$92IXUNpkjO0rOQ5byMi.Ye4oKoEa3Ro9llC/.og/at2.uheWG/igi', '84tPMIy09k', '2019-06-14 10:41:23', '2019-06-14 10:41:23');
INSERT INTO `users` VALUES ('79', '迟平', 'rem72@example.net', '2019-06-14 10:41:22', '$2y$10$92IXUNpkjO0rOQ5byMi.Ye4oKoEa3Ro9llC/.og/at2.uheWG/igi', 'kgc4HHAvdR', '2019-06-14 10:41:23', '2019-06-14 10:41:23');
INSERT INTO `users` VALUES ('80', '顾珺', 'wvoluptatem@example.com', '2019-06-14 10:41:22', '$2y$10$92IXUNpkjO0rOQ5byMi.Ye4oKoEa3Ro9llC/.og/at2.uheWG/igi', '4JJBZID3qo', '2019-06-14 10:41:23', '2019-06-14 10:41:23');
INSERT INTO `users` VALUES ('81', '穆利', 'perferendis.dolorem@example.com', '2019-06-14 10:41:22', '$2y$10$92IXUNpkjO0rOQ5byMi.Ye4oKoEa3Ro9llC/.og/at2.uheWG/igi', 'tOk5wfukxs', '2019-06-14 10:41:23', '2019-06-14 10:41:23');
INSERT INTO `users` VALUES ('82', '赵国庆', 'cumque.voluptas@example.org', '2019-06-14 10:41:22', '$2y$10$92IXUNpkjO0rOQ5byMi.Ye4oKoEa3Ro9llC/.og/at2.uheWG/igi', '40VS2OyShM', '2019-06-14 10:41:23', '2019-06-14 10:41:23');
INSERT INTO `users` VALUES ('83', '路怡', 'quisquam26@example.com', '2019-06-14 10:41:22', '$2y$10$92IXUNpkjO0rOQ5byMi.Ye4oKoEa3Ro9llC/.og/at2.uheWG/igi', 'qDtakvGbVX', '2019-06-14 10:41:23', '2019-06-14 10:41:23');
INSERT INTO `users` VALUES ('84', '季旭', 'aut24@example.net', '2019-06-14 10:41:22', '$2y$10$92IXUNpkjO0rOQ5byMi.Ye4oKoEa3Ro9llC/.og/at2.uheWG/igi', 'tkeSXFRZT3', '2019-06-14 10:41:23', '2019-06-14 10:41:23');
INSERT INTO `users` VALUES ('85', '胡文彬', 'ret@example.com', '2019-06-14 10:41:22', '$2y$10$92IXUNpkjO0rOQ5byMi.Ye4oKoEa3Ro9llC/.og/at2.uheWG/igi', 'p6KVERcHUj', '2019-06-14 10:41:23', '2019-06-14 10:41:23');
INSERT INTO `users` VALUES ('86', '楚洋', 'cumque.architecto@example.net', '2019-06-14 10:41:22', '$2y$10$92IXUNpkjO0rOQ5byMi.Ye4oKoEa3Ro9llC/.og/at2.uheWG/igi', 'qujozJMv8c', '2019-06-14 10:41:23', '2019-06-14 10:41:23');
INSERT INTO `users` VALUES ('87', '谢超', 'quidem_dolorem@example.org', '2019-06-14 10:41:22', '$2y$10$92IXUNpkjO0rOQ5byMi.Ye4oKoEa3Ro9llC/.og/at2.uheWG/igi', 'z4v6Z1ciNp', '2019-06-14 10:41:23', '2019-06-14 10:41:23');
INSERT INTO `users` VALUES ('88', '黄林', 'isuscipit@example.com', '2019-06-14 10:41:22', '$2y$10$92IXUNpkjO0rOQ5byMi.Ye4oKoEa3Ro9llC/.og/at2.uheWG/igi', 'Cg5j4jhvMK', '2019-06-14 10:41:23', '2019-06-14 10:41:23');
INSERT INTO `users` VALUES ('89', '裴楠', 'autem48@example.org', '2019-06-14 10:41:22', '$2y$10$92IXUNpkjO0rOQ5byMi.Ye4oKoEa3Ro9llC/.og/at2.uheWG/igi', 'Q4Pu2NtL1m', '2019-06-14 10:41:23', '2019-06-14 10:41:23');
INSERT INTO `users` VALUES ('90', '时楠', 'culpa75@example.org', '2019-06-14 10:41:22', '$2y$10$92IXUNpkjO0rOQ5byMi.Ye4oKoEa3Ro9llC/.og/at2.uheWG/igi', 'MFoYCfxb6F', '2019-06-14 10:41:23', '2019-06-14 10:41:23');
INSERT INTO `users` VALUES ('91', '王秀芳', 'corporis_aut@example.net', '2019-06-14 10:41:22', '$2y$10$92IXUNpkjO0rOQ5byMi.Ye4oKoEa3Ro9llC/.og/at2.uheWG/igi', 'Ux97raZmY9', '2019-06-14 10:41:23', '2019-06-14 10:41:23');
INSERT INTO `users` VALUES ('92', '齐勇', 'edeserunt@example.org', '2019-06-14 10:41:22', '$2y$10$92IXUNpkjO0rOQ5byMi.Ye4oKoEa3Ro9llC/.og/at2.uheWG/igi', 'sNW5c1QygC', '2019-06-14 10:41:23', '2019-06-14 10:41:23');
INSERT INTO `users` VALUES ('93', '虞瑜', 'at54@example.org', '2019-06-14 10:41:22', '$2y$10$92IXUNpkjO0rOQ5byMi.Ye4oKoEa3Ro9llC/.og/at2.uheWG/igi', 'r3YARM1TU4', '2019-06-14 10:41:23', '2019-06-14 10:41:23');
INSERT INTO `users` VALUES ('94', '梅丹丹', 'consequatur.rerum@example.org', '2019-06-14 10:41:22', '$2y$10$92IXUNpkjO0rOQ5byMi.Ye4oKoEa3Ro9llC/.og/at2.uheWG/igi', 'MFRjuypDNV', '2019-06-14 10:41:23', '2019-06-14 10:41:23');
INSERT INTO `users` VALUES ('95', '郝爱华', 'animi.commodi@example.com', '2019-06-14 10:41:22', '$2y$10$92IXUNpkjO0rOQ5byMi.Ye4oKoEa3Ro9llC/.og/at2.uheWG/igi', '9QShJwJOxP', '2019-06-14 10:41:23', '2019-06-14 10:41:23');
INSERT INTO `users` VALUES ('96', '鲍慧', 'a.id@example.com', '2019-06-14 10:41:22', '$2y$10$92IXUNpkjO0rOQ5byMi.Ye4oKoEa3Ro9llC/.og/at2.uheWG/igi', 'ieAQHYgA7H', '2019-06-14 10:41:23', '2019-06-14 10:41:23');
INSERT INTO `users` VALUES ('97', '毛玉英', 'dquam@example.org', '2019-06-14 10:41:22', '$2y$10$92IXUNpkjO0rOQ5byMi.Ye4oKoEa3Ro9llC/.og/at2.uheWG/igi', '1OnKQKPGbo', '2019-06-14 10:41:23', '2019-06-14 10:41:23');
INSERT INTO `users` VALUES ('98', '邵玉华', 'porro03@example.net', '2019-06-14 10:41:22', '$2y$10$92IXUNpkjO0rOQ5byMi.Ye4oKoEa3Ro9llC/.og/at2.uheWG/igi', 'VvqPSajcqu', '2019-06-14 10:41:23', '2019-06-14 10:41:23');
INSERT INTO `users` VALUES ('99', '席明霞', 'modi.ut@example.com', '2019-06-14 10:41:22', '$2y$10$92IXUNpkjO0rOQ5byMi.Ye4oKoEa3Ro9llC/.og/at2.uheWG/igi', 'qiFzC0Oa2D', '2019-06-14 10:41:23', '2019-06-14 10:41:23');
INSERT INTO `users` VALUES ('100', '甄坤', 'autem_voluptatem@example.org', '2019-06-14 10:41:22', '$2y$10$92IXUNpkjO0rOQ5byMi.Ye4oKoEa3Ro9llC/.og/at2.uheWG/igi', 'LFJ8usOzCl', '2019-06-14 10:41:23', '2019-06-14 10:41:23');
INSERT INTO `users` VALUES ('101', 'Leo', 'root@leo108.com', '2019-06-14 10:44:25', '$2y$10$7H81XDzZ6o0AVLJm6OKN8.lc/4vBhGlvLZuycLe2eIPc8xjHIwgcK', 'dKIBBEiTLyLoFabBPX3Fr57FnViPR3vsnuUysRGIJHCKJiKZGQaHk5Ode59h', '2019-06-14 10:43:16', '2019-06-14 10:44:25');
